"Player","Age","Team","Height","Weight","College","Country","draft_year","draft_round","Pos","G","GS","MP","PTS","FG","FGA","FGp","TP","TPA","TPp","FT","FTA","FTp","ORB","DRB","TRB","AST","STL","BLK"
"Luka Dončić",26,"LAL",200.66,104.32616,"","Slovenia","2018","1","PG",64,64,35.8,33.5,10.8,22.8,0.476,4,10.8,0.366,7.9,10.1,0.78,0.6,7.1,7.7,8.3,1.6,0.5
"Shai Gilgeous-Alexander",27,"OKC",198.12,88.45044,"Kentucky","Canada","2018","1","PG",68,68,33.2,31.1,10.8,19.4,0.553,1.7,4.4,0.386,7.9,9,0.879,0.6,3.7,4.3,6.6,1.4,0.8
"Anthony Edwards",24,"MIN",193.04,102.0582,"Georgia","USA","2020","1","SG",61,60,35,28.8,9.9,20.2,0.489,3.4,8.4,0.399,5.7,7.2,0.796,0.6,4.4,5,3.7,1.4,0.8
"Jaylen Brown",29,"BOS",198.12,101.151016,"California","USA","2016","1","SF",71,71,34.4,28.7,10.4,21.7,0.477,2,5.7,0.347,6,7.5,0.795,1.1,5.8,6.9,5.1,1,0.4
"Tyrese Maxey",25,"PHI",187.96,90.7184,"Kentucky","USA","2020","1","PG",70,70,38,28.3,9.9,21.4,0.462,3.1,8.6,0.367,5.3,6,0.892,0.3,3.8,4.1,6.6,1.9,0.8
"Kawhi Leonard",34,"LAC",200.66,102.0582,"San Diego State","USA","2011","1","SF",65,65,32.1,27.9,9.8,19.4,0.505,2.6,6.8,0.387,5.7,6.4,0.892,1.1,5.3,6.4,3.6,1.9,0.4
"Donovan Mitchell",29,"CLE",185.42,97.52228,"Louisville","USA","2017","1","SG",70,70,33.5,27.9,9.7,20,0.483,3.2,8.8,0.364,5.3,6.1,0.865,0.7,3.8,4.5,5.7,1.5,0.3
"Nikola Jokić",30,"DEN",210.82,128.820128,"","Serbia","2014","2","C",65,65,34.8,27.7,9.9,17.4,0.569,1.7,4.5,0.38,6.1,7.4,0.831,3,9.9,12.9,10.7,1.4,0.8
"Giannis Antetokounmpo",31,"MIL",213.36,110.222856,"","Greece","2013","1","PF",36,36,28.9,27.6,10.4,16.6,0.624,0.4,1.3,0.333,6.4,9.9,0.65,2.7,7.1,9.8,5.4,0.9,0.7
"Joel Embiid",31,"PHI",213.36,127.00576,"Kansas","Cameroon","2014","1","C",38,38,31.6,26.9,9,18.3,0.489,1.4,4.2,0.333,7.5,8.8,0.854,2,5.7,7.7,3.9,0.6,1.2
"Lauri Markkanen",28,"UTA",213.36,108.86208,"Arizona","Finland","2017","1","PF",42,42,34.4,26.7,9.1,19.2,0.477,2.7,7.7,0.355,5.7,6.4,0.896,2,4.9,6.9,2.1,1,0.5
"Stephen Curry",37,"GSW",187.96,83.91452,"Davidson","USA","2009","1","PG",43,41,30.9,26.6,8.7,18.6,0.468,4.4,11.3,0.393,4.7,5.1,0.923,0.4,3.2,3.6,4.7,1.1,0.4
"Devin Booker",29,"PHO",195.58,93.439952,"Kentucky","USA","2015","1","SG",64,64,33.5,26.1,8.5,18.7,0.456,1.9,5.8,0.33,7.1,8.1,0.873,0.8,3.1,3.9,6,0.8,0.3
"Jalen Brunson",29,"NYK",187.96,86.18248,"Villanova","USA","2018","2","PG",74,74,35,26,9.3,19.9,0.467,2.6,7.1,0.369,4.8,5.7,0.841,0.4,2.9,3.3,6.8,0.8,0.1
"Kevin Durant",37,"HOU",208.28,108.86208,"Texas","USA","2007","1","SF",78,78,36.4,26,9.2,17.6,0.52,2.4,5.8,0.413,5.2,6,0.874,0.5,4.9,5.5,4.8,0.8,0.9
"Jamal Murray",28,"DEN",193.04,97.52228,"Kentucky","Canada","2016","1","PG",75,75,35.4,25.4,8.8,18.1,0.483,3.3,7.5,0.435,4.6,5.2,0.887,0.4,4,4.4,7.1,0.9,0.4
"Victor Wembanyama",22,"SAS",NA,NA,"","","","","C",64,55,29.2,25,8.6,16.9,0.512,1.9,5.5,0.349,5.8,7,0.827,2,9.5,11.5,3.1,1,3.1
"Deni Avdija",25,"POR",205.74,95.25432,"","Israel","2020","1","SF",66,66,33.3,24.2,7.5,16.1,0.462,1.9,6,0.318,7.4,9.2,0.802,1.1,5.8,6.9,6.7,0.8,0.6
"Michael Porter Jr.",27,"BRK",208.28,98.883056,"Missouri","USA","2018","1","SF",52,52,32.5,24.2,8.5,18.4,0.463,3.4,9.3,0.363,3.8,4.4,0.859,1.3,5.7,7.1,3,1.1,0.3
"Pascal Siakam",31,"IND",203.2,104.32616,"New Mexico State","Cameroon","2016","1","PF",62,62,33.2,24,9,18.6,0.484,1.7,4.7,0.358,4.2,6.1,0.693,1.4,5.2,6.6,3.8,1.1,0.4
"Cade Cunningham",24,"DET",200.66,99.79024,"Oklahoma State","USA","2021","1","PG",64,64,33.9,23.9,8.6,18.6,0.461,2,5.7,0.342,4.8,6,0.812,0.9,4.7,5.5,9.9,1.4,0.8
"James Harden",36,"2TM",195.58,99.79024,"Arizona State","USA","2009","1","PG",70,70,34.8,23.6,7,16,0.434,3.1,8.2,0.375,6.6,7.5,0.884,0.6,4.2,4.8,8,1.1,0.4
"James Harden",36,"LAC",195.58,99.79024,"Arizona State","USA","2009","1","PG",44,44,35.4,25.4,7.3,17.5,0.419,3.1,8.8,0.347,7.7,8.5,0.901,0.6,4.2,4.8,8.1,1.3,0.4
"James Harden",36,"CLE",195.58,99.79024,"Arizona State","USA","2009","1","PG",26,26,33.8,20.5,6.3,13.5,0.466,3.1,7.1,0.435,4.8,5.8,0.84,0.5,4.3,4.8,7.7,0.8,0.5
"Keyonte George",22,"UTA",NA,NA,"","","","","PG",54,54,33.1,23.6,7.4,16.3,0.456,2.5,6.7,0.371,6.2,7,0.892,0.4,3.3,3.7,6.1,1.1,0.3
"Austin Reaves",27,"LAL",195.58,89.357624,"Oklahoma","USA","Undrafted","Undrafted","SG",51,45,34.5,23.3,7.3,14.9,0.49,2.3,6.4,0.36,6.3,7.3,0.871,0.6,4.1,4.7,5.5,1.1,0.4
"Jalen Johnson",24,"ATL",203.2,99.336648,"Duke","USA","2021","1","SF",72,72,35.2,22.5,8.3,17.1,0.489,1.7,4.7,0.352,4.2,5.3,0.788,1.4,8.9,10.3,7.9,1.2,0.4
"Paolo Banchero",23,"ORL",208.28,113.398,"Duke","USA","2022","1","PF",72,72,34.8,22.2,7.3,16,0.459,1.2,3.8,0.305,6.3,8.2,0.775,1.2,7.2,8.4,5.2,0.7,0.6
"Jayson Tatum",27,"BOS",203.2,95.25432,"Duke","USA","2017","1","PF",16,16,32.6,21.8,7.4,17.9,0.411,2.9,8.9,0.329,4.1,4.9,0.823,0.5,9.5,10,5.3,1.4,0.2
"Norman Powell",32,"MIA",193.04,97.52228,"UCLA","USA","2015","2","SG",58,52,29.6,21.7,7.3,15.4,0.47,2.7,7.1,0.38,4.5,5.5,0.827,0.4,3.1,3.5,2.5,1.1,0.2
"Brandon Ingram",28,"TOR",203.2,86.18248,"Duke","USA","2016","1","SF",77,77,33.8,21.5,8,16.7,0.477,1.8,4.6,0.382,3.8,4.6,0.82,0.8,4.8,5.6,3.7,0.8,0.7
"Trey Murphy III",25,"NOP",203.2,93.439952,"Virginia","USA","2021","1","SF",66,66,35.5,21.5,7.5,15.9,0.47,3.2,8.6,0.379,3.3,3.7,0.886,1,4.8,5.7,3.8,1.5,0.4
"Julius Randle",31,"MIN",203.2,113.398,"Kentucky","USA","2014","1","PF",79,79,33,21.1,7.3,15.3,0.481,1.4,4.4,0.315,5,6.3,0.802,1.7,5.1,6.7,5,1.1,0.2
"Cooper Flagg",19,"DAL",NA,NA,"","","","","SF",70,70,33.5,21,8,17.1,0.468,1,3.5,0.295,4,4.9,0.827,1.2,5.4,6.7,4.5,1.2,0.9
"Zion Williamson",25,"NOP",198.12,128.820128,"Duke","USA","2019","1","PF",62,55,29.7,21,7.8,13,0.6,0,0.1,0.25,5.4,7.5,0.716,2,3.7,5.7,3.2,1,0.5
"LeBron James",41,"LAL",205.74,113.398,"","USA","2003","1","SF",60,60,33.2,20.9,7.9,15.3,0.515,1.3,4.1,0.317,3.9,5.3,0.737,0.7,5.4,6.1,7.2,1.2,0.6
"Nickeil Alexander-Walker",27,"ATL",195.58,92.98636,"Virginia Tech","Canada","2019","1","SG",78,71,33.4,20.8,7,15.3,0.459,3.2,8.1,0.399,3.6,3.9,0.902,0.7,2.8,3.4,3.7,1.3,0.5
"Shaedon Sharpe",22,"POR",195.58,90.7184,"Kentucky","Canada","2022","1","SG",50,42,29.4,20.8,7.8,17.4,0.452,2.1,6.1,0.337,3.1,3.9,0.787,1,3.3,4.3,2.6,1.4,0.1
"Franz Wagner",24,"ORL",208.28,99.79024,"Michigan","Germany","2021","1","SF",34,32,30,20.6,7.2,14.9,0.481,1.4,4.1,0.345,4.8,5.8,0.823,1.3,3.9,5.2,3.3,0.9,0.3
"Tyler Herro",26,"MIA",195.58,88.45044,"Kentucky","USA","2019","1","SG",33,28,31.3,20.5,7.5,15.6,0.48,2.5,6.7,0.378,3,3.3,0.917,0.4,4.4,4.8,4.1,0.7,0.4
"Anthony Davis",32,"DAL",208.28,114.758776,"Kentucky","USA","2012","1","PF",20,20,31.3,20.4,8.5,16.7,0.506,0.5,1.9,0.27,3,4.1,0.728,3.1,8,11.1,2.8,1.1,1.7
"Alperen Şengün",23,"HOU",210.82,110.222856,"","Turkey","2021","1","C",72,72,33.3,20.4,8.1,15.6,0.519,0.6,1.8,0.305,3.6,5.2,0.691,3,5.9,8.9,6.2,1.2,1.1
"Dillon Brooks",30,"PHO",198.12,102.0582,"Oregon","Canada","2017","2","SF",56,56,30.4,20.2,7.4,17.1,0.435,2.3,6.6,0.344,3,3.6,0.842,0.8,2.9,3.6,1.8,1,0.2
"Brandon Miller",23,"CHO",213.36,118.387512,"Purdue","USA","Undrafted","Undrafted","SF",65,65,30.3,20.2,7,16.1,0.435,3.1,8.2,0.383,3.1,3.4,0.892,1.1,3.8,4.9,3.3,1,0.7
"Bam Adebayo",28,"MIA",205.74,115.66596,"Kentucky","USA","2017","1","C",73,73,32.4,20.1,6.9,15.7,0.442,1.7,5.5,0.318,4.5,5.8,0.778,2,8,10,3.2,1.2,0.7
"LaMelo Ball",24,"CHO",200.66,81.64656,"","USA","2020","1","PG",72,69,28,20.1,7,17.3,0.407,3.8,10.3,0.368,2.2,2.5,0.899,0.9,3.9,4.8,7.1,1.2,0.2
"Desmond Bane",27,"ORL",195.58,97.52228,"TCU","USA","2020","1","SG",82,82,33.6,20.1,7.1,14.7,0.484,2,5.2,0.391,3.8,4.2,0.908,1.2,2.9,4.1,4.1,1,0.5
"Karl-Anthony Towns",30,"NYK",213.36,112.490816,"Kentucky","USA","2015","1","C",75,75,31,20.1,6.9,13.8,0.501,1.5,4.1,0.368,4.8,5.5,0.858,3.1,8.7,11.9,3,0.9,0.5
"Jimmy Butler",36,"GSW",200.66,104.32616,"Marquette","USA","2011","1","SF",38,38,31.1,20,6.3,12.2,0.519,0.8,2.2,0.376,6.5,7.6,0.864,2.3,3.2,5.6,4.9,1.4,0.2
"Ty Jerome",28,"MEM",195.58,88.45044,"Virginia","USA","2019","1","SG",15,15,22.6,19.7,6.8,14.3,0.474,2.8,6.7,0.42,3.3,3.7,0.875,0.7,2.1,2.8,5.7,1.1,0.3
"Jalen Duren",22,"DET",210.82,113.398,"Memphis","USA","2022","1","C",70,70,28.2,19.5,7.5,11.5,0.65,0,0,NA,4.6,6.1,0.747,3.8,6.7,10.5,2,0.8,0.8
"Ja Morant",26,"MEM",187.96,78.925008,"Murray State","USA","2019","1","PG",20,20,28.5,19.5,6.6,16.1,0.41,1,4.3,0.235,5.3,5.9,0.897,0.4,2.9,3.3,8.1,1,0.3
"Jaren Jackson Jr.",26,"2TM",208.28,109.769264,"Michigan State","USA","2018","1","C",48,48,30.3,19.4,7.1,15,0.476,1.8,4.9,0.357,3.4,4.2,0.803,0.9,4.8,5.7,2,1.1,1.4
"Jaren Jackson Jr.",26,"MEM",208.28,109.769264,"Michigan State","USA","2018","1","C",45,45,30.7,19.2,7.1,14.9,0.475,1.8,4.9,0.359,3.3,4.2,0.797,0.9,4.8,5.8,1.9,1,1.5
"Jaren Jackson Jr.",26,"UTA",208.28,109.769264,"Michigan State","USA","2018","1","C",3,3,24,22.3,8,16.3,0.49,1.7,5,0.333,4.7,5.3,0.875,0.3,4,4.3,2.7,2,0.3
"RJ Barrett",25,"TOR",198.12,97.068688,"Duke","Canada","2019","1","SF",57,57,30.3,19.3,7,14.3,0.491,1.7,5,0.339,3.5,4.9,0.717,1,4.3,5.3,3.3,0.7,0.3
"Zach LaVine",30,"SAC",195.58,90.7184,"UCLA","USA","2014","1","SG",39,37,31.4,19.2,6.7,14,0.479,2.5,6.5,0.39,3.2,3.6,0.88,0.2,2.6,2.8,2.3,0.7,0.3
"Darius Garland",26,"2TM",185.42,87.089664,"Vanderbilt","USA","2019","1","PG",45,43,29.9,18.8,6.9,14.9,0.46,2.7,6.8,0.396,2.3,2.7,0.861,0.4,2,2.4,6.7,1,0.2
"Darius Garland",26,"CLE",185.42,87.089664,"Vanderbilt","USA","2019","1","PG",26,26,30.5,18,6.5,14.5,0.451,2.3,6.3,0.36,2.6,3,0.861,0.5,2,2.4,6.9,0.8,0.1
"Darius Garland",26,"LAC",185.42,87.089664,"Vanderbilt","USA","2019","1","PG",19,17,29.1,19.9,7.3,15.5,0.471,3.3,7.6,0.438,1.9,2.3,0.86,0.3,2,2.3,6.4,1.2,0.3
"CJ McCollum",34,"2TM",190.5,86.18248,"Lehigh","USA","2013","1","PG",76,60,29.8,18.7,6.9,15.2,0.455,2.5,6.7,0.375,2.4,3.1,0.772,0.8,2.5,3.3,3.9,0.8,0.5
"CJ McCollum",34,"WAS",190.5,86.18248,"Lehigh","USA","2013","1","SG",35,35,30.9,18.8,6.9,15.1,0.454,2.7,7,0.393,2.3,2.9,0.804,0.7,2.9,3.5,3.6,0.7,0.3
"CJ McCollum",34,"ATL",190.5,86.18248,"Lehigh","USA","2013","1","PG",41,25,28.8,18.7,7,15.2,0.456,2.3,6.5,0.357,2.5,3.3,0.748,1,2.2,3.1,4.1,1,0.6
"De'Aaron Fox",28,"SAS",190.5,83.91452,"Kentucky","USA","2017","1","PG",72,72,31,18.6,7.1,14.5,0.486,1.8,5.5,0.332,2.6,3.4,0.76,0.6,3.2,3.8,6.2,1.2,0.3
"Jerami Grant",31,"POR",203.2,95.25432,"Syracuse","USA","2014","2","PF",57,38,29.7,18.6,5.8,12.8,0.453,2.4,6.1,0.389,4.6,5.6,0.814,1,2.5,3.5,2.1,0.7,0.6
"Kon Knueppel",20,"CHO",NA,NA,"","","","","SF",81,80,31.5,18.5,6.4,13.4,0.475,3.4,7.9,0.425,2.4,2.8,0.863,1.2,4.1,5.3,3.4,0.7,0.2
"DeMar DeRozan",36,"SAC",198.12,99.79024,"Southern California","USA","2009","1","PF",77,77,31.2,18.4,6.5,13.1,0.497,0.6,1.9,0.32,4.9,5.6,0.868,0.5,2.5,2.9,4.1,1,0.3
"Amen Thompson",23,"HOU",NA,NA,"","","","","PG",79,79,37.4,18.3,7.1,13.2,0.534,0.3,1.5,0.216,3.8,4.9,0.779,3,4.8,7.8,5.3,1.5,0.6
"Evan Mobley",24,"CLE",210.82,97.52228,"Southern California","USA","2021","1","PF",65,63,31.9,18.2,7.2,13.2,0.546,1,3.2,0.297,2.8,4.6,0.606,2.4,6.6,9,3.6,0.7,1.7
"Scottie Barnes",24,"TOR",203.2,102.0582,"Florida State","USA","2021","1","PF",80,80,33.5,18.1,7.1,14,0.507,0.9,2.8,0.304,3,3.7,0.815,1.9,5.6,7.5,5.9,1.4,1.5
"Trae Young",27,"2TM",185.42,74.389088,"Oklahoma","USA","2018","1","PG",15,15,25.6,17.9,5.4,11.8,0.458,1.8,5.3,0.338,5.3,6.5,0.825,0.3,1.7,2,8,0.9,0.1
"Trae Young",27,"ATL",185.42,74.389088,"Oklahoma","USA","2018","1","PG",10,10,28,19.3,5.6,13.5,0.415,1.8,5.9,0.305,6.3,7.3,0.863,0,1.5,1.5,8.9,1,0.1
"Trae Young",27,"WAS",185.42,74.389088,"Oklahoma","USA","2018","1","PG",5,5,20.8,15.2,5,8.4,0.595,1.8,4.2,0.429,3.4,4.8,0.708,0.8,2.2,3,6.2,0.6,0.2
"Jalen Green",23,"PHO",193.04,84.368112,"","USA","2021","1","SG",32,27,25.9,17.8,6.8,16,0.422,2.2,7.1,0.313,2,2.7,0.747,0.5,3.1,3.6,2.8,1.1,0.3
"Saddiq Bey",26,"NOP",200.66,97.52228,"Villanova","USA","2020","1","SF",72,64,31.2,17.7,6.1,13.4,0.451,2.1,5.7,0.367,3.4,4.1,0.841,1.7,3.9,5.6,2.5,0.9,0.1
"Bennedict Mathurin",23,"2TM",195.58,95.25432,"Arizona","Canada","2022","1","SF",54,25,30,17.6,5.4,12.5,0.43,1.4,4.4,0.315,5.4,6.2,0.869,1,4.4,5.4,2.4,0.8,0.2
"Bennedict Mathurin",23,"IND",195.58,95.25432,"Arizona","Canada","2022","1","SF",28,24,31.8,17.8,5.5,12.8,0.433,2.1,5.6,0.372,4.6,5.2,0.884,0.8,4.6,5.4,2.3,0.6,0.1
"Bennedict Mathurin",23,"LAC",195.58,95.25432,"Arizona","Canada","2022","1","SF",26,1,28,17.4,5.2,12.3,0.426,0.7,3.2,0.207,6.3,7.3,0.858,1.3,4.2,5.5,2.5,1,0.3
"Coby White",25,"2TM",195.58,88.45044,"North Carolina","USA","2019","1","SG",50,26,25,17.4,5.6,12.5,0.446,2.3,6.4,0.362,3.9,4.8,0.817,0.3,3.1,3.4,4,0.5,0.1
"Coby White",25,"CHI",195.58,88.45044,"North Carolina","USA","2019","1","SG",29,26,29.1,18.6,5.9,13.6,0.438,2.5,7.2,0.346,4.3,5.3,0.805,0.2,3.5,3.7,4.7,0.7,0.1
"Coby White",25,"CHO",195.58,88.45044,"North Carolina","USA","2019","1","SG",21,0,19.3,15.6,5,11,0.461,2,5.2,0.391,3.5,4.1,0.839,0.5,2.5,3,3,0.2,0.1
"Kevin Porter Jr.",25,"MIL",193.04,92.079176,"Southern California","USA","2019","1","PG",38,36,33.2,17.4,6.3,13.5,0.465,1.2,3.8,0.322,3.6,4.1,0.878,0.9,4.3,5.2,7.4,2.2,0.5
"Paul George",35,"PHI",203.2,99.79024,"Fresno State","USA","2010","1","PF",37,37,30.7,17.3,6.1,13.9,0.439,2.7,6.9,0.392,2.5,3,0.82,0.5,4.8,5.3,3.6,1.7,0.4
"Ryan Rollins",23,"MIL",190.5,81.64656,"Toledo","USA","2022","2","PG",74,67,32.1,17.3,6.6,13.9,0.472,2.5,6.1,0.406,1.7,2.1,0.796,0.7,3.8,4.6,5.6,1.5,0.4
"Miles Bridges",27,"CHO",200.66,102.0582,"Michigan State","USA","2018","1","PF",77,77,31,17.1,6.2,13.5,0.46,1.9,5.8,0.333,2.7,3.3,0.822,1,4.9,5.8,3.2,0.6,0.4
"Chet Holmgren",23,"OKC",NA,NA,"","","","","PF",69,69,28.9,17.1,6.3,11.3,0.557,1.3,3.5,0.362,3.3,4.1,0.792,1.9,7,8.9,1.7,0.6,1.9
"Jalen Williams",24,"OKC",195.58,95.707912,"Santa Clara","USA","2022","1","SG",33,33,28.4,17.1,6.5,13.5,0.484,0.7,2.3,0.299,3.3,3.9,0.837,0.8,3.8,4.6,5.5,1.2,0.3
"Josh Giddey",23,"CHI",203.2,97.975872,"","Australia","2021","1","PG",54,51,32.1,17,5.9,13.3,0.448,1.9,5.2,0.364,3.2,4.2,0.763,1.2,7.1,8.3,9.1,1,0.5
"Payton Pritchard",28,"BOS",185.42,88.45044,"Oregon","USA","2020","1","PG",79,50,32.4,17,6.4,13.8,0.464,2.7,7.1,0.377,1.5,1.7,0.89,0.9,3.1,3.9,5.2,0.7,0.1
"Andrew Nembhard",26,"IND",190.5,86.636072,"Gonzaga","Canada","2022","2","PG",57,57,31.3,16.9,5.8,13.2,0.442,1.9,5.2,0.361,3.4,4.1,0.825,0.4,2.4,2.8,7.7,0.9,0.1
"Kristaps Porziņģis",30,"2TM",220.98,108.86208,"","Latvia","2015","1","C",32,23,24,16.7,5.4,12.1,0.446,1.7,5,0.338,4.2,4.9,0.842,1.3,4,5.2,2.5,0.6,1.2
"Kristaps Porziņģis",30,"ATL",220.98,108.86208,"","Latvia","2015","1","C",17,12,24.3,17.1,5.6,12.4,0.457,1.8,5.1,0.36,4,4.8,0.84,1.2,3.9,5.1,2.7,0.5,1.3
"Kristaps Porziņģis",30,"GSW",220.98,108.86208,"","Latvia","2015","1","C",15,11,23.7,16.1,5.1,11.9,0.433,1.5,4.9,0.311,4.3,5.1,0.844,1.3,4.1,5.3,2.3,0.6,1.1
"OG Anunoby",28,"NYK",200.66,105.233344,"Indiana","United Kingdom","2017","1","PF",67,67,33.2,16.7,5.8,12,0.484,2.3,6.1,0.386,2.7,3.3,0.828,1.3,4,5.2,2.2,1.6,0.7
"Stephon Castle",21,"SAS",NA,NA,"","","","","PG",68,67,30,16.7,5.7,12,0.471,1.2,3.6,0.332,4.1,5.6,0.734,1.4,3.9,5.3,7.4,1.1,0.3
"Dejounte Murray",29,"NOP",195.58,81.64656,"Washington","USA","2016","1","PG",14,14,27.8,16.7,6.3,13,0.484,1.4,4.4,0.306,2.8,3.2,0.867,0.3,5.1,5.4,6.4,1.6,0.2
"Grayson Allen",30,"PHO",193.04,89.811216,"Duke","USA","2018","1","SG",51,27,28.8,16.5,5.3,13.1,0.403,3.1,8.9,0.349,2.8,3.3,0.857,0.7,2.3,3,3.8,1.4,0.3
"Derrick White",31,"BOS",193.04,86.18248,"Colorado","USA","2017","1","SG",77,77,34.1,16.5,5.7,14.4,0.394,2.7,8.3,0.327,2.4,2.6,0.902,1.1,3.3,4.4,5.4,1.1,1.3
"Immanuel Quickley",26,"TOR",187.96,86.18248,"Kentucky","USA","2020","1","PG",70,70,31.9,16.4,5.7,12.9,0.443,2.5,6.8,0.374,2.4,3,0.821,0.5,3.5,4,5.9,1.3,0.1
"Matas Buzelis",21,"CHI",NA,NA,"","","","","PF",77,77,29.2,16.3,5.8,12.5,0.463,2.2,6.4,0.349,2.4,3.1,0.786,1,4.8,5.8,2.1,0.7,1.5
"Jrue Holiday",35,"POR",195.58,92.98636,"UCLA","USA","2009","1","PG",53,51,29.4,16.3,6,13.4,0.451,2.6,6.8,0.378,1.7,2,0.838,1.3,3.3,4.6,6.1,1,0.1
"Alex Sarr",20,"WAS",NA,NA,"","","","","C",48,48,27.2,16.3,6.6,13.7,0.482,1,3.1,0.333,2.1,3,0.692,2.2,5.2,7.4,2.7,0.8,2
"Dariq Whitehead",21,"MEM",NA,NA,"","","","","SF",6,2,30.5,16.3,6.2,15.5,0.398,3.2,10,0.317,0.8,1.2,0.714,0.3,3.7,4,1.5,0.7,0
"Aaron Gordon",30,"DEN",203.2,106.59412,"Arizona","USA","2014","1","PF",36,33,27.9,16.2,5.5,11.1,0.497,1.7,4.4,0.389,3.5,4.5,0.767,1.4,4.4,5.8,2.7,0.6,0.3
"VJ Edgecombe",20,"PHI",NA,NA,"","","","","SG",75,75,35,16,6,13.7,0.438,2,5.6,0.354,2,2.4,0.818,1.6,4,5.6,4.2,1.4,0.5
"Domantas Sabonis",29,"SAC",215.9,108.86208,"Gonzaga","Lithuania","2016","1","C",19,15,29.7,15.8,6.3,11.6,0.543,0.3,1.4,0.185,2.9,4.1,0.727,3.4,8,11.4,4.1,0.9,0.2
"Jabari Smith Jr.",22,"HOU",210.82,99.79024,"Auburn","USA","2022","1","PF",77,77,35.1,15.8,5.7,12.6,0.45,2.3,6.3,0.363,2.1,2.7,0.775,1.4,5.5,6.9,1.9,0.7,0.9
"Collin Sexton",27,"2TM",187.96,86.18248,"Alabama","USA","2018","1","SG",68,22,23.7,15.4,5.3,10.9,0.485,1.6,4.1,0.401,3.2,3.8,0.855,0.6,1.7,2.3,3.3,1.1,0.1
"Collin Sexton",27,"CHO",187.96,86.18248,"Alabama","USA","2018","1","SG",42,12,22.3,14.2,4.8,9.9,0.488,1.4,3.5,0.393,3.2,3.7,0.877,0.4,1.5,1.9,3.7,0.9,0.2
"Collin Sexton",27,"CHI",187.96,86.18248,"Alabama","USA","2018","1","SG",26,10,26,17.5,6.1,12.6,0.482,2.1,5.2,0.41,3.2,3.9,0.822,0.9,2,2.9,2.5,1.5,0.1
"Jarrett Allen",27,"CLE",205.74,110.222856,"Texas","USA","2017","1","C",56,56,27.1,15.4,6,9.4,0.638,0,0.2,0.1,3.3,4.7,0.709,2.6,5.9,8.5,1.8,1,0.8
"Jaime Jaquez Jr.",24,"MIA",NA,NA,"","","","","SF",75,1,28.3,15.4,6.2,12.2,0.507,0.8,2.4,0.317,2.2,2.9,0.769,1.3,3.7,5,4.7,0.7,0.3
"Andrew Wiggins",30,"MIA",200.66,89.357624,"Kansas","Canada","2014","1","SF",68,68,30.3,15.4,5.7,12.1,0.475,2,4.9,0.414,1.9,2.4,0.784,1.7,3.1,4.8,2.7,1.1,1
"Naji Marshall",28,"DAL",200.66,99.79024,"Xavier","USA","Undrafted","Undrafted","SF",74,47,29.5,15.2,5.7,11.1,0.51,0.8,2.9,0.291,3.1,4.1,0.76,0.9,3.8,4.7,3.3,1.1,0.1
"Onyeka Okongwu",25,"ATL",205.74,108.86208,"Southern California","USA","2020","1","C",74,63,31,15.2,5.6,11.6,0.48,1.9,5.2,0.376,2.1,2.7,0.757,1.9,5.7,7.6,3.1,1.1,1.1
"Russell Westbrook",37,"SAC",190.5,90.7184,"UCLA","USA","2008","1","SF",64,58,29,15.2,5.6,13.1,0.427,2,5.9,0.338,2,2.9,0.694,1.3,4.2,5.4,6.7,1.3,0.2
"Nikola Vučević",35,"2TM",208.28,117.93392,"Southern California","Montenegro","2011","1","C",64,49,28.4,15.1,6.2,12.5,0.493,1.6,4.2,0.369,1.2,1.5,0.828,2,6.4,8.4,3.3,0.6,0.6
"Nikola Vučević",35,"CHI",208.28,117.93392,"Southern California","Montenegro","2011","1","C",48,48,30.8,16.9,6.9,13.8,0.505,1.7,4.5,0.376,1.3,1.5,0.838,2.1,6.9,9,3.8,0.7,0.6
"Nikola Vučević",35,"BOS",208.28,117.93392,"Southern California","Montenegro","2011","1","C",16,1,21.1,9.7,3.8,8.7,0.439,1.1,3.3,0.34,0.9,1.2,0.789,1.6,5.1,6.6,2,0.4,0.6
"Anthony Black",22,"ORL",NA,NA,"","","","","PG",64,40,29.8,15,5.4,12.1,0.447,1.6,4.7,0.333,2.6,3.6,0.732,0.7,3.1,3.8,3.7,1.4,0.7
"Kennedy Chandler",23,"UTA",180.34,77.11064,"Tennessee","USA","2022","2","PG",11,2,32.3,15,5.5,12.5,0.445,1.4,3.5,0.395,2.5,3.9,0.651,0.5,2.8,3.4,6.7,1,0.2
"Brice Sensabaugh",22,"UTA",NA,NA,"","","","","SF",75,22,23.5,14.9,5.3,11.4,0.46,2.2,5.9,0.367,2.2,2.7,0.826,0.7,2.3,3.1,1.9,0.7,0.2
"Ayo Dosunmu",26,"2TM",195.58,90.7184,"Illinois","USA","2021","2","SG",69,19,27.3,14.8,5.6,10.8,0.517,1.8,4.1,0.439,1.8,2.1,0.876,0.7,2.8,3.4,3.6,0.8,0.3
"Ayo Dosunmu",26,"CHI",195.58,90.7184,"Illinois","USA","2021","2","SG",45,10,26.4,15,5.6,10.8,0.514,1.9,4.3,0.451,2,2.3,0.857,0.7,2.3,3,3.6,0.8,0.3
"Ayo Dosunmu",26,"MIN",195.58,90.7184,"Illinois","USA","2021","2","SG",24,9,28.9,14.4,5.7,10.9,0.521,1.5,3.6,0.414,1.5,1.7,0.925,0.6,3.6,4.2,3.5,1,0.3
"Kyshawn George",22,"WAS",NA,NA,"","","","","SF",48,48,29,14.8,5.3,12,0.438,2.1,5.4,0.381,2.2,2.7,0.802,0.9,4.2,5.1,4.5,1,0.9
"Jaden McDaniels",25,"MIN",205.74,83.91452,"Washington","USA","2020","1","PF",73,73,31.7,14.8,5.7,11.1,0.515,1.4,3.4,0.412,2,2.4,0.835,1,3.2,4.2,2.7,1.1,1
"Peyton Watson",23,"DEN",200.66,90.7184,"UCLA","USA","2022","1","SF",54,40,29.6,14.6,5.3,10.8,0.491,1.5,3.6,0.411,2.6,3.5,0.73,0.9,4,4.9,2.1,0.9,1.1
"Mikal Bridges",29,"NYK",198.12,94.800728,"Villanova","USA","2018","1","SF",82,82,32.8,14.4,5.8,11.7,0.49,1.9,5.1,0.371,1,1.2,0.827,1,2.8,3.8,3.7,1.3,0.8
"Walker Kessler",24,"UTA",213.36,111.13004,"Auburn","USA","2022","1","C",5,5,30.8,14.4,5.2,7.4,0.703,1.2,1.6,0.75,2.8,4,0.7,4.6,6.2,10.8,3,1.4,1.8
"Anfernee Simons",26,"2TM",190.5,82.100152,"","USA","2018","1","SG",55,5,24.9,14.3,5.2,11.8,0.44,2.7,6.9,0.385,1.3,1.4,0.896,0.6,1.9,2.5,2.4,0.5,0.1
"Anfernee Simons",26,"BOS",190.5,82.100152,"","USA","2018","1","SG",49,0,24.5,14.2,5.1,11.6,0.44,2.7,6.7,0.395,1.3,1.5,0.889,0.5,1.9,2.4,2.4,0.6,0.1
"Anfernee Simons",26,"CHI",190.5,82.100152,"","USA","2018","1","SG",6,5,28.3,15.2,5.8,13.3,0.438,2.7,8.3,0.32,0.8,0.8,1,0.8,2,2.8,3,0,0.3
"Jeremiah Fears",19,"NOP",NA,NA,"","","","","PG",82,49,25.8,14.3,5.3,12.3,0.434,1.2,3.7,0.33,2.4,3,0.789,0.7,2.9,3.7,3.4,1.2,0.4
"Cormac Ryan",27,"MIL",NA,NA,"","","","","SG",11,2,24.6,14.3,4.8,9.3,0.52,2.5,5.4,0.458,2.2,2.4,0.923,0.7,1.8,2.5,1.7,1,0.3
"Scoot Henderson",21,"POR",NA,NA,"","","","","PG",30,10,24.9,14.2,4.8,11.4,0.418,1.9,5.4,0.352,2.8,3.3,0.84,0.6,2.1,2.7,3.7,0.9,0.3
"P.J. Washington",27,"DAL",200.66,104.32616,"Kentucky","USA","2019","1","PF",56,53,31,14.2,5.3,11.8,0.45,1.4,4.2,0.325,2.2,3.3,0.687,1.5,5.5,7,1.8,1,1.1
"Ivica Zubac",28,"2TM",213.36,108.86208,"","Croatia","2016","2","C",48,47,30.1,14.1,6,10,0.598,0,0,NA,2.1,3,0.711,3.4,7.2,10.6,2.2,0.4,0.8
"Ivica Zubac",28,"LAC",213.36,108.86208,"","Croatia","2016","2","C",43,42,30.9,14.4,6.1,10,0.613,0,0,NA,2.2,3.1,0.705,3.4,7.6,11,2.2,0.4,0.8
"Ivica Zubac",28,"IND",213.36,108.86208,"","Croatia","2016","2","C",5,5,23.6,11.6,5,10.6,0.472,0,0,NA,1.6,2,0.8,2.8,4.4,7.2,1.8,0.4,0.8
"Tre Jones",26,"CHI",185.42,83.91452,"Duke","USA","2020","2","PG",65,41,27,14.1,5.2,9.5,0.553,0.6,2,0.315,2.9,3.5,0.841,0.6,2.6,3.1,5.4,1.2,0.2
"Kelly Oubre Jr.",30,"PHI",198.12,92.079176,"Kansas","USA","2015","1","SF",50,41,31.5,14.1,5.1,10.9,0.467,1.7,4.8,0.36,2.2,2.9,0.766,1,4,5,1.6,1.4,0.5
"Santi Aldama",25,"MEM",213.36,97.52228,"Loyola-Maryland","Spain","2021","1","PF",43,11,27.9,14,5.3,11.1,0.479,1.6,4.7,0.35,1.8,2.7,0.667,1.6,5.1,6.7,2.9,0.9,0.7
"Keegan Murray",25,"SAC",203.2,102.0582,"Iowa","USA","2022","1","PF",23,22,34.5,14,5.5,13,0.42,1.3,4.9,0.277,1.7,2.1,0.776,1.4,4.3,5.7,1.7,1,1.6
"Devin Vassell",25,"SAS",195.58,90.7184,"Florida State","USA","2020","1","SG",67,65,30.5,13.9,4.9,11.3,0.437,2.5,6.4,0.384,1.6,1.9,0.815,0.6,3.4,4,2.5,0.9,0.4
"Ace Bailey",19,"UTA",NA,NA,"","","","","SF",72,61,27.6,13.8,5.5,12.4,0.443,1.9,5.5,0.344,0.9,1.2,0.75,1.4,2.8,4.2,1.8,0.8,0.7
"Aaron Nesmith",26,"IND",195.58,97.52228,"Vanderbilt","USA","2020","1","SF",45,42,29.7,13.8,4.7,11.4,0.414,2.3,6.2,0.379,2,2.5,0.829,1.1,3.1,4.2,1.9,0.6,0.5
"Brandin Podziemski",22,"GSW",NA,NA,"","","","","SG",82,43,28.5,13.8,4.8,10.6,0.455,1.9,5,0.371,2.3,2.9,0.797,0.9,4.2,5.1,3.7,1.1,0.2
"Jalen Suggs",24,"ORL",195.58,92.98636,"Gonzaga","USA","2021","1","PG",57,56,27.6,13.8,4.9,11.4,0.435,2.1,6.3,0.339,1.8,2.1,0.855,0.6,3.2,3.9,5.5,1.8,0.7
"De'Andre Hunter",28,"2TM",203.2,100.243832,"Virginia","USA","2019","1","SF",45,25,26.1,13.7,4.6,11.1,0.415,1.7,5.5,0.305,2.8,3.2,0.867,0.7,3.4,4.1,2,0.7,0.1
"De'Andre Hunter",28,"CLE",203.2,100.243832,"Virginia","USA","2019","1","SF",43,23,26.2,14,4.7,11.2,0.423,1.7,5.5,0.308,2.8,3.2,0.869,0.7,3.6,4.2,2.1,0.7,0.1
"De'Andre Hunter",28,"SAC",203.2,100.243832,"Virginia","USA","2019","1","SF",2,2,25.5,7.5,2,9.5,0.211,1,4.5,0.222,2.5,3,0.833,0.5,1,1.5,0.5,0,0
"Bobby Portis",30,"MIL",210.82,113.398,"Arkansas","USA","2015","1","PF",67,9,24.2,13.7,5.5,11.2,0.488,2,4.4,0.456,0.7,1,0.706,1.3,5.1,6.4,1.6,0.6,0.2
"John Collins",28,"LAC",205.74,102.511792,"Wake Forest","USA","2017","1","PF",69,56,27.1,13.6,5.3,9.6,0.552,1.3,3.2,0.406,1.7,2.2,0.766,1.6,3.7,5.3,1,0.9,0.7
"Cedric Coward",22,"MEM",NA,NA,"","","","","SG",62,47,25.8,13.6,4.9,10.5,0.471,1.5,4.4,0.338,2.3,2.7,0.843,1.3,4.5,5.9,2.8,0.6,0.4
"Zach Edey",23,"MEM",NA,NA,"","","","","C",11,11,25.8,13.6,5.6,8.9,0.633,0.1,0.5,0.2,2.3,2.9,0.781,3.9,7.2,11.1,1.1,0.6,1.9
"Ajay Mitchell",23,"OKC",NA,NA,"","","","","SG",57,16,25.8,13.6,5,10.4,0.485,1.1,3.1,0.347,2.5,2.8,0.87,0.7,2.6,3.3,3.6,1.2,0.3
"Naz Reid",26,"MIN",205.74,119.748288,"Louisiana State","USA","Undrafted","Undrafted","C",77,3,26.1,13.6,5.2,11.3,0.456,2.1,5.8,0.362,1.2,1.6,0.732,1.2,5,6.2,2.2,1,1
"Cam Thomas",24,"2TM",190.5,95.25432,"Louisiana State","Japan","2021","1","SG",42,8,21,13.5,4.5,11,0.41,1.2,4,0.31,3.3,4,0.811,0.3,1.4,1.7,2.6,0.2,0.1
"Cam Thomas",24,"BRK",190.5,95.25432,"Louisiana State","Japan","2021","1","SG",24,8,24.3,15.6,5.1,12.8,0.399,1.6,4.9,0.325,3.8,4.5,0.843,0.4,1.4,1.8,3.1,0.2,0.1
"Cam Thomas",24,"MIL",190.5,95.25432,"Louisiana State","Japan","2021","1","SG",18,0,16.6,10.7,3.7,8.5,0.431,0.8,2.8,0.275,2.6,3.4,0.754,0.1,1.4,1.6,1.9,0.3,0.1
"Tim Hardaway Jr.",33,"DEN",195.58,92.98636,"Michigan","USA","2013","1","SG",80,6,26.6,13.5,4.4,9.7,0.447,2.8,6.9,0.407,2,2.5,0.811,0.2,2.4,2.6,1.4,0.5,0.1
"Reed Sheppard",21,"HOU",NA,NA,"","","","","SG",82,21,26.2,13.5,5,11.5,0.43,2.8,7,0.394,0.8,1,0.802,0.3,2.6,2.9,3.4,1.5,0.7
"Toumani Camara",25,"POR",NA,NA,"","","","","PF",82,82,33.3,13.4,4.8,10.9,0.44,2.7,7.2,0.37,1.2,1.7,0.708,1.6,3.6,5.1,2.5,1.1,0.4
"Quentin Grimes",25,"PHI",195.58,95.25432,"Houston","USA","2021","1","SG",75,19,29.4,13.4,4.5,10.1,0.45,1.7,5.1,0.334,2.7,3.2,0.84,0.6,3,3.6,3.3,0.9,0.4
"Jordan Poole",26,"NOP",193.04,87.996848,"Michigan","USA","2019","1","PG",39,8,23.9,13.4,4.2,11.4,0.372,2.5,7.4,0.333,2.5,2.9,0.86,0.2,1.7,2,3.1,0.6,0.4
"Tobias Harris",33,"DET",200.66,102.511792,"Tennessee","USA","2011","1","PF",63,63,27.7,13.3,4.9,10.5,0.469,1.3,3.5,0.368,2.2,2.5,0.866,0.9,4.3,5.1,2.5,0.9,0.4
"Keldon Johnson",26,"SAS",195.58,99.79024,"Kentucky","USA","2019","1","SF",82,0,23.3,13.2,5,9.7,0.519,1.2,3.3,0.363,1.9,2.4,0.794,1.7,3.7,5.4,1.4,0.6,0.1
"Jaylon Tyson",23,"CLE",NA,NA,"","","","","SG",66,42,26.9,13.2,5,10.2,0.493,2,4.5,0.446,1.2,1.6,0.738,1.8,3.3,5.1,2.2,0.8,0.4
"Kyle Kuzma",30,"MIL",205.74,100.243832,"Utah","USA","2017","1","PF",69,43,26.2,13,4.9,10,0.492,1.2,3.5,0.347,2,2.7,0.726,0.8,3.7,4.5,2.7,0.7,0.4
"Brandon Williams",26,"DAL",187.96,86.18248,"Arizona","USA","Undrafted","Undrafted","PG",66,15,22.2,13,4.4,9.3,0.472,0.5,2.3,0.232,3.7,4.6,0.793,0.5,2.4,2.9,3.9,0.9,0.3
"Sam Merrill",29,"CLE",193.04,92.98636,"Utah State","USA","2020","2","SG",52,38,26.5,12.8,4.3,9.3,0.461,3,7.2,0.421,1.1,1.3,0.855,0.5,2,2.6,2.4,0.6,0.1
"Collin Gillespie",26,"PHO",NA,NA,"","","","","PG",80,58,28.5,12.7,4.4,10.5,0.418,2.9,7.2,0.401,1,1.1,0.874,1.1,3,4.1,4.6,1.2,0.2
"Deandre Ayton",27,"LAL",213.36,113.398,"Arizona","Bahamas","2018","1","C",72,72,27.2,12.5,5.6,8.3,0.671,0,0,NA,1.3,2,0.645,2.6,5.4,8,0.8,0.6,1
"GG Jackson II",21,"MEM",NA,NA,"","","","","PF",55,28,21.4,12.5,4.6,9.3,0.496,1.2,3.5,0.332,2,2.7,0.742,0.9,3.4,4.3,1.5,0.6,0.8
"Malik Monk",27,"SAC",190.5,90.7184,"Kentucky","USA","2017","1","SG",62,3,22,12.5,4.5,10.2,0.438,2,5.1,0.395,1.5,1.7,0.879,0.2,1.6,1.9,3,0.6,0.4
"Maxime Raynaud",22,"SAC",NA,NA,"","","","","C",74,56,26.5,12.5,5.2,9.1,0.571,0.3,1,0.324,1.8,2.3,0.786,1.9,5.6,7.5,1.4,0.5,0.5
"Jaylen Wells",22,"MEM",193.04,91.171992,"Washington","USA","2019","2","SG",69,69,26.4,12.5,4.4,10.1,0.431,1.9,5.3,0.353,1.9,2.5,0.784,0.9,2.3,3.2,1.6,0.9,0.1
"Max Christie",22,"DAL",195.58,86.18248,"Michigan State","USA","2022","2","SG",77,68,29.1,12.3,4.2,9.4,0.441,2.3,5.8,0.404,1.6,1.8,0.899,0.2,3,3.2,2,0.6,0.4
"Noah Clowney",21,"BRK",NA,NA,"","","","","PF",66,60,27,12.3,3.8,9.6,0.396,2,5.9,0.329,2.7,3.4,0.804,0.8,3.3,4.1,1.6,0.8,0.7
"De'Anthony Melton",27,"GSW",187.96,90.7184,"Southern California","USA","2018","2","PG",49,24,23,12.3,4.4,10.8,0.407,1.5,5,0.294,2,2.5,0.826,0.8,2.4,3.2,2.6,1.6,0.4
"Jonathan Kuminga",23,"2TM",200.66,102.0582,"","DRC","2021","1","PF",36,14,23.1,12.2,4.4,9.4,0.463,1,2.9,0.333,2.5,3.4,0.724,1.4,4.3,5.6,2.3,0.6,0.3
"Jonathan Kuminga",23,"GSW",200.66,102.0582,"","DRC","2021","1","PF",20,13,23.8,12.1,4.4,9.7,0.454,0.9,2.7,0.321,2.5,3.3,0.742,1.5,4.4,5.9,2.5,0.4,0.3
"Jonathan Kuminga",23,"ATL",200.66,102.0582,"","DRC","2021","1","PF",16,1,22.1,12.3,4.3,9.1,0.476,1.1,3.3,0.346,2.5,3.6,0.702,1.3,4.1,5.3,2.1,0.9,0.3
"Donte DiVincenzo",29,"MIN",193.04,92.079176,"Villanova","USA","2018","1","SG",82,82,30.4,12.2,4.1,10.2,0.406,3,7.9,0.379,1,1.3,0.743,0.8,3.3,4.1,3.8,1.3,0.4
"Cameron Johnson",29,"DEN",203.2,95.25432,"North Carolina","USA","2019","1","SF",54,54,30.5,12.2,4.2,8.8,0.48,2,4.7,0.43,1.7,2.1,0.839,0.8,3,3.8,2.4,0.7,0.4
"Tre Johnson",19,"WAS",195.58,97.52228,"Jackson State","USA","Undrafted","Undrafted","SG",60,42,24.1,12.2,4.5,10.8,0.419,1.9,5.4,0.358,1.3,1.5,0.874,0.5,2.4,2.8,2,0.6,0.3
"Duncan Robinson",31,"DET",200.66,97.52228,"Michigan","USA","Undrafted","Undrafted","SG",77,77,27.4,12.2,4.1,9.1,0.456,2.9,7,0.41,1.1,1.4,0.755,0.4,2.3,2.7,2.1,0.6,0.3
"Donovan Clingan",21,"POR",NA,NA,"","","","","C",77,77,27.2,12.1,4.6,8.9,0.52,1.1,3.2,0.341,1.8,2.6,0.68,4.5,7.1,11.6,2.1,0.6,1.7
"Moses Moody",23,"GSW",195.58,95.707912,"Arkansas","USA","2021","1","SG",60,49,25.7,12.1,4.1,9.3,0.44,2.5,6.3,0.401,1.5,1.9,0.77,0.9,2.5,3.3,1.6,1,0.6
"Christian Braun",24,"DEN",198.12,99.79024,"Kansas","USA","2022","1","SG",44,44,31.8,12,4.6,8.8,0.519,1,3.3,0.301,1.8,2.3,0.782,1.4,3.4,4.8,2.7,0.7,0.3
"Josh Hart",30,"NYK",193.04,97.52228,"Villanova","USA","2017","1","SF",66,52,30.2,12,4.6,9,0.508,1.5,3.7,0.413,1.4,1.9,0.72,1.4,6,7.4,4.8,1.1,0.3
"Miles McBride",25,"NYK",187.96,88.45044,"West Virginia","USA","2021","2","SG",41,15,26.3,12,4.2,9.9,0.423,2.7,6.6,0.413,0.9,1.1,0.787,0.6,1.9,2.4,2.6,0.9,0.2
"Tristen Newton",24,"HOU",NA,NA,"","","","","SG",1,0,12,12,4,9,0.444,2,5,0.4,2,3,0.667,2,1,3,0,1,0
"Dyson Daniels",22,"ATL",200.66,90.264808,"","Australia","2022","1","SG",76,76,33.2,11.9,5.3,10.2,0.517,0.3,1.5,0.188,1,1.6,0.615,2.4,4.4,6.8,5.9,2,0.4
"Blake Hinson",26,"UTA",NA,NA,"","","","","SF",14,3,20.4,11.9,4.2,8.2,0.513,2.6,5.6,0.468,0.9,1.1,0.75,0.8,1.6,2.4,1.1,0.4,0.1
"Myles Turner",29,"MIL",210.82,113.398,"Texas","USA","2015","1","C",71,71,26.9,11.9,4,9.1,0.44,2.1,5.4,0.383,1.8,2.5,0.74,1.1,4.3,5.3,1.5,0.7,1.6
"Wendell Carter Jr.",26,"ORL",208.28,122.46984,"Duke","USA","2018","1","C",78,78,29.3,11.8,4.2,8.2,0.512,0.9,2.9,0.319,2.5,3.2,0.792,2.1,5.3,7.4,2,0.8,0.6
"Dylan Harper",19,"SAS",NA,NA,"","","","","SG",69,4,22.6,11.8,4.8,9.5,0.505,0.9,2.6,0.343,1.3,1.7,0.756,0.8,2.6,3.4,3.9,0.8,0.3
"Julian Reese",22,"WAS",NA,NA,"","","","","PF",13,10,30.9,11.8,4.8,9.2,0.529,0,0,NA,2.2,3.4,0.636,4.2,6.3,10.5,1.8,1.4,0.6
"Nic Claxton",26,"BRK",210.82,97.52228,"Georgia","USA","2019","2","C",69,68,27.8,11.7,4.8,8.4,0.571,0,0.3,0.158,2,3.3,0.616,2.4,4.5,6.9,3.7,0.7,1.1
"Isaiah Collier",21,"UTA",NA,NA,"","","","","PG",59,19,25.7,11.7,4.3,8.7,0.495,0.5,1.7,0.27,2.6,3.5,0.722,0.4,2.2,2.5,7.2,1.1,0.3
"Bilal Coulibaly",21,"WAS",NA,NA,"","","","","SG",56,56,26.2,11.7,4.1,9.7,0.425,1.2,3.6,0.319,2.4,3.2,0.746,0.9,3.5,4.3,2.6,1.3,1
"Derik Queen",21,"NOP",NA,NA,"","","","","C",81,48,25,11.7,4.4,9.2,0.473,0.3,1.1,0.261,2.7,3.4,0.795,1.7,5.4,7.1,3.7,1,0.9
"Klay Thompson",35,"DAL",198.12,99.79024,"Washington State","USA","2011","1","SF",69,8,21.7,11.7,4.1,10.6,0.393,2.9,7.6,0.383,0.5,0.7,0.766,0.3,1.8,2.1,1.4,0.5,0.3
"Mark Williams",24,"PHO",213.36,108.86208,"Duke","USA","2022","1","C",60,55,23.6,11.7,4.7,7.3,0.644,0,0,1,2.3,2.9,0.771,3.1,4.9,8,1,0.9,0.9
"Obi Toppin",27,"IND",205.74,99.79024,"Dayton","USA","2020","1","PF",24,3,17.7,11.6,4.2,8.3,0.503,1.5,4.4,0.352,1.8,1.9,0.913,0.5,3.9,4.4,2.3,0.5,0
"Jarace Walker",22,"IND",NA,NA,"","","","","PF",76,41,25.7,11.6,4,9.6,0.419,1.8,4.7,0.374,1.8,2.4,0.749,0.6,4.5,5.1,2.5,0.8,0.3
"Rui Hachimura",27,"LAL",203.2,104.32616,"Gonzaga","Japan","2019","1","PF",68,41,28.3,11.5,4.5,8.8,0.514,1.7,3.9,0.443,0.7,1.1,0.694,0.6,2.7,3.3,0.8,0.6,0.3
"Kyle Filipowski",22,"UTA",NA,NA,"","","","","C",77,41,23.4,11.4,4.2,8.5,0.492,1,3,0.325,2.1,2.8,0.75,1.9,5.3,7.2,2.6,0.9,0.5
"Pelle Larsson",24,"MIA",NA,NA,"","","","","SG",70,54,26.4,11.4,4,8,0.496,0.9,2.7,0.323,2.6,3.3,0.797,1,2.5,3.5,3.4,0.7,0.2
"Scotty Pippen Jr.",25,"MEM",185.42,77.11064,"Vanderbilt","USA","Undrafted","Undrafted","PG",10,6,21.2,11.4,4.3,9.6,0.448,1,3.2,0.313,1.8,2.3,0.783,0.8,1.4,2.2,4.7,1.9,0.4
"Sandro Mamukelashvili",26,"TOR",208.28,108.86208,"Seton Hall","Georgia","2021","2","C",80,13,21.9,11.2,4.1,7.9,0.523,1.4,3.7,0.389,1.5,2,0.747,1.4,3.6,4.9,1.9,0.8,0.5
"Max Strus",29,"CLE",195.58,97.52228,"DePaul","USA","Undrafted","Undrafted","SF",12,5,24,11.2,3.9,8.8,0.443,2.8,6.8,0.402,0.6,0.8,0.778,0.8,4.7,5.4,2,0.3,0
"Julian Champagnie",24,"SAS",200.66,98.429464,"St. John's","USA","Undrafted","Undrafted","SF",82,68,27.6,11.1,3.7,8.4,0.437,2.4,6.2,0.381,1.4,1.6,0.844,0.9,4.9,5.8,1.5,0.8,0.5
"Isaiah Joe",26,"OKC",190.5,74.84268,"Arkansas","USA","2020","2","SG",71,9,21.2,11.1,3.5,7.6,0.455,2.5,6,0.423,1.5,1.7,0.894,0.5,2.1,2.5,1.3,0.7,0.2
"Cam Spencer",25,"MEM",NA,NA,"","","","","SG",72,20,23.8,11.1,3.7,7.7,0.473,2,4.5,0.449,1.8,1.9,0.94,0.6,2,2.5,5.6,0.7,0.2
"Kel'el Ware",21,"MIA",NA,NA,"","","","","C",77,34,22.1,11.1,4.5,8.4,0.53,1.2,3,0.395,0.9,1.2,0.74,2.8,6.2,9,0.7,0.8,1.1
"Alondes Williams",26,"WAS",193.04,95.25432,"Wake Forest","USA","Undrafted","Undrafted","SG",4,0,25.3,11,4,6.5,0.615,1.3,3.5,0.357,1.8,2,0.875,1.3,5,6.3,3,0.8,0.8
"Rudy Gobert",33,"MIN",215.9,117.026736,"","France","2013","1","C",76,76,31.3,10.9,4.4,6.5,0.682,0,0.1,0,2.1,4,0.526,3.9,7.5,11.5,1.7,0.8,1.6
"Jusuf Nurkić",31,"UTA",213.36,131.54168,"","Bosnia and Herzegovina","2014","1","C",41,36,26.4,10.9,4.4,8.7,0.503,0.6,1.7,0.352,1.5,2.8,0.549,2.6,7.8,10.4,4.8,1.3,0.5
"Dennis Schröder",32,"2TM",185.42,78.017824,"","Germany","2013","1","PG",70,17,24.2,10.8,3.6,9,0.405,1.1,3.3,0.329,2.4,2.9,0.834,0.5,2.2,2.7,4.9,0.8,0.2
"Dennis Schröder",32,"SAC",185.42,78.017824,"","Germany","2013","1","PG",40,14,26.4,12.8,4.3,10.6,0.408,1.4,4.2,0.343,2.7,3.3,0.82,0.6,2.5,3.1,5.3,0.8,0.2
"Dennis Schröder",32,"CLE",185.42,78.017824,"","Germany","2013","1","PG",30,3,21.4,8.2,2.8,6.9,0.401,0.6,2.1,0.29,2.1,2.4,0.861,0.4,1.9,2.3,4.3,0.8,0.2
"Tyler Burton",25,"MEM",NA,NA,"","","","","SF",12,0,25.6,10.8,3.5,9.3,0.375,1.8,5.5,0.333,1.9,2.3,0.852,0.7,3.5,4.2,1,0.9,0.3
"Daeqwon Plowden",27,"SAC",NA,NA,"","","","","SG",32,7,26.4,10.8,3.8,8.7,0.43,1.9,5.8,0.333,1.3,1.5,0.857,1,2,3,1.3,0.7,0.2
"Bub Carrington",20,"WAS",NA,NA,"","","","","PG",82,48,27.7,10.7,3.8,9,0.424,2.1,5,0.408,1,1.4,0.73,0.4,3,3.4,4.6,0.6,0.2
"Jakob Poeltl",30,"TOR",215.9,111.13004,"Utah","Austria","2016","1","C",46,44,25,10.7,4.7,6.7,0.7,0,0,NA,1.3,2.1,0.602,2.5,4.5,7,2,0.9,0.7
"Jock Landale",30,"2TM",210.82,115.66596,"St. Mary's","Australia","Undrafted","Undrafted","C",68,27,22.1,10.6,4.1,8.1,0.515,1.1,2.8,0.383,1.2,1.9,0.635,2.7,3,5.7,1.7,0.5,0.5
"Jock Landale",30,"MEM",210.82,115.66596,"St. Mary's","Australia","Undrafted","Undrafted","C",45,25,23.6,11.3,4.4,8.6,0.514,1.1,2.9,0.38,1.3,2,0.674,3.1,3.4,6.5,1.7,0.6,0.5
"Jock Landale",30,"ATL",210.82,115.66596,"St. Mary's","Australia","Undrafted","Undrafted","C",23,2,19.4,9.1,3.6,6.9,0.516,1.1,2.8,0.391,0.9,1.6,0.541,1.8,2.3,4.1,1.7,0.4,0.6
"Marvin Bagley III",26,"2TM",208.28,106.59412,"Duke","USA","2018","1","PF",60,12,20,10.5,4.2,6.9,0.618,0.4,0.9,0.462,1.6,2.4,0.66,2.5,3.6,6.1,1.4,0.5,0.7
"Marvin Bagley III",26,"WAS",208.28,106.59412,"Duke","USA","2018","1","PF",38,8,19.2,10.1,4.1,6.5,0.626,0.2,0.5,0.421,1.8,2.6,0.711,2.6,3.1,5.7,1.5,0.5,0.7
"Marvin Bagley III",26,"DAL",208.28,106.59412,"Duke","USA","2018","1","PF",22,4,21.4,11,4.5,7.5,0.606,0.7,1.5,0.485,1.2,2.1,0.553,2.4,4.4,6.8,1.3,0.4,0.7
"Tari Eason",24,"HOU",203.2,97.52228,"Louisiana State","USA","2022","1","PF",60,34,25.8,10.5,4,9.7,0.416,1.6,4.3,0.358,0.9,1.1,0.776,2.1,4.2,6.3,1.5,1.2,0.5
"Adama-Alpha Bal",22,"MEM",NA,NA,"","","","","SG",8,1,30.1,10.4,3.5,8.5,0.412,2.3,5.5,0.409,1.1,1.3,0.9,0.8,2.4,3.1,2.4,1.1,0.1
"A.J. Green",26,"MIL",205.74,102.0582,"Oregon State","USA","1985","1","SG",78,68,29.1,10.4,3.4,7.9,0.424,3,7.1,0.419,0.7,0.8,0.855,0.4,2.4,2.7,1.9,0.5,0.1
"Caleb Love",24,"POR",NA,NA,"","","","","SG",49,1,20.7,10.4,3.9,10,0.388,1.9,6,0.318,0.7,1,0.735,0.5,1.8,2.3,2.5,0.6,0.1
"Lucas Williamson",27,"MEM",NA,NA,"","","","","SG",7,2,32,10.4,3.6,10.7,0.333,2.1,7.6,0.283,1.1,1.1,1,1.6,3.9,5.4,2.6,1.6,0.1
"Egor Dёmin",19,"BRK",NA,NA,"","","","","PG",52,45,25.2,10.3,3.4,8.6,0.399,2.4,6.2,0.385,1,1.3,0.831,0.4,2.8,3.2,3.3,0.8,0.3
"DaQuan Jeffries",28,"SAC",195.58,100.697424,"Tulsa","USA","Undrafted","Undrafted","SG",3,0,20,10.3,3.7,6.3,0.579,1.3,3,0.444,1.7,1.7,1,1,0.7,1.7,0.3,0.7,0
"Will Riley",19,"WAS",NA,NA,"","","","","SF",74,18,22.1,10.3,3.7,8.4,0.439,1.1,3.3,0.316,1.9,2.4,0.8,0.8,2.1,2.9,2,0.7,0.1
"Khris Middleton",34,"2TM",200.66,100.697424,"Texas A&M","USA","2012","2","SF",63,50,22.8,10.2,3.6,8.6,0.42,1.1,3,0.36,1.9,2.2,0.875,0.8,2.9,3.7,2.8,0.7,0.1
"Khris Middleton",34,"WAS",200.66,100.697424,"Texas A&M","USA","2012","2","SF",34,34,24.3,10.3,3.8,8.8,0.433,1,2.9,0.333,1.7,2,0.841,0.9,3.1,3.9,3.3,0.8,0.3
"Khris Middleton",34,"DAL",200.66,100.697424,"Texas A&M","USA","2012","2","SF",29,16,21.1,10,3.3,8.3,0.404,1.2,3,0.391,2.1,2.3,0.91,0.7,2.6,3.3,2.2,0.5,0
"Neemias Queta",26,"BOS",213.36,112.490816,"Utah State","Portugal","2021","2","C",76,75,25.3,10.2,4.3,6.6,0.653,0,0.1,0.125,1.6,2.3,0.703,3,5.3,8.4,1.7,0.8,1.3
"D'Angelo Russell",29,"DAL",193.04,87.543256,"Ohio State","USA","2015","1","PG",26,3,19,10.2,3.6,8.9,0.405,1.3,4.3,0.295,1.7,2.3,0.717,0.3,2,2.3,4,0.5,0.1
"Jalen Smith",25,"CHI",205.74,97.52228,"Maryland","USA","2020","1","C",53,21,20.7,10.2,3.7,7.6,0.483,1.5,4.2,0.373,1.3,1.8,0.742,1.8,4.8,6.7,1.2,0.5,0.8
"Ziaire Williams",24,"BRK",205.74,83.91452,"Stanford","USA","2021","1","SF",56,13,22.9,10.2,3.3,7.7,0.425,1.5,4.5,0.343,2.1,2.5,0.85,0.5,1.9,2.4,1.1,1.4,0.4
"Precious Achiuwa",26,"SAC",203.2,102.0582,"Memphis","Nigeria","2020","1","C",73,57,23.9,10.1,4.3,8.2,0.528,0.4,1.3,0.278,1.1,1.9,0.554,2.4,4.3,6.7,1.4,0.9,0.7
"Derrick Jones Jr.",28,"LAC",198.12,95.25432,"UNLV","USA","Undrafted","Undrafted","SF",50,45,27,10.1,3.8,7.6,0.499,1.1,3.1,0.359,1.4,1.9,0.763,1.2,2.2,3.5,1.4,0.9,1
"Kevin Huerter",27,"2TM",200.66,89.811216,"Maryland","USA","2018","1","SF",69,14,22.4,10,3.9,8.6,0.451,1.4,4.7,0.308,0.8,1,0.775,0.5,3,3.5,2.6,0.9,0.5
"Kevin Huerter",27,"CHI",200.66,89.811216,"Maryland","USA","2018","1","SF",44,11,23.6,10.9,4.2,9.2,0.455,1.6,5.1,0.314,0.9,1.3,0.732,0.5,3.3,3.8,2.6,0.8,0.6
"Kevin Huerter",27,"DET",200.66,89.811216,"Maryland","USA","2018","1","SG",25,3,20.5,8.6,3.4,7.7,0.443,1.2,4.1,0.294,0.6,0.6,0.933,0.4,2.4,2.8,2.5,1.1,0.3
"Jordan Miller",26,"LAC",NA,NA,"","","","","SF",60,1,22.1,10,3.5,6.7,0.531,0.6,1.8,0.345,2.3,2.9,0.777,0.8,2.2,3,2.3,0.8,0.2
"Toby Okani",24,"MEM",NA,NA,"","","","","SG",6,4,36.2,10,4.2,11.7,0.357,1.5,5.2,0.29,0.2,1.3,0.125,1.5,2,3.5,1,0.7,0.5
"Olivier-Maxence Prosper",23,"MEM",NA,NA,"","","","","PF",53,24,18.6,10,3.6,6.6,0.549,1.1,2.8,0.405,1.6,2.2,0.754,1.1,2.4,3.5,1,0.8,0.2
"Isaiah Stewart",24,"DET",203.2,113.398,"Washington","USA","2020","1","C",58,13,22.7,10,3.8,6.9,0.55,0.7,2.1,0.333,1.7,2.3,0.756,1.7,3.3,5,1.1,0.3,1.6
"Harrison Barnes",33,"SAS",203.2,102.0582,"North Carolina","USA","2012","1","PF",77,52,25.8,9.9,3.4,7.5,0.456,1.8,4.6,0.388,1.3,1.6,0.829,0.8,2,2.8,1.9,0.6,0.2
"Tristan Da Silva",24,"ORL",NA,NA,"","","","","SF",77,34,24.7,9.9,3.6,8.1,0.45,1.6,4.2,0.374,1.1,1.2,0.884,0.8,2.9,3.7,1.6,0.9,0.3
"Ausar Thompson",23,"DET",NA,NA,"","","","","SF",73,72,26,9.9,4.2,7.9,0.525,0.1,0.3,0.25,1.5,2.6,0.571,2.1,3.7,5.7,3.1,2,0.9
"Royce O'Neale",32,"PHO",198.12,102.511792,"Baylor","USA","Undrafted","Undrafted","SF",78,67,28.4,9.8,3.4,8,0.421,2.7,6.7,0.408,0.3,0.5,0.711,0.8,4,4.8,2.7,1.1,0.4
"Zach Collins",28,"CHI",210.82,113.398,"Gonzaga","USA","2017","1","C",10,0,18.4,9.7,3.7,6.4,0.578,0.9,2.1,0.429,1.4,2,0.7,1.6,4,5.6,1.5,0.2,0.4
"Micah Potter",27,"IND",203.2,112.490816,"Wisconsin","USA","Undrafted","Undrafted","C",47,7,19.3,9.7,3.2,6.2,0.515,1.5,3.6,0.423,1.8,2.1,0.842,1.2,3.7,5,1.5,0.5,0.3
"Javon Small",23,"MEM",NA,NA,"","","","","PG",41,12,20.2,9.7,3.3,7,0.465,1.5,3.5,0.423,1.7,2,0.829,0.9,2.2,3.1,3.7,0.8,0.2
"Zaccharie Risacher",20,"ATL",NA,NA,"","","","","SF",67,46,22.4,9.6,3.6,8,0.455,1.4,3.9,0.368,0.9,1.3,0.644,1.1,2.8,3.8,1.1,0.9,0.5
"Daniel Gafford",27,"DAL",208.28,106.140528,"Arkansas","USA","2019","2","C",55,44,21.7,9.5,3.8,5.7,0.655,0,0,NA,2,2.9,0.683,2.5,4.4,6.9,1.1,0.8,1.3
"Jay Huff",27,"IND",215.9,108.86208,"Virginia","USA","Undrafted","Undrafted","C",82,47,21,9.5,3.5,7.5,0.476,1.5,4.5,0.319,1,1.2,0.828,0.9,3.1,4,1.5,0.5,1.9
"T.J. McConnell",33,"IND",185.42,86.18248,"Arizona","USA","2015","Undrafted","PG",56,4,17.2,9.4,4.3,8,0.538,0.3,0.9,0.32,0.4,0.5,0.862,0.4,1.8,2.2,5.1,1,0.2
"Svi Mykhailiuk",28,"UTA",200.66,92.98636,"Kansas","Ukraine","2018","2","SF",50,41,23.1,9.4,3.5,7.2,0.478,2,4.8,0.408,0.5,0.6,0.893,0.7,1.8,2.5,1.9,0.5,0.1
"Aaron Wiggins",27,"OKC",195.58,86.18248,"Maryland","USA","2021","2","SG",65,21,21.8,9.4,3.6,8.2,0.431,1.5,4.2,0.356,0.8,1.1,0.736,0.6,2.4,3.1,1.7,0.9,0.4
"Daniss Jenkins",24,"DET",NA,NA,"","","","","PG",72,19,20.2,9.3,3.2,7.9,0.408,1,2.7,0.374,1.9,2.2,0.832,0.7,1.6,2.3,3.9,0.9,0.2
"Davion Mitchell",27,"MIA",182.88,91.625584,"Baylor","USA","2021","1","PG",70,70,28.6,9.3,3.7,7.6,0.49,1.3,3.3,0.395,0.6,0.9,0.646,0.5,2.2,2.7,6.5,1,0.2
"Isaac Okoro",25,"CHI",195.58,102.0582,"Auburn","USA","2020","1","SG",63,62,26.9,9.3,3.3,7.3,0.46,1.2,3.5,0.33,1.4,1.8,0.795,1.1,1.7,2.7,1.6,0.7,0.5
"Landry Shamet",28,"NYK",193.04,86.18248,"Wichita State","USA","2018","1","SG",51,12,23,9.3,3.1,7.1,0.437,2,5.2,0.392,1.1,1.5,0.711,0.5,1.4,1.8,1.4,0.6,0.2
"Marcus Smart",31,"LAL",193.04,99.79024,"Oklahoma State","USA","2014","1","SG",62,54,28.5,9.3,3,7.7,0.395,1.6,4.7,0.331,1.7,2.1,0.822,0.6,2.2,2.8,3,1.4,0.4
"Jaden Hardy",23,"2TM",190.5,89.811216,"","USA","2022","2","SG",57,4,15.8,9.2,3.2,7.5,0.424,1.8,4.6,0.397,1,1.3,0.733,0.3,1.2,1.5,1,0.3,0.1
"Jaden Hardy",23,"DAL",190.5,89.811216,"","USA","2022","2","SG",34,4,12.6,6.9,2.3,5.7,0.402,1.4,3.6,0.371,0.9,1.2,0.775,0.3,1.1,1.4,0.9,0.3,0.1
"Jaden Hardy",23,"WAS",190.5,89.811216,"","USA","2022","2","SG",23,0,20.4,12.6,4.5,10.2,0.443,2.5,6,0.42,1,1.5,0.686,0.2,1.5,1.7,1.3,0.3,0.2
"Isaiah Hartenstein",27,"OKC",213.36,113.398,"","Germany","2017","2","C",47,46,24.2,9.2,3.9,6.3,0.622,0,0.1,0,1.4,2.2,0.61,3.2,6.3,9.4,3.5,1,0.8
"Sam Hauser",28,"BOS",200.66,98.429464,"Virginia","USA","Undrafted","Undrafted","PF",78,49,24.8,9.2,3.2,7.7,0.419,2.5,6.5,0.393,0.2,0.3,0.85,0.7,3.1,3.8,1.5,0.5,0.3
"Corey Kispert",26,"2TM",198.12,101.604608,"Gonzaga","USA","2021","1","SF",58,10,18.6,9.2,3.2,6.8,0.467,1.5,4.1,0.367,1.3,1.7,0.794,0.5,1.8,2.3,1.6,0.3,0.2
"Corey Kispert",26,"WAS",198.12,101.604608,"Gonzaga","USA","2021","1","SF",19,2,19.5,9.2,3.1,6.3,0.496,1.6,4,0.395,1.4,1.8,0.765,0.3,2,2.3,1.7,0.4,0.2
"Corey Kispert",26,"ATL",198.12,101.604608,"Gonzaga","USA","2021","1","SF",39,8,18.2,9.2,3.2,7.1,0.455,1.5,4.1,0.354,1.3,1.6,0.81,0.5,1.7,2.3,1.5,0.2,0.2
"Taurean Prince",31,"MIL",198.12,98.883056,"Baylor","USA","2016","1","SF",26,7,23.5,9.2,3.3,7.3,0.45,2.3,5.4,0.436,0.2,0.2,1,0.2,3,3.1,1.8,0.6,0.2
"Gui Santos",23,"GSW",NA,NA,"","","","","PF",68,30,20.5,9.2,3.4,6.8,0.5,1.1,3.3,0.351,1.3,1.8,0.725,1.1,2.8,3.9,2.3,0.9,0.3
"Cam Whitmore",21,"WAS",NA,NA,"","","","","SF",21,0,16.9,9.2,3.7,8,0.456,0.8,2.7,0.286,1.1,1.5,0.742,0.9,1.9,2.8,0.7,0.7,0.4
"Quenton Jackson",27,"IND",195.58,78.471416,"Texas A&M","USA","Undrafted","Undrafted","PG",49,19,18.3,9.1,3.1,6.7,0.47,0.9,2.4,0.356,2,2.4,0.824,0.6,1.8,2.3,2.9,0.6,0.1
"Tristan Vukcevic",22,"WAS",NA,NA,"","","","","C",49,12,13.7,9,3.1,6.5,0.479,1,2.9,0.347,1.8,2.3,0.784,0.7,2.3,3,1.1,0.5,0.7
"Devin Carter",23,"SAC",NA,NA,"","","","","PG",38,12,18.4,8.9,3.2,7.7,0.414,0.8,3,0.263,1.8,2.5,0.713,0.9,2.3,3.3,2.7,0.9,0.2
"Herbert Jones",27,"NOP",200.66,93.439952,"Alabama","USA","2021","2","SF",56,56,28.4,8.9,3.3,8.5,0.383,1.4,4.6,0.309,0.9,1.1,0.806,0.8,2.6,3.4,2.8,1.6,0.5
"Nolan Traoré",19,"BRK",NA,NA,"","","","","PG",56,31,22.2,8.9,3.3,8.6,0.38,1.1,3.4,0.318,1.3,1.7,0.787,0.3,1.5,1.8,3.8,0.8,0.4
"Danny Wolf",21,"BRK",NA,NA,"","","","","PF",57,15,20.8,8.9,3.1,7.7,0.405,1.2,3.7,0.322,1.5,1.9,0.771,1,3.9,4.9,2.2,0.5,0.6
"John Poulakidas",22,"DAL",NA,NA,"","","","","SG",13,0,19.5,8.8,3,7,0.429,2.4,5.9,0.403,0.5,0.5,0.857,0.3,2,2.3,0.8,0.5,0.3
"Payton Sandfort",23,"OKC",NA,NA,"","","","","SF",4,0,15.8,8.8,3.3,6.5,0.5,1.8,4.3,0.412,0.5,1,0.5,0.3,2.3,2.5,0,0.3,0
"Cody Williams",21,"UTA",NA,NA,"","","","","SG",67,41,24.3,8.8,3.6,7.6,0.468,0.4,2,0.214,1.3,1.8,0.706,0.9,2,3,2,0.8,0.4
"Justin Champagnie",24,"WAS",198.12,93.439952,"Pittsburgh","USA","Undrafted","Undrafted","SF",69,19,20,8.7,3.4,6.7,0.502,0.8,2.4,0.319,1.2,1.5,0.784,2.1,3.5,5.6,1.2,0.9,0.6
"Jordan Goodwin",27,"PHO",190.5,90.7184,"St. Louis","USA","Undrafted","Undrafted","PG",70,10,22.5,8.7,3.3,7.9,0.413,1.6,4.3,0.371,0.6,0.8,0.696,2,2.9,4.9,2.2,1.5,0.2
"Day'Ron Sharpe",24,"BRK",205.74,120.20188,"North Carolina","USA","2021","1","C",62,7,18.7,8.7,3.5,5.7,0.601,0.1,0.6,0.231,1.7,2.5,0.678,2.8,3.9,6.7,2.3,1.1,0.4
"Jonas Valančiūnas",33,"DEN",210.82,120.20188,"","Lithuania","2011","1","C",65,6,13.4,8.7,3.5,6,0.582,0.1,0.4,0.308,1.6,2.1,0.772,1.6,3.4,5.1,1.2,0.2,0.6
"Jordan Clarkson",33,"NYK",195.58,87.996848,"Missouri","USA","2014","2","SG",72,1,17.8,8.6,3.3,7.3,0.451,1,3,0.327,1.1,1.3,0.83,0.9,0.9,1.8,1.3,0.4,0.1
"Nique Clifford",23,"SAC",NA,NA,"","","","","SG",75,28,25.1,8.6,3.3,7.9,0.418,1,3.1,0.333,0.9,1.3,0.722,0.9,2.9,3.8,2.4,0.9,0.3
"Cason Wallace",22,"OKC",NA,NA,"","","","","SG",77,58,26.6,8.6,3.3,7.6,0.432,1.3,3.7,0.351,0.7,0.9,0.809,0.8,2.3,3.1,2.6,1.9,0.4
"Jaden Ivey",23,"2TM",193.04,88.45044,"Purdue","USA","2022","1","SG",37,5,18.1,8.5,3.1,6.9,0.445,1.4,3.6,0.373,1,1.3,0.809,0.6,1.8,2.5,1.8,0.6,0.4
"Jaden Ivey",23,"DET",193.04,88.45044,"Purdue","USA","2022","1","SG",33,2,16.8,8.2,3,6.7,0.45,1.3,3.4,0.372,0.9,1.2,0.789,0.6,1.6,2.2,1.6,0.5,0.4
"Jaden Ivey",23,"CHI",193.04,88.45044,"Purdue","USA","2022","1","SG",4,3,28.8,11.5,3.8,9,0.417,2,5.3,0.381,2,2.3,0.889,1.3,3.5,4.8,4,2,0.5
"Vít Krejčí",25,"2TM",203.2,88.45044,"","Czech Republic","2020","2","PG",65,8,21.4,8.5,3,6.6,0.448,2,5,0.39,0.6,0.8,0.745,0.5,1.8,2.3,1.5,0.7,0.3
"Vít Krejčí",25,"ATL",203.2,88.45044,"","Czech Republic","2020","2","PG",46,8,22.3,9,3.1,6.7,0.464,2.2,5.2,0.423,0.6,0.8,0.75,0.4,1.7,2.1,1.5,0.8,0.3
"Vít Krejčí",25,"POR",203.2,88.45044,"","Czech Republic","2020","2","PG",19,0,19.2,7.2,2.6,6.4,0.405,1.4,4.7,0.303,0.6,0.8,0.733,0.6,2.1,2.7,1.7,0.5,0.3
"Simone Fontecchio",30,"MIA",200.66,94.800728,"","Italy","Undrafted","Undrafted","SF",70,9,16.8,8.5,2.8,6.7,0.412,1.8,4.7,0.375,1.2,1.5,0.843,0.8,2.2,3,1.4,0.5,0.1
"Bones Hyland",25,"MIN",187.96,76.657048,"Virginia Commonwealth","USA","2021","1","PG",71,3,16.6,8.5,3,6.6,0.453,1.6,4.2,0.388,0.9,1.2,0.78,0.3,1.5,1.8,2.6,0.6,0.2
"Brook Lopez",37,"LAC",215.9,127.912944,"Stanford","USA","2008","1","C",75,40,21.8,8.5,3.1,7.2,0.428,1.5,4.2,0.36,0.7,1,0.757,0.6,3,3.6,1.3,0.6,1.2
"Collin Murray-Boyles",20,"TOR",NA,NA,"","","","","PF",57,22,21.9,8.5,3.5,6,0.579,0.3,0.9,0.34,1.2,1.9,0.657,2.3,2.7,5,1.9,0.9,0.9
"Luke Kennard",29,"2TM",195.58,93.439952,"Duke","USA","2017","1","SG",78,6,21.6,8.4,3,5.7,0.533,1.5,3.1,0.478,0.8,0.9,0.913,0.4,1.9,2.3,2.2,0.7,0.1
"Luke Kennard",29,"ATL",195.58,93.439952,"Duke","USA","2017","1","SG",46,0,20.5,7.9,2.8,5.2,0.538,1.6,3.2,0.497,0.7,0.8,0.914,0.4,1.7,2.2,2.1,0.7,0.1
"Luke Kennard",29,"LAL",195.58,93.439952,"Duke","USA","2017","1","SG",32,6,23,9,3.3,6.3,0.527,1.3,3,0.448,1,1.1,0.912,0.4,2.2,2.6,2.4,0.7,0.1
"Kentavious Caldwell-Pope",32,"MEM",195.58,92.532768,"Georgia","USA","2013","1","SG",51,14,21.3,8.4,2.9,7.2,0.41,1.1,3.4,0.316,1.4,1.6,0.913,0.4,2.1,2.5,2.7,0.8,0.2
"Draymond Green",35,"GSW",198.12,104.32616,"Michigan State","USA","2012","2","PF",68,68,27.5,8.4,3,7.2,0.418,1.5,4.6,0.326,0.9,1.2,0.702,0.8,4.7,5.5,5.5,0.9,0.6
"Jared McCain",21,"2TM",NA,NA,"","","","","SG",67,3,17.3,8.3,3,7.2,0.425,1.5,3.8,0.385,0.8,0.9,0.864,0.3,1.7,2,1.3,0.5,0.1
"Jared McCain",21,"PHI",NA,NA,"","","","","SG",37,1,16.8,6.6,2.4,6.2,0.385,1.2,3.2,0.378,0.6,0.7,0.88,0.2,1.9,2,1.7,0.6,0.1
"Jared McCain",21,"OKC",NA,NA,"","","","","SG",30,2,18,10.4,3.8,8.3,0.462,1.8,4.6,0.391,1,1.1,0.853,0.6,1.5,2.1,0.9,0.4,0.1
"Luguentz Dort",26,"OKC",193.04,99.79024,"Arizona State","Canada","Undrafted","Undrafted","SF",69,69,26.8,8.3,2.9,7.6,0.385,1.9,5.4,0.344,0.6,0.8,0.759,0.8,2.7,3.6,1.2,0.9,0.4
"Al Horford",39,"GSW",205.74,108.86208,"Florida","Dominican Republic","2007","1","C",45,13,21.5,8.3,3.1,7.2,0.426,1.6,4.6,0.361,0.5,0.6,0.846,1,3.9,4.9,2.6,0.7,1.1
"Josh Oduro",25,"NOP",NA,NA,"","","","","PF",3,1,27.3,8.3,3.7,5.7,0.647,0,0.7,0,1,2,0.5,3.7,4,7.7,1.3,0,0
"Kadary Richmond",24,"WAS",NA,NA,"","","","","SG",3,0,22.3,8.3,3.3,5.3,0.625,0.7,1.3,0.5,1,1,1,0.3,3,3.3,2.7,2.7,0.3
"Malachi Smith",26,"BRK",NA,NA,"","","","","SG",15,4,23.9,8.3,3.2,6.6,0.485,1.3,3.1,0.435,0.5,0.5,1,0.8,2.6,3.4,3.3,0.8,0.3
"Bradley Beal",32,"LAC",193.04,93.893544,"Florida","USA","2012","1","SG",6,6,20.2,8.2,3,8,0.375,1.2,3.2,0.368,1,1.3,0.75,0.3,0.5,0.8,1.7,0.5,0
"LJ Cryer",24,"GSW",NA,NA,"","","","","PG",18,1,16.2,8.2,2.6,6.5,0.402,2.1,5.2,0.394,0.9,1.1,0.895,0.2,1.3,1.6,1,0.2,0
"Ron Holland",20,"DET",195.58,92.98636,"Boston U.","USA","Undrafted","Undrafted","SF",78,5,19.9,8.2,3,7,0.432,0.6,2.5,0.253,1.5,1.9,0.805,1.1,3,4,1.2,1.2,0.3
"Chaney Johnson",23,"BRK",NA,NA,"","","","","SF",17,1,20.5,8.2,3,5.5,0.543,0.5,1.8,0.3,1.6,2.1,0.8,1.9,2.7,4.6,2.1,0.9,0.5
"Jake LaRavia",24,"LAL",200.66,106.59412,"Wake Forest","USA","2022","1","PF",82,43,25.1,8.2,2.9,6.4,0.459,1,3,0.321,1.4,1.9,0.763,1.4,2.6,4,1.8,1.3,0.5
"Sharife Cooper",24,"WAS",185.42,79.832192,"Auburn","USA","2021","2","PG",41,1,17.1,8.1,3.1,6,0.514,0.7,1.9,0.382,1.2,1.5,0.833,0.4,1.7,2.1,3,0.4,0.1
"Luka Garza",27,"BOS",208.28,110.222856,"Iowa","USA","2021","2","C",69,6,16.2,8.1,3,5.2,0.577,0.8,1.8,0.433,1.3,1.7,0.769,2.3,1.8,4.1,1,0.4,0.4
"Bez Mbeng",22,"UTA",NA,NA,"","","","","SG",15,5,32.8,8.1,3.3,6.7,0.5,0.4,2.1,0.194,1.1,1.7,0.64,1.2,2.6,3.8,4.1,2.3,0.3
"Bryce McGowens",23,"NOP",198.12,79.3786,"Nebraska","USA","2022","2","SG",42,13,21,8.1,2.7,5.6,0.481,0.9,2.2,0.409,1.8,2.3,0.779,0.3,1.8,2.1,1.5,0.6,0.2
"Gary Trent Jr.",27,"MIL",195.58,94.800728,"Duke","USA","2018","2","SG",65,21,21.2,8.1,2.8,7.3,0.387,1.9,5.3,0.36,0.6,0.8,0.769,0.1,0.9,1,1.2,0.5,0
"Mouhamadou Gueye",27,"CHI",NA,NA,"","","","","PF",2,0,22.5,8,3,5.5,0.545,0.5,2.5,0.2,1.5,2,0.75,1,2,3,3,1,0.5
"DeJon Jarreau",28,"MEM",195.58,83.91452,"Houston","USA","Undrafted","Undrafted","SG",11,0,21,8,3,7.5,0.398,0.4,2.7,0.133,1.6,2.1,0.783,1.1,3.5,4.6,3.3,0.9,0.7
"David Roddy",24,"DEN",193.04,115.66596,"Colorado State","USA","2022","1","PF",5,0,14.6,8,3,6,0.5,0.6,2.2,0.273,1.4,1.4,1,1.6,2.4,4,0.8,0.8,0.2
"Tre Scott",29,"BRK",203.2,102.0582,"Cincinnati","USA","Undrafted","Undrafted","PF",6,4,30.3,8,3.2,8.3,0.38,1,3.2,0.316,0.7,1,0.667,1.7,3.5,5.2,1.7,1.3,0.8
"Nate Williams",26,"GSW",NA,NA,"","","","","SG",14,2,17.1,8,3.1,6.3,0.489,0.9,2.1,0.433,0.9,1.1,0.867,1.4,0.7,2.1,1,0.4,0
"Bruce Brown",29,"DEN",193.04,91.625584,"Miami","USA","2018","2","SG",82,4,24.4,7.9,3,6.4,0.475,0.7,1.8,0.385,1.2,1.5,0.762,1,2.8,3.9,2.1,1,0.2
"Moussa Diabaté",24,"CHO",208.28,95.25432,"Michigan","France","2022","2","C",73,47,26,7.9,3.1,5,0.631,0,0,0.5,1.6,2.4,0.659,3.7,5,8.7,1.9,0.8,1
"Tyson Etienne",26,"BRK",NA,NA,"","","","","PG",24,2,15.8,7.9,2.4,6,0.4,1.8,4.5,0.398,1.3,1.5,0.833,0.2,0.9,1.1,1.7,0.5,0
"Leonard Miller",22,"2TM",NA,NA,"","","","","SF",46,12,15.6,7.8,3.2,5.7,0.553,0.7,2.2,0.323,0.8,1.2,0.736,1.2,2.8,3.9,0.9,0.4,0.3
"Leonard Miller",22,"MIN",NA,NA,"","","","","SF",19,0,5,2.3,0.9,1.7,0.545,0.1,0.6,0.083,0.4,0.6,0.636,0.4,0.9,1.3,0.3,0.2,0
"Leonard Miller",22,"CHI",NA,NA,"","","","","SF",27,12,23.1,11.7,4.7,8.5,0.555,1.1,3.2,0.356,1.2,1.6,0.762,1.7,4,5.8,1.3,0.5,0.6
"Walter Clayton",22,"2TM",NA,NA,"","","","","PG",69,6,20.4,7.8,2.6,6.7,0.384,1.1,3.5,0.307,1.6,1.8,0.901,0.4,1.7,2,4,0.6,0.3
"Walter Clayton",22,"UTA",NA,NA,"","","","","PG",45,0,18,6.8,2.3,5.7,0.398,1,3.2,0.308,1.3,1.4,0.935,0.3,1.6,2,3.2,0.5,0.3
"Walter Clayton",22,"MEM",NA,NA,"","","","","PG",24,6,25,9.7,3.1,8.5,0.366,1.3,4.2,0.307,2.1,2.5,0.864,0.4,1.7,2.1,5.7,0.8,0.3
"Paul Reed",26,"DET",205.74,95.25432,"DePaul","USA","2020","2","C",65,11,13.9,7.8,3.2,5.2,0.617,0.2,0.6,0.325,1.1,1.7,0.664,2,2.5,4.5,1.2,0.9,0.9
"Oscar Tshiebwe",26,"UTA",NA,NA,"","","","","C",27,6,16.6,7.8,3.4,5.4,0.634,0,0,NA,1,1.8,0.551,2.9,3.8,6.6,1.2,0.6,0.2
"Dominick Barlow",22,"PHI",205.74,97.52228,"","USA","Undrafted","Undrafted","PF",71,59,23.8,7.7,3,5.6,0.539,0.3,1.2,0.256,1.3,1.8,0.718,1.9,2.9,4.8,1.2,0.9,0.7
"Quinten Post",25,"GSW",NA,NA,"","","","","PF",67,35,17.3,7.7,2.9,6.6,0.44,1.4,4.1,0.336,0.5,0.6,0.791,1,3,4,1.4,0.4,0.5
"Ousmane Dieng",22,"2TM",205.74,83.91452,"","France","2022","1","C",57,20,19.3,7.6,2.9,7,0.422,1.1,3.2,0.341,0.6,0.8,0.711,0.5,2.6,3.2,2.4,0.4,0.3
"Ousmane Dieng",22,"OKC",205.74,83.91452,"","France","2022","1","C",27,0,10.9,3.7,1.4,3.4,0.418,0.7,1.8,0.367,0.2,0.2,1,0.3,1.3,1.6,1,0.1,0.3
"Ousmane Dieng",22,"MIL",205.74,83.91452,"","France","2022","1","C",30,20,26.8,11,4.3,10.2,0.423,1.5,4.5,0.331,0.9,1.3,0.667,0.7,3.9,4.6,3.6,0.8,0.3
"Buddy Hield",33,"2TM",193.04,99.79024,"Oklahoma","Bahamas","2016","1","SG",51,3,16.1,7.6,2.8,6.4,0.437,1.5,4.2,0.349,0.6,0.7,0.811,0.5,1.7,2.3,1.4,0.8,0.2
"Buddy Hield",33,"GSW",193.04,99.79024,"Oklahoma","Bahamas","2016","1","SG",44,3,17.5,8,3,6.8,0.433,1.5,4.4,0.344,0.6,0.8,0.794,0.6,1.9,2.5,1.5,0.8,0.2
"Buddy Hield",33,"ATL",193.04,99.79024,"Oklahoma","Bahamas","2016","1","SG",7,0,7.3,5.1,1.9,3.9,0.481,1,2.4,0.412,0.4,0.4,1,0.1,1,1.1,0.7,0.3,0
"Ryan Kalkbrenner",24,"CHO",NA,NA,"","","","","C",69,31,21.4,7.6,3.2,4.2,0.753,0,0.1,0,1.2,1.7,0.716,2.4,3,5.5,0.8,0.5,1.5
"Vince Williams Jr.",25,"2TM",193.04,92.98636,"Virginia Commonwealth","USA","2022","2","SG",40,12,20.5,7.5,2.6,7.3,0.353,1.4,4.4,0.311,1,1.3,0.78,1,2.9,3.9,4.2,0.7,0.4
"Vince Williams Jr.",25,"MEM",193.04,92.98636,"Virginia Commonwealth","USA","2022","2","PG",34,12,21.6,8,2.7,7.8,0.352,1.4,4.7,0.308,1.1,1.4,0.804,1,3,4,4.4,0.8,0.4
"Vince Williams Jr.",25,"UTA",193.04,92.98636,"Virginia Commonwealth","USA","2022","2","SG",6,0,14,4.7,1.7,4.7,0.357,1,3,0.333,0.3,0.7,0.5,0.8,2.3,3.2,2.7,0.3,0.3
"Jaxson Hayes",25,"LAL",213.36,99.79024,"Texas","USA","2019","1","C",66,9,18.3,7.5,3,4,0.756,0,0,1,1.5,2.3,0.653,1.5,2.6,4.1,0.9,0.4,0.8
"Gary Payton II",33,"GSW",187.96,88.45044,"Oregon State","USA","Undrafted","Undrafted","SG",73,1,15.6,7.5,3.3,5.7,0.583,0.5,1.7,0.291,0.4,0.5,0.65,1.4,2.2,3.6,1.7,0.9,0.3
"Ben Saraf",19,"BRK",NA,NA,"","","","","SG",44,11,20.8,7.5,2.7,6.9,0.396,0.4,2,0.211,1.7,2,0.83,0.5,1.6,2.1,3.3,0.9,0.2
"Ja'Kobe Walter",21,"TOR",NA,NA,"","","","","SG",72,19,20.5,7.5,2.5,5.6,0.446,1.5,3.7,0.409,1,1.3,0.789,0.8,1.8,2.6,1.2,1,0.2
"Josh Minott",23,"2TM",203.2,92.98636,"Memphis","USA","2022","2","PF",49,11,17,7.4,2.6,5.1,0.5,1.3,3.1,0.418,1,1.2,0.787,1,2.2,3.2,0.9,0.9,0.5
"Josh Minott",23,"BOS",203.2,92.98636,"Memphis","USA","2022","2","PF",33,10,15.9,5.8,2.1,4.1,0.507,1,2.3,0.442,0.6,0.8,0.769,1.2,2.4,3.6,1,0.7,0.4
"Josh Minott",23,"BRK",203.2,92.98636,"Memphis","USA","2022","2","SF",16,1,19.3,10.8,3.6,7.3,0.491,1.9,4.8,0.395,1.8,2.2,0.8,0.5,2,2.5,0.8,1.3,0.8
"Taylor Hendricks",22,"2TM",NA,NA,"","","","","PF",59,17,18.9,7.4,2.8,6,0.459,1.1,3.1,0.342,0.8,1.2,0.681,1.1,2.6,3.7,0.9,0.8,0.5
"Taylor Hendricks",22,"UTA",NA,NA,"","","","","PF",33,6,14.9,4.9,1.8,3.9,0.453,0.7,2.1,0.343,0.7,1,0.719,0.9,2.1,3,0.7,0.4,0.2
"Taylor Hendricks",22,"MEM",NA,NA,"","","","","PF",26,11,24.1,10.6,4,8.7,0.463,1.5,4.4,0.342,1,1.5,0.65,1.4,3.3,4.7,1.2,1.4,0.8
"Jose Alvarado",27,"2TM",182.88,81.192968,"Georgia Tech","USA","Undrafted","Undrafted","PG",69,3,19.9,7.4,2.7,6.5,0.416,1.5,4.2,0.352,0.5,0.7,0.761,0.4,2.1,2.5,3.4,1,0.1
"Jose Alvarado",27,"NOP",182.88,81.192968,"Georgia Tech","USA","Undrafted","Undrafted","PG",41,0,21.9,7.9,2.9,6.8,0.418,1.7,4.7,0.363,0.5,0.6,0.833,0.4,2.4,2.8,3.1,0.9,0.1
"Jose Alvarado",27,"NYK",182.88,81.192968,"Georgia Tech","USA","Undrafted","Undrafted","PG",28,3,16.9,6.6,2.5,6,0.414,1.1,3.4,0.33,0.5,0.8,0.682,0.4,1.7,2,3.8,1,0.1
"Bogdan Bogdanović",33,"LAC",195.58,102.0582,"","Serbia","2014","1","SG",23,3,19.7,7.4,2.6,6.6,0.388,1.4,4.1,0.347,0.9,1.1,0.8,0.3,2.3,2.6,2.2,0.4,0.1
"Caris LeVert",31,"DET",198.12,92.98636,"Michigan","USA","2016","1","SG",60,0,19.2,7.4,2.7,6.5,0.417,1,3,0.333,1,1.4,0.679,0.4,1.6,2,2.7,0.9,0.7
"Cameron Payne",31,"PHI",185.42,83.007336,"Murray State","USA","2015","1","PG",22,1,17,7.4,2.5,6.8,0.376,1.5,4.4,0.33,0.9,1,0.864,0.1,1.9,2,2.6,1.1,0.3
"Jamir Watkins",24,"WAS",NA,NA,"","","","","SG",50,7,20.6,7.4,2.6,5.9,0.446,0.9,3.2,0.297,1.1,1.6,0.695,1,2.9,3.9,1.3,1.1,0.5
"Kris Dunn",31,"LAC",190.5,92.98636,"Providence","USA","2016","1","PG",82,68,27.2,7.3,2.8,5.8,0.476,1,2.6,0.374,0.8,1,0.765,0.7,2.6,3.3,3.6,1.6,0.2
"Nikola Jović",22,"MIA",208.28,92.98636,"","Serbia","2022","1","PF",47,1,17.2,7.3,2.4,6.7,0.366,1,3.6,0.269,1.5,2.1,0.683,0.5,2.7,3.3,2.2,0.6,0.4
"Kobe Sanders",23,"LAC",NA,NA,"","","","","SG",68,16,19.9,7.3,2.6,5.6,0.466,1.2,2.9,0.408,0.8,1,0.826,0.4,1.8,2.3,1.6,0.7,0.1
"Jalen Slawson",26,"IND",NA,NA,"","","","","SF",13,6,23.9,7.3,2.6,5.9,0.442,1.2,3.1,0.375,0.9,1.3,0.706,0.5,3.8,4.4,2.8,1.5,1.1
"Terance Mann",29,"BRK",195.58,97.52228,"Florida State","USA","2019","2","SG",63,51,24.3,7.2,2.7,5.8,0.457,0.9,2.4,0.364,1,1.3,0.788,1.1,2.1,3.2,3,0.7,0.2
"Pat Spencer",29,"GSW",NA,NA,"","","","","PG",66,14,18.6,7.2,2.8,6.6,0.427,0.9,2.5,0.357,0.7,0.9,0.772,0.8,1.6,2.4,3.5,0.7,0.1
"Julian Strawther",23,"DEN",NA,NA,"","","","","SG",57,14,15.1,7.2,2.6,5.6,0.467,1,2.6,0.387,1,1.2,0.814,0.2,1.8,2,1.1,0.4,0.1
"Jaylin Williams",23,"OKC",205.74,108.86208,"Arkansas","USA","2022","2","PF",65,11,19.6,7.2,2.3,5.4,0.423,1.5,3.9,0.383,1.1,1.4,0.793,0.5,5,5.5,2.4,0.5,0.6
"Leaky Black",26,"WAS",NA,NA,"","","","","SF",15,9,28.9,7.1,2.7,6.9,0.388,1.3,3.7,0.345,0.5,0.5,0.875,1,4,5,1.5,1.2,0.5
"Seth Curry",35,"GSW",185.42,83.91452,"Duke","USA","Undrafted","Undrafted","SG",10,0,13.3,7.1,2.4,4.9,0.49,1.2,2.5,0.48,1.1,1.2,0.917,0.4,0.8,1.2,1,0.3,0
"Ben Sheppard",24,"IND",NA,NA,"","","","","SG",65,20,21.4,7.1,2.6,6,0.434,1.3,3.6,0.362,0.6,0.8,0.765,0.7,2.3,3,1.8,0.6,0.1
"Lawson Lovering",22,"MEM",NA,NA,"","","","","C",2,1,24.5,7,3,5,0.6,0,0,NA,1,2.5,0.4,3,4.5,7.5,1.5,1.5,0.5
"Ethan Thompson",26,"IND",NA,NA,"","","","","SG",32,13,20.4,7,2.3,6.1,0.378,1.2,3.6,0.328,1.2,1.5,0.787,0.5,1.6,2.2,1.8,0.6,0.3
"Grant Williams",27,"CHO",198.12,107.047712,"Tennessee","USA","2019","1","PF",36,3,19.8,7,2.2,5.1,0.426,1.4,3.7,0.388,1.2,1.5,0.815,1.3,2.7,3.9,1.6,0.5,0.5
"Patrick Williams",24,"CHI",200.66,97.52228,"Florida State","USA","2020","1","PF",72,6,20.5,7,2.5,6.6,0.372,1.3,3.8,0.347,0.8,1,0.72,0.7,2.3,3,1.5,0.7,0.4
"Javonte Green",32,"DET",195.58,92.98636,"Radford","USA","Undrafted","Undrafted","SG",82,6,17.6,6.9,2.3,5,0.447,1.1,3,0.381,1.3,1.5,0.84,0.8,2,2.8,0.7,1.2,0.3
"Moritz Wagner",28,"ORL",210.82,111.13004,"Michigan","Germany","2018","1","C",36,0,11.9,6.9,2.3,5.4,0.426,0.6,1.9,0.314,1.6,2,0.819,0.8,2.4,3.2,0.8,0.4,0.1
"MarJon Beauchamp",25,"PHI",200.66,90.264808,"","USA","2022","1","SF",14,1,14,6.8,2.4,5.4,0.434,1.1,3.4,0.34,0.9,1.4,0.684,0.5,1.8,2.3,1.1,0.6,0.3
"Elijah Harkless",25,"UTA",NA,NA,"","","","","SG",26,9,21,6.8,2.1,6.2,0.335,0.8,3.4,0.239,1.9,2.5,0.766,0.4,1.7,2,2.9,1.2,0.2
"Keon Ellis",26,"2TM",190.5,79.3786,"Alabama","USA","Undrafted","Undrafted","SG",72,11,20.5,6.7,2.3,5.3,0.44,1.3,3.5,0.363,0.7,1,0.729,0.5,1.3,1.9,1,1.2,0.6
"Keon Ellis",26,"SAC",190.5,79.3786,"Alabama","USA","Undrafted","Undrafted","SG",43,5,17.6,5.6,1.9,4.9,0.397,1.2,3.3,0.368,0.5,0.7,0.625,0.3,0.9,1.3,0.6,1.1,0.5
"Keon Ellis",26,"CLE",190.5,79.3786,"Alabama","USA","Undrafted","Undrafted","SG",29,6,24.8,8.3,3,6,0.491,1.3,3.7,0.355,1.1,1.3,0.816,0.8,2,2.8,1.6,1.3,0.8
"Isaiah Jackson",24,"2TM",205.74,92.98636,"Kentucky","USA","2021","1","C",55,14,16.5,6.7,2.7,4.3,0.637,0,0.1,0,1.2,1.9,0.648,2.1,3.2,5.3,0.9,0.7,0.9
"Isaiah Jackson",24,"IND",205.74,92.98636,"Kentucky","USA","2021","1","C",38,14,16.8,6.4,2.5,4.3,0.582,0,0,0,1.3,1.9,0.689,2.3,3.3,5.6,0.8,0.7,0.8
"Isaiah Jackson",24,"LAC",205.74,92.98636,"Kentucky","USA","2021","1","C",17,0,15.9,7.5,3.2,4.2,0.764,0,0.1,0,1,1.8,0.548,1.6,3.1,4.6,1.2,0.6,1.2
"Cole Anthony",25,"MIL",190.5,83.91452,"North Carolina","USA","2020","1","PG",35,0,15.1,6.7,2.8,6.6,0.424,0.6,2.1,0.306,0.5,0.7,0.615,0.5,2,2.5,3.5,0.6,0.3
"Kevin Love",37,"UTA",203.2,113.851592,"UCLA","USA","2008","1","PF",37,5,16.6,6.7,2.1,5.4,0.397,1.4,3.8,0.373,1,1.2,0.841,1.5,4.3,5.8,1.8,0.4,0.2
"Robert Williams",28,"POR",205.74,107.501304,"Texas A&M","USA","2018","1","C",59,1,17.1,6.7,3,4.2,0.708,0.2,0.4,0.391,0.6,1,0.596,2.4,4.6,7,1,0.6,1.5
"Ryan Nembhard",22,"DAL",NA,NA,"","","","","PG",60,27,19.5,6.6,2.7,6.5,0.415,0.8,2.3,0.356,0.4,0.5,0.806,0.2,2,2.2,5.3,0.4,0
"Jamal Shead",23,"TOR",NA,NA,"","","","","PG",82,12,22.6,6.6,2.3,6.1,0.367,1,3.2,0.321,1.1,1.4,0.784,0.3,1.4,1.7,5.4,0.9,0.2
"Oso Ighodaro",23,"PHO",NA,NA,"","","","","PF",82,24,22,6.5,2.9,4.5,0.653,0,0,0,0.6,1.4,0.453,1.7,3.4,5.1,2.3,0.9,0.7
"Luke Kornet",30,"SAS",218.44,113.398,"Vanderbilt","USA","Undrafted","Undrafted","C",68,25,21,6.5,2.6,4,0.643,0,0,NA,1.4,1.7,0.825,2.7,3.4,6.1,1.9,0.5,1
"Drake Powell",20,"BRK",NA,NA,"","","","","SG",63,24,21,6.5,2.3,5.7,0.402,0.8,2.9,0.28,1.1,1.2,0.896,0.3,1.4,1.8,1.4,0.6,0.2
"Trendon Watford",25,"PHI",203.2,107.501304,"Louisiana State","USA","Undrafted","Undrafted","PF",53,7,16.3,6.5,2.6,5.1,0.515,0.2,0.9,0.2,1.1,1.5,0.779,0.7,2.6,3.3,2.5,0.3,0.4
"Kenrich Williams",31,"OKC",198.12,95.25432,"TCU","USA","Undrafted","Undrafted","PF",56,2,15.3,6.5,2.5,5.3,0.473,0.9,2.3,0.388,0.6,0.9,0.635,1.1,2.3,3.3,1.4,0.6,0.1
"Jevon Carter",30,"2TM",185.42,90.7184,"West Virginia","USA","2018","2","PG",53,1,16.4,6.4,2.3,5.8,0.401,1.5,4.1,0.363,0.3,0.4,0.789,0.3,1.4,1.7,1.6,0.8,0.2
"Jevon Carter",30,"CHI",185.42,90.7184,"West Virginia","USA","2018","2","PG",23,0,11,5.4,1.8,4.5,0.398,1.4,3.4,0.41,0.4,0.4,1,0.2,0.9,1.1,0.8,0.6,0.1
"Jevon Carter",30,"ORL",185.42,90.7184,"West Virginia","USA","2018","2","PG",30,1,20.4,7.2,2.7,6.8,0.402,1.5,4.6,0.336,0.2,0.3,0.556,0.3,1.8,2.1,2.3,0.9,0.3
"Andre Drummond",32,"PHI",210.82,126.552168,"Connecticut","USA","2012","1","C",63,25,19.5,6.4,2.5,5.3,0.472,0.5,1.4,0.356,0.8,1.3,0.631,3.2,5.3,8.4,1.3,0.6,0.8
"Will Richard",23,"GSW",NA,NA,"","","","","SG",69,21,20,6.4,2.3,5,0.468,1,3.1,0.335,0.7,0.8,0.852,1,1.5,2.5,1.3,1.2,0.1
"Jalen Wilson",25,"BRK",NA,NA,"","","","","PF",54,2,15.9,6.4,2,5.1,0.396,1,2.8,0.355,1.3,1.8,0.719,0.3,1.8,2.1,0.9,0.4,0
"Rob Dillingham",21,"2TM",NA,NA,"","","","","PG",65,0,14.9,6.3,2.5,6.3,0.396,0.6,2,0.316,0.6,0.8,0.745,0.3,1.7,2,2.2,0.7,0.1
"Rob Dillingham",21,"MIN",NA,NA,"","","","","PG",35,0,9.3,3.5,1.3,4,0.333,0.3,0.9,0.364,0.4,0.6,0.75,0.1,1,1.2,1.7,0.5,0.1
"Rob Dillingham",21,"CHI",NA,NA,"","","","","PG",30,0,21.5,9.6,3.9,9,0.428,1,3.3,0.3,0.9,1.2,0.743,0.5,2.5,3,2.8,0.9,0.1
"Tyrese Martin",26,"2TM",198.12,97.52228,"Connecticut","USA","2022","2","SG",46,6,16.9,6.3,2.4,6,0.394,1.2,3.6,0.321,0.4,0.6,0.679,0.7,1.8,2.5,1.7,0.5,0.1
"Tyrese Martin",26,"BRK",198.12,97.52228,"Connecticut","USA","2022","2","SG",37,6,18.8,7.3,2.7,6.9,0.392,1.4,4.1,0.336,0.5,0.7,0.731,0.9,2,2.9,1.9,0.6,0.1
"Tyrese Martin",26,"PHI",198.12,97.52228,"Connecticut","USA","2022","2","SG",9,0,9,2.2,1,2.4,0.409,0.2,1.4,0.154,0,0.2,0,0.2,0.9,1.1,1,0.3,0.2
"Kyle Anderson",32,"3TM",205.74,104.32616,"UCLA","USA","2014","1","SF",43,5,19.8,6.2,2.5,4.7,0.53,0.1,0.3,0.364,1.1,1.6,0.706,1,2.5,3.5,2.9,1,0.6
"Kyle Anderson",32,"UTA",205.74,104.32616,"UCLA","USA","2014","1","SF",20,0,20.1,7.1,2.9,5.5,0.523,0.2,0.3,0.6,1.3,1.9,0.658,1,2.4,3.3,3.1,1.2,0.5
"Kyle Anderson",32,"MEM",205.74,104.32616,"UCLA","USA","2014","1","SF",4,3,22.3,9.3,3.8,4.8,0.789,0.3,0.3,1,1.5,2,0.75,0.8,2.8,3.5,0.8,1.5,1
"Kyle Anderson",32,"MIN",205.74,104.32616,"UCLA","USA","2014","1","SF",19,2,19.1,4.6,1.8,3.9,0.473,0,0.3,0,0.9,1.2,0.773,1.1,2.6,3.7,3.3,0.8,0.6
"Thomas Bryant",28,"CLE",208.28,112.490816,"Indiana","USA","2017","2","C",60,1,12.2,6.2,2.3,4.5,0.506,0.8,2.2,0.359,0.9,1.1,0.803,1,2.4,3.4,0.6,0.3,0.4
"Alex Caruso",31,"OKC",195.58,84.368112,"Texas A&M","USA","Undrafted","Undrafted","SG",56,0,18.2,6.2,2.3,5.4,0.423,0.9,3.2,0.293,0.7,0.9,0.804,0.5,2.3,2.8,2,1.3,0.3
"Kasparas Jakučionis",19,"MIA",NA,NA,"","","","","PG",53,12,17.8,6.2,1.9,4.5,0.429,1.2,2.9,0.423,1.1,1.2,0.879,0.8,1.8,2.6,2.6,0.6,0.1
"Jahmai Mashack",23,"MEM",NA,NA,"","","","","SG",31,7,21.7,6.2,2.5,6.3,0.395,0.6,2.4,0.253,0.6,1.1,0.543,0.7,1.9,2.6,2.2,1.2,0.5
"Nick Smith Jr.",21,"LAL",NA,NA,"","","","","SG",30,1,12.5,6.2,2.3,5.4,0.435,1.1,2.9,0.395,0.4,0.5,0.733,0.1,0.7,0.8,1,0.3,0.1
"Mac McClung",27,"2TM",187.96,83.91452,"Texas Tech","USA","Undrafted","Undrafted","SG",11,0,12.3,6.1,2.1,5.4,0.39,0.6,2.7,0.233,1.3,1.6,0.778,0.2,0.7,0.9,0.9,1,0.3
"Mac McClung",27,"IND",187.96,83.91452,"Texas Tech","USA","Undrafted","Undrafted","SG",3,0,11.3,6.3,2.3,6,0.389,0.7,3.3,0.2,1,1.3,0.75,0,1.3,1.3,0.3,1.7,0.3
"Mac McClung",27,"CHI",187.96,83.91452,"Texas Tech","USA","Undrafted","Undrafted","SG",8,0,12.6,6,2,5.1,0.39,0.6,2.5,0.25,1.4,1.8,0.786,0.3,0.5,0.8,1.1,0.8,0.3
"Gradey Dick",22,"TOR",NA,NA,"","","","","SG",76,1,14,6,2.1,5.1,0.419,0.7,2.4,0.301,1,1.2,0.875,0.6,1.4,1.9,0.7,0.6,0.1
"Justin Edwards",22,"PHI",NA,NA,"","","","","SF",64,12,15.3,6,2.2,5,0.447,1,2.8,0.372,0.5,0.6,0.846,0.4,1.1,1.5,1.3,0.8,0.2
"Hayden Gray",22,"UTA",NA,NA,"","","","","SG",1,0,25,6,2,3,0.667,0,1,0,2,2,1,0,0,0,1,1,1
"Tidjane Salaün",20,"CHO",NA,NA,"","","","","PF",37,0,15.5,6,2.2,4.3,0.503,1,2.2,0.434,0.7,1.1,0.65,0.7,3.3,4,0.7,0.4,0.2
"Goga Bitadze",26,"ORL",210.82,113.398,"","Georgia","2019","1","C",64,3,15.2,5.9,2.4,3.5,0.676,0,0.2,0.182,1.1,1.5,0.711,2.1,2.9,5,1.3,0.6,1
"Charles Bassey",25,"4TM",205.74,104.32616,"Western Kentucky","Nigeria","2021","2","C",13,0,11.8,5.8,2.4,3.6,0.66,0,0,NA,1.1,1.5,0.7,1.8,2.6,4.4,0.5,0.3,0.8
"Charles Bassey",25,"MEM",205.74,104.32616,"Western Kentucky","Nigeria","2021","2","C",2,0,15.5,3.5,1.5,4,0.375,0,0,NA,0.5,1.5,0.333,3.5,4,7.5,1,0.5,0.5
"Charles Bassey",25,"PHI",205.74,104.32616,"Western Kentucky","Nigeria","2021","2","C",1,0,5,2,1,1,1,0,0,NA,0,0,NA,0,0,0,0,0,1
"Charles Bassey",25,"BOS",205.74,104.32616,"Western Kentucky","Nigeria","2021","2","C",5,0,3.4,2.8,1.2,1.4,0.857,0,0,NA,0.4,0.8,0.5,0.8,0.4,1.2,0,0.2,0.4
"Charles Bassey",25,"GSW",205.74,104.32616,"Western Kentucky","Nigeria","2021","2","C",5,0,20,10.6,4.2,6.2,0.677,0,0,NA,2.2,2.6,0.846,2.4,4.8,7.2,1,0.4,1.4
"Kobe Brown",26,"2TM",NA,NA,"","","","","PF",61,10,15.8,5.8,2.1,4.4,0.469,0.9,2.3,0.374,0.8,1,0.797,1.1,1.9,3,1.3,0.4,0.2
"Kobe Brown",26,"LAC",NA,NA,"","","","","PF",34,0,8.7,2.9,1,2.5,0.393,0.4,1.4,0.265,0.6,0.8,0.808,0.5,1,1.6,0.8,0.3,0.1
"Kobe Brown",26,"IND",NA,NA,"","","","","PF",27,10,24.7,9.4,3.5,6.9,0.503,1.4,3.3,0.433,1,1.2,0.788,1.9,3,4.9,2,0.5,0.4
"Nick Richards",28,"2TM",213.36,111.13004,"Kentucky","Jamaica","2020","2","C",48,6,14.6,5.8,2.1,4.2,0.512,0.1,0.4,0.278,1.4,2.1,0.644,1.6,3.5,5.1,0.3,0.2,0.7
"Nick Richards",28,"PHO",213.36,111.13004,"Kentucky","Jamaica","2020","2","C",28,2,9.1,3.2,1.3,2.5,0.493,0,0,NA,0.7,1,0.679,1.3,2,3.3,0.3,0.1,0.5
"Nick Richards",28,"CHI",213.36,111.13004,"Kentucky","Jamaica","2020","2","C",20,4,22.4,9.4,3.4,6.5,0.523,0.3,0.9,0.278,2.3,3.7,0.63,2.1,5.5,7.6,0.4,0.3,0.9
"Steven Adams",32,"HOU",210.82,120.20188,"Pittsburgh","New Zealand","2013","1","C",32,11,22.8,5.8,2.2,4.3,0.504,0,0,NA,1.5,2.5,0.58,4.5,4.1,8.6,1.5,0.7,0.6
"Branden Carlson",26,"OKC",NA,NA,"","","","","C",42,4,11.6,5.8,2.3,4.4,0.527,0.7,2,0.36,0.4,0.6,0.577,0.7,2.3,3,0.7,0.2,0.6
"Ryan Dunn",23,"PHO",NA,NA,"","","","","SF",70,16,19.4,5.8,2.3,5.2,0.453,0.8,2.4,0.331,0.3,0.7,0.489,1.4,2.8,4.2,1.5,0.9,0.4
"Anthony Gill",33,"WAS",203.2,104.32616,"Virginia","USA","Undrafted","Undrafted","PF",55,8,17.3,5.8,2.5,3.9,0.628,0.3,0.9,0.354,0.6,0.8,0.739,1.1,1.8,2.9,1.3,0.6,0.4
"Kris Murray",25,"POR",NA,NA,"","","","","SF",57,15,23.4,5.8,2.3,4.8,0.467,0.6,2.1,0.279,0.7,1,0.684,1.6,2,3.6,1.4,0.9,0.4
"Matisse Thybulle",28,"POR",195.58,91.171992,"Washington","USA","2019","1","SG",30,0,16,5.8,1.9,4.5,0.433,1.2,3.1,0.398,0.7,0.8,0.84,0.6,1.4,2,0.9,2,0.5
"Nae'Qwan Tomlin",25,"CLE",NA,NA,"","","","","PF",64,3,15.7,5.8,2.3,4.9,0.478,0.4,1.8,0.235,0.7,1,0.77,1.3,1.6,2.9,0.8,0.6,0.5
"Dean Wade",29,"CLE",205.74,103.418976,"Kansas State","USA","Undrafted","Undrafted","PF",59,38,22.3,5.8,2.1,4.7,0.439,1.2,3.3,0.362,0.5,0.6,0.711,0.9,3.3,4.2,1.5,0.7,0.4
"Jamaree Bouyea",26,"PHO",187.96,81.64656,"San Francisco","USA","Undrafted","Undrafted","PG",46,1,14,5.7,2.3,5.1,0.458,0.5,1.7,0.295,0.5,0.8,0.686,0.4,1.4,1.8,1.8,0.6,0.3
"E.J. Liddell",25,"BRK",NA,NA,"","","","","PF",26,5,13.4,5.7,2.1,4.3,0.486,0.7,2,0.346,0.8,1,0.808,0.5,2.1,2.7,0.9,0.2,0.4
"Karlo Matković",24,"NOP",NA,NA,"","","","","PF",62,2,14.7,5.7,2.3,3.8,0.604,0.6,1.5,0.422,0.5,0.7,0.732,1.2,2.5,3.7,0.8,0.4,0.9
"Doug McDermott",34,"SAC",198.12,102.0582,"Creighton","USA","2014","1","SF",29,0,15.1,5.7,1.9,4.8,0.388,1.7,4.2,0.39,0.3,0.3,0.889,0.2,1,1.3,0.8,0.2,0.1
"Yves Missi",21,"NOP",NA,NA,"","","","","C",66,14,19.7,5.7,2.4,4.5,0.544,0,0,0,0.9,1.5,0.559,2.8,3.1,5.8,1.3,0.3,1.5
"Mitchell Robinson",27,"NYK",213.36,108.86208,"Western Kentucky","USA","2018","2","C",60,16,19.6,5.7,2.5,3.4,0.723,0,0,NA,0.7,1.7,0.408,4.2,4.6,8.8,0.9,0.9,1.2
"Guerschon Yabusele",30,"2TM",203.2,117.93392,"","France","2016","1","C",67,19,15,5.6,1.9,4.7,0.401,1,2.9,0.352,0.8,1.1,0.75,0.8,2.7,3.5,0.9,0.4,0.2
"Guerschon Yabusele",30,"NYK",203.2,117.93392,"","France","2016","1","C",41,0,8.9,2.7,1,2.6,0.393,0.5,1.7,0.294,0.2,0.3,0.667,0.6,1.5,2.1,0.4,0.1,0.1
"Guerschon Yabusele",30,"CHI",203.2,117.93392,"","France","2016","1","C",26,19,24.7,10,3.2,7.9,0.405,1.9,4.9,0.383,1.8,2.3,0.767,1.2,4.4,5.7,1.7,0.8,0.4
"Terrence Shannon Jr.",25,"MIN",NA,NA,"","","","","SG",43,2,12.5,5.6,1.8,4,0.45,0.7,1.8,0.408,1.3,1.6,0.8,0.2,0.9,1.1,0.9,0.3,0
"Dru Smith",28,"MIA",190.5,92.079176,"Missouri","USA","Undrafted","Undrafted","SG",70,1,16.3,5.6,1.9,4.6,0.415,0.5,1.8,0.295,1.2,1.5,0.829,0.9,1.6,2.5,2.6,1.4,0.3
"Eric Gordon",37,"PHI",190.5,97.52228,"Indiana","USA","2008","1","SG",6,0,12.3,5.5,2,3.5,0.571,1.3,2.3,0.571,0.2,0.3,0.5,0.2,0.2,0.3,0.5,0.7,0.2
"Killian Hayes",24,"SAC",195.58,88.45044,"","France","2020","1","PG",23,3,17.7,5.5,1.8,6,0.304,0.7,2.7,0.27,1.1,1.2,0.929,0.2,2.2,2.3,3.5,0.9,0.2
"Aaron Holiday",29,"HOU",182.88,83.91452,"UCLA","USA","2018","1","PG",57,1,13.7,5.5,1.8,4.4,0.417,1.2,3,0.394,0.6,0.7,0.854,0.2,0.8,1,1.1,0.5,0.1
"Jett Howard",22,"ORL",NA,NA,"","","","","SF",55,0,12.6,5.5,1.9,4.6,0.418,1,2.6,0.372,0.7,0.7,0.949,0.4,1.2,1.6,0.8,0.2,0.2
"Spencer Jones",24,"DEN",NA,NA,"","","","","SF",64,37,22.1,5.5,2.1,4.1,0.504,0.9,2.3,0.396,0.5,0.8,0.608,1.2,2.1,3.3,0.8,0.8,0.5
"Tre Mann",24,"CHO",190.5,80.739376,"Florida","USA","2021","1","PG",53,1,12.6,5.5,2.1,5.7,0.36,0.9,2.9,0.323,0.4,0.5,0.852,0.4,1.4,1.7,1.6,0.5,0.1
"Baylor Scheierman",25,"BOS",NA,NA,"","","","","SG",77,20,18.6,5.5,2,4.3,0.453,1.3,3.2,0.399,0.4,0.4,0.903,0.7,2.8,3.5,1.5,0.5,0.1
"Jamal Cain",26,"ORL",198.12,86.636072,"Oakland","USA","Undrafted","Undrafted","SF",40,1,12.2,5.4,1.9,3.8,0.487,0.7,1.8,0.384,1,1.2,0.848,0.7,1.3,2,0.7,0.3,0.1
"Dylan Cardwell",24,"SAC",NA,NA,"","","","","C",44,1,20.6,5.4,2.4,4.1,0.587,0,0.1,0.5,0.6,1.2,0.51,3.3,4.2,7.5,1.4,0.7,1.5
"Haywood Highsmith",29,"PHO",195.58,99.79024,"Wheeling Jesuit","USA","2018","Undrafted","SF",7,0,13,5.4,1.7,3.3,0.522,1.1,2,0.571,0.9,1,0.857,0.9,1,1.9,1,0.6,0
"Sion James",23,"CHO",NA,NA,"","","","","SG",82,19,22.5,5.4,1.7,4.5,0.371,1,2.9,0.352,1,1.2,0.837,0.6,2.9,3.5,2,0.6,0.2
"Pete Nance",25,"MIL",NA,NA,"","","","","PF",47,6,15.7,5.4,2.1,4.1,0.515,1.1,2.5,0.42,0.1,0.2,0.364,0.6,2.1,2.7,1,0.3,0.3
"Tyrese Proctor",21,"CLE",NA,NA,"","","","","PG",50,1,10.9,5.4,1.9,4.5,0.413,0.9,2.6,0.351,0.8,0.9,0.889,0.2,1.1,1.3,1.5,0.5,0
"Jordan Walsh",21,"BOS",NA,NA,"","","","","PF",68,25,17.8,5.4,2,3.9,0.509,0.7,1.8,0.384,0.6,0.8,0.772,1.3,2.8,4,0.8,0.7,0.5
"Rayan Rupert",21,"2TM",NA,NA,"","","","","SG",64,8,16.8,5.2,1.9,4.9,0.393,0.7,2.1,0.324,0.7,0.8,0.778,0.8,2.2,2.9,1.1,0.9,0.1
"Rayan Rupert",21,"POR",NA,NA,"","","","","SG",48,0,12,2.9,1.1,3.1,0.361,0.5,1.5,0.31,0.2,0.3,0.643,0.5,1.3,1.8,0.7,0.6,0
"Rayan Rupert",21,"MEM",NA,NA,"","","","","SG",16,8,30.9,12.2,4.4,10.4,0.422,1.4,4.1,0.338,2.1,2.5,0.825,1.6,4.8,6.4,2.1,1.6,0.4
"Trey Alexander",22,"NOP",185.42,86.18248,"Virginia","USA","1995","1","SG",9,0,12.3,5.2,2.1,4.1,0.514,0.7,1.3,0.5,0.3,0.6,0.6,0.1,1.1,1.2,1,0.7,0.2
"Drew Eubanks",28,"SAC",208.28,111.13004,"Oregon State","USA","Undrafted","Undrafted","C",42,11,13.1,5.2,2.2,3.7,0.596,0,0.2,0.143,0.8,1.4,0.561,0.9,2.1,3,0.5,0.4,0.6
"Andersson Garcia",25,"UTA",NA,NA,"","","","","SF",5,2,33.8,5.2,1.8,5.8,0.31,0.2,2.6,0.077,1.4,1.8,0.778,3.4,5,8.4,2.8,1.6,0.8
"Garrison Mathews",29,"IND",198.12,97.52228,"Lipscomb","USA","Undrafted","Undrafted","SG",15,1,13.1,5.2,1.4,3.5,0.404,1.1,3.1,0.37,1.3,1.5,0.826,0.1,1,1.1,0.7,0.4,0.2
"Asa Newell",20,"ATL",NA,NA,"","","","","PF",44,2,11.4,5.2,2.1,3.8,0.538,0.7,1.7,0.387,0.4,0.7,0.552,1,1.2,2.2,0.6,0.4,0.3
"Jalen Pickett",26,"DEN",NA,NA,"","","","","SG",50,18,16.1,5.2,2,4.6,0.422,1,2.5,0.386,0.3,0.4,0.789,0.4,1.9,2.3,2.3,0.3,0.1
"Marcus Sasser",25,"DET",NA,NA,"","","","","PG",38,5,12,5.2,1.8,4.7,0.39,1.2,2.8,0.415,0.4,0.5,0.833,0.2,0.8,1,2,0.5,0.1
"Nikola Topić",20,"OKC",NA,NA,"","","","","PG",10,2,16,5.2,2.2,5.1,0.431,0.6,1.5,0.4,0.2,0.5,0.4,0.7,1.2,1.9,4.4,0.5,0
"Ochai Agbaji",25,"2TM",195.58,97.52228,"Kansas","USA","2022","1","SG",62,13,15.7,5.1,2,4.5,0.436,0.5,2.1,0.266,0.6,0.7,0.837,0.7,1.5,2.3,0.8,0.4,0.3
"Ochai Agbaji",25,"TOR",195.58,97.52228,"Kansas","USA","2022","1","SG",42,13,15.5,4.3,1.7,4,0.424,0.3,1.5,0.185,0.6,0.7,0.862,0.8,1.5,2.3,0.7,0.4,0.3
"Ochai Agbaji",25,"BRK",195.58,97.52228,"Kansas","USA","2022","1","SG",20,0,16.2,6.7,2.5,5.5,0.455,1.1,3.2,0.349,0.6,0.7,0.786,0.7,1.7,2.3,0.9,0.4,0.3
"Sidy Cissoko",21,"POR",NA,NA,"","","","","SF",75,26,19.1,5.1,1.8,4.5,0.398,0.8,2.6,0.298,0.8,1.2,0.659,0.8,1.4,2.2,1.5,0.7,0.3
"Johnny Furphy",21,"IND",NA,NA,"","","","","SG",35,21,18.4,5.1,2,4.3,0.47,0.7,2,0.324,0.5,1,0.486,0.9,3.5,4.4,1.2,0.6,0.2
"Jordan Hawkins",23,"NOP",NA,NA,"","","","","SG",51,1,13.6,5.1,1.8,5,0.366,0.9,2.6,0.348,0.5,0.5,0.852,0.4,1.3,1.7,0.8,0.3,0.2
"Jericho Sims",27,"MIL",208.28,113.398,"Texas","USA","2021","2","C",67,19,19.7,5,2.2,2.8,0.784,0,0,NA,0.7,1.1,0.62,2.2,3.3,5.5,1.6,0.3,0.3
"Adem Bona",22,"PHI",NA,NA,"","","","","C",71,18,17.4,4.8,1.8,3.1,0.595,0,0.1,0.333,1.1,1.6,0.708,1.8,2.5,4.3,0.5,0.4,1.2
"Blake Wesley",22,"POR",193.04,83.91452,"Notre Dame","USA","2022","1","SG",31,0,11.6,4.8,1.8,4,0.452,0.3,1.2,0.278,0.8,1.5,0.553,0.3,1,1.3,2,0.5,0.2
"Tyler Smith",21,"DAL",NA,NA,"","","","","PF",12,0,13.8,4.7,1.8,4.2,0.42,0.8,2.9,0.286,0.3,0.5,0.667,1,1.8,2.8,0.4,0.5,0
"KJ Simpson",23,"2TM",NA,NA,"","","","","PG",20,2,12.9,4.6,1.7,5,0.343,0.6,2,0.3,0.6,0.9,0.611,0.5,1.4,1.9,2.2,0.8,0
"KJ Simpson",23,"CHO",NA,NA,"","","","","PG",14,2,15.9,6,2.2,6.4,0.348,0.9,2.8,0.308,0.7,1.1,0.625,0.4,1.7,2.1,2.5,1.1,0
"KJ Simpson",23,"DEN",NA,NA,"","","","","PG",6,0,5.7,1.2,0.5,1.7,0.3,0,0.2,0,0.2,0.3,0.5,0.7,0.7,1.3,1.3,0.2,0
"Lonzo Ball",28,"CLE",198.12,86.18248,"UCLA","USA","2017","1","PG",35,3,20.8,4.6,1.5,5,0.301,1.1,4.2,0.272,0.4,0.6,0.667,0.7,3.3,4,3.9,1.3,0.3
"Malaki Branham",22,"WAS",193.04,81.64656,"Ohio State","USA","2022","1","SG",28,0,9.8,4.6,1.5,3.3,0.473,0.5,1.3,0.378,1,1.2,0.824,0.4,1.1,1.6,0.8,0.4,0.1
"Zyon Pullin",24,"MIN",NA,NA,"","","","","SG",5,0,8.6,4.6,1.8,2.6,0.692,0.2,0.6,0.333,0.8,0.8,1,0.2,0.4,0.6,1.8,0.2,0
"Jeremiah Robinson-Earl",25,"2TM",203.2,108.86208,"Villanova","USA","2021","2","PF",22,3,16.4,4.6,1.7,4.5,0.37,0.5,1.9,0.244,0.8,0.8,0.944,1.6,3,4.7,0.7,0.4,0
"Jeremiah Robinson-Earl",25,"IND",203.2,108.86208,"Villanova","USA","2021","2","PF",17,3,17.6,4.6,1.7,4.9,0.349,0.5,1.9,0.242,0.8,0.8,0.929,1.9,3.3,5.2,0.7,0.4,0.1
"Jeremiah Robinson-Earl",25,"DAL",203.2,108.86208,"Villanova","USA","2021","2","PF",5,0,12.2,4.4,1.6,3.4,0.471,0.4,1.6,0.25,0.8,0.8,1,0.8,2.2,3,0.6,0.4,0
"PJ Hall",23,"2TM",NA,NA,"","","","","C",19,2,11.3,4.5,1.6,3.1,0.508,0.2,0.3,0.6,1.2,1.5,0.793,1.7,2.2,3.9,0.5,0.2,0.5
"PJ Hall",23,"MEM",NA,NA,"","","","","C",7,0,3.9,1.9,0.7,1.3,0.556,0.1,0.4,0.333,0.3,0.4,0.667,0.4,0.9,1.3,0.3,0,0.3
"PJ Hall",23,"CHO",NA,NA,"","","","","C",12,2,15.6,6.1,2.1,4.2,0.5,0.2,0.2,1,1.8,2.2,0.808,2.5,3,5.5,0.7,0.3,0.7
"Moussa Cisse",23,"DAL",NA,NA,"","","","","C",38,1,13.9,4.5,1.7,3,0.574,0,0,NA,1,2.1,0.469,2.3,3.3,5.7,0.2,0.5,1.2
"Mike Conley",38,"MIN",185.42,79.3786,"Ohio State","USA","2007","1","PG",54,15,18.4,4.5,1.3,4,0.335,1,3.1,0.337,0.8,0.9,0.9,0.3,1.4,1.7,2.9,0.6,0.3
"Josh Okogie",27,"HOU",193.04,96.615096,"Georgia Tech","Nigeria","2018","1","SG",78,32,17.4,4.5,1.6,3.8,0.425,0.8,2.1,0.385,0.5,0.9,0.594,1,1.5,2.6,0.9,0.8,0.2
"Taelon Peter",23,"IND",NA,NA,"","","","","SG",38,0,12.9,4.5,1.6,4.2,0.38,1.1,3.3,0.328,0.3,0.4,0.625,0.3,1.3,1.6,1.1,0.7,0.1
"Craig Porter Jr.",25,"CLE",NA,NA,"","","","","PG",64,3,17.9,4.5,1.8,4,0.45,0.5,1.5,0.355,0.4,0.6,0.6,1.3,2.1,3.4,3.2,0.9,0.6
"John Konchar",29,"2TM",195.58,95.25432,"Indiana-Purdue Fort Wayne","USA","Undrafted","Undrafted","SG",56,8,19.9,4.4,1.7,3.6,0.472,0.5,1.8,0.283,0.6,0.8,0.727,1.3,3,4.3,2.1,1.5,0.7
"John Konchar",29,"MEM",195.58,95.25432,"Indiana-Purdue Fort Wayne","USA","Undrafted","Undrafted","SG",30,1,14.5,3.2,1.2,2.4,0.521,0.4,1.3,0.333,0.3,0.4,0.615,0.7,2.4,3.1,1.3,1,0.4
"John Konchar",29,"UTA",195.58,95.25432,"Indiana-Purdue Fort Wayne","USA","Undrafted","Undrafted","SG",26,7,26.2,5.9,2.2,4.9,0.445,0.6,2.3,0.25,0.9,1.2,0.774,2.1,3.6,5.7,3,2,1
"RayJ Dennis",24,"3TM",NA,NA,"","","","","PG",17,0,12.1,4.4,1.5,4.9,0.313,0.8,2.6,0.311,0.5,0.5,0.889,0.5,1.1,1.5,1.9,0.2,0.2
"RayJ Dennis",24,"IND",NA,NA,"","","","","PG",13,0,12.9,4.9,1.7,5.5,0.306,0.9,2.9,0.316,0.6,0.7,0.889,0.6,1,1.6,2,0.2,0.3
"RayJ Dennis",24,"LAC",NA,NA,"","","","","PG",1,0,4,0,0,0,NA,0,0,NA,0,0,NA,0,2,2,0,0,0
"RayJ Dennis",24,"ATL",NA,NA,"","","","","PG",3,0,11.3,3.3,1.3,3.7,0.364,0.7,2.3,0.286,0,0,NA,0,1,1,2.3,0.3,0
"Gabe Vincent",29,"2TM",187.96,90.7184,"California-Santa Barbara","USA","Undrafted","Undrafted","PG",53,7,16.6,4.4,1.4,4.1,0.352,1.1,3.3,0.341,0.4,0.4,0.87,0.3,0.7,1,1.4,0.5,0.1
"Gabe Vincent",29,"LAL",187.96,90.7184,"California-Santa Barbara","USA","Undrafted","Undrafted","PG",29,7,19.3,4.8,1.6,4.5,0.346,1.3,3.6,0.369,0.3,0.4,0.909,0.2,0.7,0.9,1.3,0.5,0
"Gabe Vincent",29,"ATL",187.96,90.7184,"California-Santa Barbara","USA","Undrafted","Undrafted","PG",24,0,13.3,3.9,1.3,3.6,0.36,0.9,2.9,0.3,0.4,0.5,0.833,0.4,0.7,1.1,1.6,0.5,0.1
"Mouhamed Gueye",23,"ATL",NA,NA,"","","","","PF",77,8,15.3,4.4,1.7,3.8,0.452,0.5,1.7,0.308,0.5,0.8,0.645,1.2,2.4,3.6,0.9,0.8,0.5
"Kam Jones",23,"IND",210.82,100.243832,"Texas","Bahamas","2021","1","SG",37,7,16.6,4.4,1.8,4.6,0.402,0.6,2,0.293,0.1,0.2,0.5,0.4,1.2,1.6,3.2,0.5,0
"DeAndre Jordan",37,"NOP",210.82,120.20188,"Texas A&M","USA","2008","2","C",12,7,16.6,4.4,1.8,2.7,0.656,0,0,NA,0.9,1.4,0.647,2.2,4.2,6.3,0.9,0.3,0.8
"Tyler Kolek",24,"NYK",NA,NA,"","","","","PG",62,1,11.7,4.4,1.7,4,0.435,0.7,1.8,0.386,0.2,0.3,0.7,0.3,1.3,1.6,2.7,0.4,0.1
"Jase Richardson",20,"ORL",198.12,102.0582,"Michigan State","USA","2001","1","SG",54,0,10.9,4.4,1.6,3.5,0.473,0.5,1.5,0.354,0.6,0.9,0.717,0.4,0.8,1.2,1.1,0.4,0
"Jarred Vanderbilt",26,"LAL",203.2,97.068688,"Kentucky","USA","2018","2","PF",65,3,17.4,4.4,1.7,3.7,0.471,0.4,1.5,0.293,0.5,0.9,0.589,1.2,3.3,4.5,1.3,0.8,0.3
"Keshon Gilbert",22,"2TM",NA,NA,"","","","","SG",4,0,18.5,4.3,1.3,3,0.417,0,0.8,0,1.8,1.8,1,0.5,0.8,1.3,3,0.8,1
"Keshon Gilbert",22,"WAS",NA,NA,"","","","","PG",3,0,16,2,0.3,1.3,0.25,0,0.7,0,1.3,1.3,1,0.7,1,1.7,1,0.7,1.3
"Keshon Gilbert",22,"ATL",NA,NA,"","","","","SG",1,0,26,11,4,8,0.5,0,1,0,3,3,1,0,0,0,9,1,0
"Rasheer Fleming",21,"PHO",NA,NA,"","","","","PF",55,1,12.2,4.3,1.6,3.9,0.405,0.8,2.4,0.346,0.3,0.6,0.559,1,1.2,2.3,0.3,0.4,0.4
"Josh Green",25,"CHO",200.66,90.7184,"Arizona","Australia","2020","1","SG",58,0,15.7,4.3,1.4,3.1,0.459,1,2.4,0.42,0.4,0.5,0.893,0.8,1,1.8,0.8,0.6,0.1
"Keshad Johnson",24,"MIA",NA,NA,"","","","","SF",32,0,8.8,4.3,1.6,3.3,0.49,0.4,1.4,0.295,0.7,0.9,0.724,0.8,1.1,1.9,0.3,0.5,0.3
"Yanic Konan Niederhäuser",22,"LAC",NA,NA,"","","","","C",41,0,10.3,4.3,1.6,2.4,0.64,0,0.1,0.2,1.1,1.5,0.758,0.9,2,2.9,0.3,0.1,0.7
"Skal Labissière",29,"WAS",208.28,106.59412,"Kentucky","Haiti","2016","1","PF",3,0,12.7,4.3,2,3.3,0.6,0.3,1.7,0.2,0,0,NA,1,2,3,1,0.7,0.3
"Dereck Lively II",21,"DAL",NA,NA,"","","","","C",7,4,16.4,4.3,1.6,2.6,0.611,0,0,NA,1.1,1.4,0.8,2,3.3,5.3,1.9,0.6,1.6
"Liam McNeeley",20,"CHO",NA,NA,"","","","","SF",31,0,11.9,4.3,1.2,3.1,0.4,0.8,1.9,0.4,1,1.3,0.821,0.4,1.9,2.4,0.8,0.2,0.1
"Grant Nelson",23,"BRK",NA,NA,"","","","","PF",4,0,8.8,4.3,1.3,2.3,0.556,0,0,NA,1.8,2.5,0.7,0.3,1.3,1.5,1.3,0.3,1.3
"Micah Peavy",24,"NOP",NA,NA,"","","","","SG",61,4,15,4.3,1.7,4.5,0.385,0.5,1.8,0.259,0.4,0.5,0.759,0.8,1.2,1.9,1,0.7,0.1
"Jabari Walker",23,"PHI",200.66,90.7184,"Colorado","USA","2022","2","PF",64,6,11.9,4.3,1.5,3.3,0.455,0.5,1.5,0.337,0.8,1.1,0.735,1.1,1.9,3,0.5,0.4,0.2
"Carter Bryant",20,"SAS",NA,NA,"","","","","PF",71,0,11.5,4.2,1.5,3.7,0.408,0.7,2.2,0.335,0.4,0.6,0.714,0.5,2,2.5,0.7,0.2,0.3
"Ron Harper Jr.",25,"BOS",195.58,111.13004,"Rutgers","USA","Undrafted","Undrafted","SF",29,3,11,4.2,1.6,3.8,0.418,1,2.8,0.35,0.1,0.1,0.75,0.5,1.1,1.7,0.8,0.3,0.3
"Dalton Knecht",24,"LAL",NA,NA,"","","","","SF",54,1,10.2,4.2,1.6,3.5,0.455,0.7,2.1,0.342,0.3,0.4,0.727,0.3,1.1,1.4,0.4,0.2,0.2
"A.J. Lawson",25,"TOR",198.12,81.192968,"South Carolina","Canada","Undrafted","Undrafted","SG",24,0,9.4,4.2,1.4,3.3,0.436,0.8,1.9,0.422,0.6,0.8,0.778,0.4,1.4,1.8,0.3,0.5,0.2
"Tristan Enaruna",24,"CLE",NA,NA,"","","","","SF",9,0,9.4,4.1,1.6,3.1,0.5,0.3,1.1,0.3,0.7,0.9,0.75,0.8,0.8,1.6,0.8,0.6,0
"Nicolas Batum",37,"LAC",203.2,104.32616,"","France","2008","1","PF",74,6,17.5,4,1.3,3.2,0.403,1.2,3.1,0.404,0.1,0.1,0.818,0.3,2.2,2.5,0.9,0.6,0.3
"Tony Bradley",28,"2TM",210.82,112.490816,"North Carolina","USA","2017","1","C",41,4,11,4,1.6,2.9,0.547,0,0.1,0.5,0.8,1,0.744,1.5,1.4,2.8,0.5,0.1,0.2
"Tony Bradley",28,"IND",210.82,112.490816,"North Carolina","USA","2017","1","C",38,3,10.9,4,1.6,2.8,0.557,0,0.1,0.5,0.8,1.1,0.744,1.5,1.3,2.8,0.5,0.2,0.2
"Tony Bradley",28,"ATL",210.82,112.490816,"North Carolina","USA","2017","1","C",3,1,11.3,3.7,1.7,3.7,0.455,0.3,0.7,0.5,0,0,NA,1.3,1.7,3,0.7,0,0
"Jaylen Clark",24,"MIN",NA,NA,"","","","","SG",68,1,13.1,4,1.5,3.4,0.434,0.5,1.5,0.327,0.6,1,0.657,0.8,1,1.8,0.6,0.7,0.1
"Brandon Clarke",29,"MEM",203.2,97.52228,"Gonzaga","Canada","2019","1","PF",2,2,10,4,1.5,4.5,0.333,0,0,NA,1,2,0.5,2,1,3,0.5,1,0
"Riley Minix",25,"2TM",NA,NA,"","","","","SF",9,0,6.4,3.9,1.6,2.6,0.609,0.4,1.3,0.333,0.3,0.3,1,0.2,0.4,0.7,0.6,0.2,0.1
"Riley Minix",25,"SAS",NA,NA,"","","","","SF",3,0,2.7,3,1.3,2,0.667,0.3,1,0.333,0,0,NA,0.3,0.3,0.7,0.3,0.3,0
"Riley Minix",25,"CLE",NA,NA,"","","","","SF",6,0,8.3,4.3,1.7,2.8,0.588,0.5,1.5,0.333,0.5,0.5,1,0.2,0.5,0.7,0.7,0.2,0.2
"Joan Beringer",19,"MIN",NA,NA,"","","","","PF",40,3,7.9,3.9,1.6,2.5,0.663,0,0,NA,0.7,0.9,0.703,1.1,1.2,2.3,0.3,0.2,0.7
"Hugo González",19,"BOS",NA,NA,"","","","","SF",74,3,14.6,3.9,1.6,3.3,0.476,0.6,1.6,0.362,0.2,0.4,0.5,0.8,2.5,3.3,0.5,0.6,0.3
"Caleb Martin",30,"DAL",195.58,92.98636,"Nevada","USA","Undrafted","Undrafted","SF",58,12,14.8,3.9,1.5,3.3,0.45,0.3,1,0.351,0.6,1.1,0.607,0.5,2,2.5,1.4,0.7,0.3
"Koby Brea",23,"PHO",NA,NA,"","","","","SG",12,0,7,3.8,1.3,3,0.417,1.1,2.5,0.433,0.2,0.2,1,0.1,0.6,0.7,0.8,0.1,0
"Clint Capela",31,"HOU",208.28,116.119552,"","Switzerland","2014","1","C",75,3,12.3,3.8,1.6,3,0.52,0,0,0.5,0.6,1,0.577,2.1,2.5,4.6,0.7,0.5,0.8
"Noah Penda",21,"ORL",NA,NA,"","","","","SF",59,2,12.8,3.8,1.4,3.4,0.404,0.5,1.6,0.323,0.6,0.8,0.688,1.1,2,3.2,1.2,0.5,0.3
"Omer Yurtseven",27,"GSW",210.82,124.7378,"Georgetown","Turkey","Undrafted","Undrafted","C",9,0,11.6,3.8,1.2,2.9,0.423,0,0.4,0,1.3,2,0.667,1.4,1.9,3.3,0.9,0.2,0.1
"Patrick Baldwin Jr.",23,"3TM",205.74,99.79024,"Wisconsin-Milwaukee","USA","2022","1","SF",9,1,11.3,3.7,1.2,3,0.407,0.7,1.6,0.429,0.6,0.8,0.714,1.3,1.2,2.6,0.6,0.3,0.6
"Patrick Baldwin Jr.",23,"LAC",205.74,99.79024,"Wisconsin-Milwaukee","USA","2022","1","SF",2,0,6,5,1.5,2,0.75,1,1.5,0.667,1,1,1,0,0.5,0.5,0,0,0
"Patrick Baldwin Jr.",23,"PHI",205.74,99.79024,"Wisconsin-Milwaukee","USA","2022","1","SF",1,0,2,0,0,0,NA,0,0,NA,0,0,NA,0,1,1,0,0,0
"Patrick Baldwin Jr.",23,"SAC",205.74,99.79024,"Wisconsin-Milwaukee","USA","2022","1","SF",6,1,14.7,3.8,1.3,3.8,0.348,0.7,1.8,0.364,0.5,0.8,0.6,2,1.5,3.5,0.8,0.5,0.8
"Dalen Terry",23,"2TM",200.66,88.45044,"Arizona","USA","2022","1","SG",48,0,11.5,3.7,1.4,3.2,0.439,0.5,1.4,0.364,0.3,0.6,0.533,0.5,1.3,1.8,1.4,0.6,0.3
"Dalen Terry",23,"CHI",200.66,88.45044,"Arizona","USA","2022","1","SG",34,0,11.1,3.5,1.3,3,0.441,0.6,1.4,0.413,0.3,0.5,0.529,0.6,1.3,1.9,1.3,0.6,0.3
"Dalen Terry",23,"PHI",200.66,88.45044,"Arizona","USA","2022","1","SG",14,0,12.4,4.1,1.6,3.8,0.434,0.4,1.4,0.25,0.5,0.9,0.538,0.5,1.1,1.6,1.6,0.5,0.3
"DaRon Holmes",23,"DEN",NA,NA,"","","","","PF",25,6,8.4,3.7,1.2,2.4,0.508,0.8,1.8,0.444,0.4,0.6,0.786,0.3,1.1,1.4,0.6,0,0.2
"Larry Nance Jr.",33,"CLE",203.2,111.13004,"Wyoming","USA","2015","1","PF",35,3,12.8,3.7,1.5,3.5,0.419,0.6,1.8,0.333,0.2,0.4,0.462,0.8,1.8,2.7,1,0.6,0.2
"Zeke Nnaji",25,"DEN",205.74,108.86208,"Arizona","USA","2020","1","PF",52,4,12,3.7,1.4,2.9,0.47,0.3,1,0.259,0.7,0.8,0.773,0.6,2,2.6,0.6,0.3,0.5
"Tolu Smith",25,"DET",NA,NA,"","","","","PF",15,0,9.1,3.7,1.2,2.4,0.5,0,0,NA,1.3,2,0.667,1.5,1.8,3.3,0.9,0.1,0.4
"Jeremy Sochan",22,"2TM",203.2,104.32616,"Baylor","Poland","2022","1","PF",44,0,10.7,3.6,1.5,2.9,0.496,0.3,1,0.244,0.4,0.6,0.731,0.8,1.6,2.4,0.9,0.4,0.2
"Jeremy Sochan",22,"SAS",203.2,104.32616,"Baylor","Poland","2022","1","PF",28,0,12.8,4.1,1.7,3.5,0.475,0.3,1.3,0.257,0.4,0.6,0.688,0.9,1.7,2.6,1,0.4,0.2
"Jeremy Sochan",22,"NYK",203.2,104.32616,"Baylor","Poland","2022","1","PF",16,0,6.9,2.8,1.1,1.9,0.567,0.1,0.6,0.2,0.5,0.6,0.8,0.7,1.4,2.1,0.8,0.4,0.1
"Mohamed Diawara",20,"NYK",NA,NA,"","","","","SF",69,7,9.2,3.6,1.3,3.1,0.423,0.7,1.9,0.369,0.3,0.3,0.75,0.2,1.1,1.4,0.8,0.2,0.1
"Myron Gardner",24,"MIA",NA,NA,"","","","","SF",45,7,9.1,3.6,1.3,2.7,0.48,0.6,1.4,0.406,0.4,0.6,0.731,0.9,1.8,2.7,1,0.4,0.2
"Olivier Sarr",26,"CLE",210.82,108.86208,"Kentucky","France","Undrafted","Undrafted","C",4,0,9.8,3.5,1.3,1.8,0.714,0.5,0.8,0.667,0.5,1.3,0.4,0.5,2.3,2.8,1.3,0.5,0.8
"Keaton Wallace",26,"ATL",NA,NA,"","","","","PG",53,3,10.1,3.5,1.3,3.2,0.398,0.7,1.9,0.373,0.2,0.3,0.667,0.1,1,1.1,1.8,0.5,0.1
"Trayce Jackson-Davis",25,"2TM",NA,NA,"","","","","C",53,1,9.4,3.4,1.3,2.3,0.573,0,0,1,0.7,1.4,0.514,1.2,1.5,2.7,0.7,0.3,0.5
"Trayce Jackson-Davis",25,"GSW",NA,NA,"","","","","C",36,1,11.4,4.2,1.7,2.8,0.588,0,0,1,0.8,1.4,0.558,1.3,1.8,3.1,0.9,0.4,0.5
"Trayce Jackson-Davis",25,"TOR",NA,NA,"","","","","C",17,0,5,1.8,0.6,1.3,0.5,0,0,NA,0.5,1.3,0.409,1.1,0.8,1.9,0.4,0.2,0.3
"Taj Gibson",40,"MEM",205.74,105.233344,"Southern California","USA","2009","1","C",10,1,9.7,3.4,1.2,2.6,0.462,0.3,0.6,0.5,0.7,0.8,0.875,1.1,1.6,2.7,0.6,0.2,0.1
"Yuki Kawamura",24,"CHI",NA,NA,"","","","","PG",18,0,11.6,3.4,0.9,2.9,0.327,0.6,2.1,0.297,0.9,1.1,0.895,0.4,1.4,1.8,2.6,0.5,0
"Drew Timme",25,"LAL",NA,NA,"","","","","PF",27,1,8.7,3.4,1.4,2.4,0.576,0.4,0.9,0.44,0.2,0.3,0.556,0.4,0.9,1.2,0.9,0.2,0
"AJ Johnson",21,"2TM",198.12,90.7184,"La Salle","USA","Undrafted","Undrafted","SG",48,0,9.5,3.3,1.2,3.7,0.324,0.3,1.2,0.211,0.7,0.8,0.85,0.3,0.9,1.1,1,0.2,0.1
"AJ Johnson",21,"WAS",198.12,90.7184,"La Salle","USA","Undrafted","Undrafted","SG",25,0,8.6,2.8,1.1,3.3,0.325,0.3,1,0.28,0.4,0.5,0.75,0.3,0.9,1.2,0.9,0.3,0
"AJ Johnson",21,"DAL",198.12,90.7184,"La Salle","USA","Undrafted","Undrafted","SG",23,0,10.4,3.9,1.3,4,0.323,0.2,1.4,0.156,1.1,1.2,0.893,0.3,0.8,1,1.1,0.2,0.1
"Dorian Finney-Smith",32,"HOU",200.66,99.79024,"Florida","USA","Undrafted","Undrafted","PF",37,1,16.8,3.3,1.2,3.6,0.333,0.7,2.7,0.27,0.2,0.2,0.889,0.9,1.6,2.5,1,0.4,0.2
"Enrique Freeman",25,"MIN",NA,NA,"","","","","PF",4,0,9.3,3.3,1,2,0.5,0.5,1,0.5,0.8,1,0.75,0.5,2,2.5,0.5,0.5,0.8
"Malevy Leons",26,"GSW",NA,NA,"","","","","SF",25,2,11,3.3,1.3,2.9,0.444,0.2,0.6,0.25,0.6,0.8,0.789,1.2,0.9,2.1,0.9,0.6,0.4
"Dwight Powell",34,"DAL",208.28,108.86208,"Stanford","Canada","2014","2","C",63,12,14.3,3.3,1,1.6,0.644,0,0.1,0.286,1.2,1.8,0.696,1.5,2.6,4.1,1.1,0.5,0.3
"Isaiah Stevens",25,"SAC",NA,NA,"","","","","PG",3,0,14.3,3.3,1,2.3,0.429,0,0.3,0,1.3,1.3,1,0.7,0.3,1,3.3,1.7,0
"James Wiseman",24,"IND",213.36,108.86208,"Memphis","USA","2020","1","C",4,1,14.5,3.3,1.5,2.5,0.6,0,0,NA,0.3,0.5,0.5,1.3,0.8,2,0.8,0,0.3
"Amir Coffey",28,"2TM",200.66,95.25432,"Minnesota","USA","Undrafted","Undrafted","SG",46,3,10.7,3.2,1.2,2.5,0.487,0.4,1.1,0.347,0.5,0.6,0.786,0.4,0.8,1.2,0.6,0.2,0.1
"Amir Coffey",28,"MIL",200.66,95.25432,"Minnesota","USA","Undrafted","Undrafted","SG",30,2,8.8,2.4,0.9,1.8,0.473,0.2,0.8,0.28,0.4,0.5,0.867,0.2,0.7,0.9,0.4,0.1,0.1
"Amir Coffey",28,"PHO",200.66,95.25432,"Minnesota","USA","Undrafted","Undrafted","SG",16,1,14.1,4.8,1.8,3.6,0.5,0.6,1.5,0.417,0.6,0.8,0.692,0.8,1.1,1.9,1,0.4,0.1
"Alex Antetokounmpo",24,"MIL",NA,NA,"","","","","SF",6,0,3.5,3.2,0.5,1.3,0.375,0.3,1.2,0.286,1.8,2.5,0.733,0.3,0.7,1,0.2,0,0.2
"Kelly Olynyk",34,"SAS",210.82,108.86208,"Gonzaga","Canada","2013","1","C",42,0,8.6,3.2,1.1,2.3,0.49,0.3,1.1,0.255,0.6,0.9,0.711,0.6,1.2,1.8,1.2,0.4,0.1
"Jamison Battle",24,"TOR",NA,NA,"","","","","SF",61,2,8.5,3.1,1.2,2.4,0.51,0.6,1.4,0.412,0.1,0.2,0.643,0.3,1.1,1.5,0.4,0.1,0
"Miles Kelly",23,"DAL",NA,NA,"","","","","PG",14,0,9.6,3.1,1.1,3.1,0.364,0.7,2.4,0.303,0.1,0.1,1,0.4,1.4,1.7,0.9,0.3,0.1
"Mark Sears",23,"MIL",NA,NA,"","","","","PG",7,0,3.7,3.1,0.9,1.9,0.462,0.6,1.1,0.5,0.9,1.1,0.75,0.1,0.1,0.3,0.3,0,0
"Tyus Jones",29,"3TM",187.96,88.904032,"Duke","USA","2015","1","PG",67,12,14.6,3,1.1,3.3,0.349,0.6,2,0.292,0.1,0.1,0.778,0.2,1,1.1,2.4,0.6,0
"Tyus Jones",29,"ORL",187.96,88.904032,"Duke","USA","2015","1","PG",48,8,15.7,3,1.1,3.3,0.342,0.6,2.1,0.294,0.1,0.1,1,0.2,0.9,1.1,2.4,0.7,0.1
"Tyus Jones",29,"DAL",187.96,88.904032,"Duke","USA","2015","1","PG",8,2,16.6,3.9,1.6,4.3,0.382,0.5,2.4,0.211,0.1,0.3,0.5,0.1,1,1.1,3.8,0.4,0
"Tyus Jones",29,"DEN",187.96,88.904032,"Duke","USA","2015","1","PG",11,2,8.4,2.2,0.8,2.4,0.346,0.5,1.5,0.375,0,0.1,0,0.2,1.1,1.3,1.2,0.1,0
"CJ Huntley",24,"PHO",NA,NA,"","","","","SF",4,0,10,3,1.5,2.8,0.545,0,0.8,0,0,0,NA,0.5,0.8,1.3,0.5,0.3,0
"Chris Livingston",22,"CLE",NA,NA,"","","","","SF",3,0,5.7,3,1.3,2.3,0.571,0,1,0,0.3,0.3,1,0,1,1,0.3,0.3,0
"Khaman Maluach",19,"PHO",NA,NA,"","","","","C",46,1,8.9,3,1.2,2.3,0.533,0.1,0.5,0.238,0.5,0.7,0.71,1.1,1.8,2.9,0.1,0.1,0.7
"Emanuel Miller",25,"CHI",NA,NA,"","","","","PF",5,0,6.6,3,1.2,2.6,0.462,0.4,1.2,0.333,0.2,0.4,0.5,0.2,0.4,0.6,0.8,0.4,0
"Monte Morris",30,"IND",187.96,83.007336,"Iowa State","USA","2017","2","PG",6,0,10.8,3,1.2,3.3,0.35,0.3,1.3,0.25,0.3,0.7,0.5,0.2,1,1.2,1.5,0.2,0.2
"Julian Phillips",22,"2TM",NA,NA,"","","","","SF",48,2,8.9,2.9,1.1,2.5,0.421,0.4,1.4,0.308,0.4,0.5,0.783,0.5,0.5,1,0.2,0.5,0.1
"Julian Phillips",22,"CHI",NA,NA,"","","","","SF",35,2,9.5,2.8,1.1,2.5,0.42,0.5,1.4,0.327,0.3,0.3,0.818,0.6,0.6,1.3,0.2,0.5,0.2
"Julian Phillips",22,"MIN",NA,NA,"","","","","SF",13,0,7.2,3.2,1.1,2.5,0.424,0.3,1.2,0.25,0.7,0.9,0.75,0.1,0.3,0.4,0.2,0.4,0.1
"Kobe Bufkin",22,"LAL",NA,NA,"","","","","SG",16,1,7.4,2.9,0.9,3.1,0.3,0.3,1.6,0.192,0.7,0.8,0.917,0.1,0.8,0.8,0.6,0.1,0.2
"Bronny James",21,"LAL",NA,NA,"","","","","SG",42,1,8.9,2.9,1.1,2.7,0.409,0.5,1.4,0.386,0.1,0.2,0.857,0.1,0.4,0.5,1.2,0.5,0.1
"Curtis Jones",24,"DEN",NA,NA,"","","","","SG",10,0,8.8,2.9,1.1,2.7,0.407,0.6,1.8,0.333,0.1,0.2,0.5,0.2,0.9,1.1,1,0.4,0
"David Jones García",24,"SAS",NA,NA,"","","","","SF",11,0,6.2,2.9,1.2,2.3,0.52,0.3,0.5,0.6,0.3,0.5,0.5,0.4,0.8,1.2,1.6,0.5,0.1
"Chris Paul",40,"LAC",182.88,79.3786,"Wake Forest","USA","2005","1","PG",16,0,14.3,2.9,1.1,3.5,0.321,0.6,1.9,0.333,0.1,0.1,0.5,0.4,1.4,1.8,3.3,0.7,0
"Duop Reath",29,"POR",NA,NA,"","","","","C",32,0,8.1,2.9,1,2.3,0.446,0.7,1.7,0.418,0.2,0.2,0.833,0.3,0.9,1.2,0.3,0.2,0.3
"Cam Christie",20,"LAC",NA,NA,"","","","","SG",55,0,8.7,2.8,1,2.5,0.381,0.2,0.9,0.245,0.7,0.9,0.76,0.3,1.1,1.4,0.6,0.3,0.1
"Kevon Looney",29,"NOP",205.74,100.697424,"UCLA","USA","2015","1","C",21,8,14.7,2.8,1.2,2.9,0.417,0.1,0.6,0.154,0.3,0.5,0.7,2.3,3.3,5.6,1.6,0.4,0.5
"Norchad Omier",24,"LAC",NA,NA,"","","","","PF",6,0,4,2.8,1.2,1.7,0.7,0,0.2,0,0.5,0.5,1,0.7,0.5,1.2,0.3,0.2,0
"Jae'Sean Tate",30,"HOU",195.58,104.32616,"Ohio State","USA","Undrafted","Undrafted","SF",46,1,8.8,2.8,1.2,2.4,0.514,0.2,0.7,0.313,0.2,0.2,0.636,0.7,0.9,1.6,0.5,0.2,0.1
"Rocco Zikarsky",19,"MIN",NA,NA,"","","","","C",5,0,7.2,2.8,1,1.6,0.625,0,0,NA,0.8,0.8,1,0.4,2.4,2.8,0.4,0,1
"Christian Koloko",25,"3TM",213.36,104.32616,"Arizona","Cameroon","2022","2","C",27,4,13.2,2.7,1.1,2.7,0.419,0,0.3,0.111,0.4,0.6,0.667,1.1,1.9,3,0.7,0.5,0.9
"Christian Koloko",25,"LAL",213.36,104.32616,"Arizona","Cameroon","2022","2","C",2,0,3,0,0,0,NA,0,0,NA,0,0,NA,0,0.5,0.5,0,0,0
"Christian Koloko",25,"MEM",213.36,104.32616,"Arizona","Cameroon","2022","2","C",11,2,17.7,2.6,1.3,3.2,0.4,0,0.1,0,0.1,0.4,0.25,1.7,2.3,4,0.9,0.9,1.2
"Christian Koloko",25,"ATL",213.36,104.32616,"Arizona","Cameroon","2022","2","C",14,2,11.1,3.1,1.2,2.8,0.436,0.1,0.6,0.125,0.6,0.8,0.818,0.9,1.7,2.6,0.6,0.3,0.7
"Gary Harris",31,"MIL",193.04,95.25432,"Michigan State","USA","2014","1","SG",48,2,13.8,2.7,1,2.2,0.442,0.6,1.4,0.412,0.2,0.2,0.889,0.3,0.9,1.3,1.1,0.6,0.2
"Antonio Reeves",25,"CHO",NA,NA,"","","","","SG",10,0,6.8,2.7,1,2,0.5,0.7,1.3,0.538,0,0,NA,0.2,0.6,0.8,0.3,0.1,0
"Pat Connaughton",33,"CHO",195.58,94.800728,"Notre Dame","USA","2015","2","SG",42,0,7.1,2.6,0.9,2,0.447,0.5,1.2,0.404,0.3,0.5,0.65,0.4,1.1,1.5,0.4,0.3,0
"Jonathan Isaac",28,"ORL",208.28,104.32616,"Florida State","USA","2017","1","PF",52,0,10,2.6,0.9,2.1,0.422,0.1,0.7,0.184,0.7,1.1,0.603,0.8,1.7,2.5,0.4,0.4,0.6
"Mo Bamba",27,"2TM",213.36,104.779752,"Texas","USA","2018","1","C",4,0,11,2.5,1.3,2.8,0.455,0,0,NA,0,0,NA,2.5,3,5.5,0.3,0,0.8
"Mo Bamba",27,"TOR",213.36,104.779752,"Texas","USA","2018","1","C",2,0,3,0,0,1,0,0,0,NA,0,0,NA,0.5,0.5,1,0,0,0.5
"Mo Bamba",27,"UTA",213.36,104.779752,"Texas","USA","2018","1","C",2,0,19,5,2.5,4.5,0.556,0,0,NA,0,0,NA,4.5,5.5,10,0.5,0,1
"JD Davison",23,"HOU",185.42,88.45044,"Alabama","USA","2022","2","PG",28,0,7.8,2.5,0.9,2.3,0.375,0.3,1.1,0.25,0.5,0.7,0.684,0.1,1.1,1.2,1.3,0.2,0.2
"John Tonje",24,"BOS",NA,NA,"","","","","SG",6,0,7,2.5,0.7,2.3,0.286,0.5,1.7,0.3,0.7,0.7,1,0,1,1,0.3,0.3,0
"Hunter Dickinson",25,"NOP",NA,NA,"","","","","C",5,0,8.4,2.4,1,2.8,0.357,0,0.8,0,0.4,0.4,1,0.4,0.6,1,0.4,0.2,0.4
"Andre Jackson Jr.",24,"MIL",208.28,109.769264,"Michigan State","USA","2018","1","SG",48,1,8.5,2.4,0.8,2.5,0.328,0.3,1.3,0.25,0.4,0.7,0.625,0.5,1,1.5,0.9,0.4,0.1
"Chaz Lanier",24,"DET",NA,NA,"","","","","SG",34,0,7.7,2.4,0.8,2.6,0.315,0.6,2,0.284,0.1,0.2,0.833,0.2,0.4,0.7,0.5,0.2,0
"Kevin McCullar Jr.",24,"NYK",NA,NA,"","","","","SF",21,0,7.4,2.4,1,2.2,0.426,0.4,1.1,0.333,0.1,0.2,0.4,0.5,0.8,1.3,1,0.4,0
"Lachlan Olbrich",22,"CHI",NA,NA,"","","","","C",37,2,9.3,2.4,1,2.1,0.468,0.1,0.5,0.105,0.4,1.1,0.375,1.2,1.8,3,1.1,0.3,0.2
"Lindy Waters III",28,"SAS",198.12,95.25432,"Oklahoma State","USA","Undrafted","Undrafted","SG",40,0,7.1,2.4,0.8,2.2,0.375,0.7,2,0.342,0.1,0.1,0.667,0.1,0.7,0.7,0.5,0.2,0
"Chris Boucher",33,"BOS",205.74,90.7184,"Oregon","Saint Lucia","Undrafted","Undrafted","PF",9,0,10.4,2.3,0.9,2.8,0.32,0.2,1.7,0.133,0.3,0.4,0.75,0.2,1.8,2,0.3,0.6,0.8
"Caleb Houstan",23,"ATL",203.2,92.98636,"Michigan","Canada","2022","2","SF",18,0,4.2,2.3,0.8,1.4,0.538,0.6,1.2,0.524,0.2,0.2,1,0.3,0.3,0.6,0.2,0.1,0.1
"Luke Travers",24,"CLE",NA,NA,"","","","","SG",12,0,8.6,2.3,0.8,3,0.25,0.1,1.3,0.063,0.8,0.8,1,0.8,1.3,2,0.8,0.6,0.3
"Jeff Green",39,"HOU",203.2,106.59412,"Georgetown","USA","2007","1","PF",30,0,5.8,2.2,0.8,2.3,0.368,0.4,1.5,0.273,0.2,0.2,1,0.2,0.6,0.8,0.3,0.1,0.1
"Yang Hansen",20,"POR",NA,NA,"","","","","C",43,1,7,2.2,0.7,2.3,0.31,0.1,1,0.119,0.7,0.8,0.824,0.5,1.1,1.5,0.5,0.1,0.2
"Ariel Hukporti",23,"NYK",NA,NA,"","","","","C",54,5,9.2,2.2,0.8,1.5,0.563,0,0.1,0.25,0.5,0.6,0.788,1,1.9,2.9,0.5,0.2,0.5
"Alijah Martin",24,"TOR",NA,NA,"","","","","SG",23,0,6.3,2.2,0.7,2.2,0.32,0.2,0.9,0.19,0.7,0.8,0.789,0.4,0.5,0.9,0.5,0.3,0.2
"Hunter Tyson",25,"DEN",NA,NA,"","","","","PF",21,2,7.7,2.2,0.7,2.5,0.269,0.3,1.6,0.212,0.5,0.6,0.846,0.2,1.5,1.7,0.8,0.1,0
"Chris Youngblood",23,"2TM",NA,NA,"","","","","SG",34,0,5.4,2.1,0.6,1.9,0.349,0.5,1.6,0.333,0.3,0.3,0.9,0.2,0.6,0.8,0.4,0.1,0.1
"Chris Youngblood",23,"OKC",NA,NA,"","","","","SG",32,0,5.4,2,0.6,1.9,0.333,0.5,1.6,0.314,0.3,0.3,0.9,0.2,0.7,0.9,0.3,0.1,0.1
"Chris Youngblood",23,"POR",NA,NA,"","","","","SG",2,0,5.5,3,1,1.5,0.667,1,1.5,0.667,0,0,NA,0,0,0,0.5,0,0
"Dalano Banton",26,"2TM",200.66,92.532768,"Nebraska","Canada","2021","2","PG",6,0,10.3,2,0.7,2,0.333,0,0.2,0,0.7,0.7,1,0.3,0.5,0.8,1.8,0.3,0.8
"Dalano Banton",26,"LAC",200.66,92.532768,"Nebraska","Canada","2021","2","PG",2,0,5,3,1.5,2,0.75,0,0,NA,0,0,NA,0.5,0,0.5,1,0.5,0
"Dalano Banton",26,"BOS",200.66,92.532768,"Nebraska","Canada","2021","2","PG",4,0,13,1.5,0.3,2,0.125,0,0.3,0,1,1,1,0.3,0.8,1,2.3,0.3,1.3
"Isaiah Crawford",24,"HOU",NA,NA,"","","","","SF",14,0,6.6,2,0.7,1.7,0.417,0.2,0.9,0.231,0.4,0.4,0.833,0.2,0.9,1.1,0.4,0.1,0.2
"Trentyn Flowers",20,"CHI",NA,NA,"","","","","SF",2,0,3,2,1,1.5,0.667,0,0.5,0,0,0,NA,0.5,0,0.5,0.5,0,0
"Colby Jones",23,"DET",NA,NA,"","","","","SG",1,0,7,2,1,3,0.333,0,2,0,0,0,NA,0,4,4,2,0,0
"Johnny Juzang",24,"MIN",198.12,94.800728,"UCLA","USA","Undrafted","Undrafted","SG",21,0,4.2,2,0.8,1.8,0.421,0.3,1.1,0.25,0.2,0.4,0.625,0.2,0.6,0.8,0.3,0.1,0
"Jayson Kent",23,"POR",NA,NA,"","","","","SF",5,0,4.4,2,0.8,1.4,0.571,0.2,0.8,0.25,0.2,0.2,1,0,1,1,0,0.2,0.2
"Maxi Kleber",34,"LAL",208.28,108.86208,"","Germany","Undrafted","Undrafted","PF",43,1,10.7,2,0.8,1.7,0.452,0.1,0.6,0.231,0.3,0.6,0.538,0.8,1.1,2,0.6,0.4,0.3
"Jordan McLaughlin",29,"SAS",182.88,83.91452,"Southern California","USA","Undrafted","Undrafted","PG",44,0,6.4,2,0.8,1.8,0.418,0.4,0.9,0.425,0.1,0.2,0.857,0.2,0.6,0.7,0.9,0.5,0
"Alex Morales",28,"ORL",NA,NA,"","","","","PG",4,0,6,2,0.8,1.8,0.429,0,0.3,0,0.5,0.5,1,0.3,0.5,0.8,1,0,0
"Sean Pedulla",23,"LAC",NA,NA,"","","","","PG",7,0,4.4,1.9,0.7,2.1,0.333,0.4,1.4,0.3,0,0,NA,0,0.4,0.4,0.7,0,0
"Adou Thiero",21,"LAL",NA,NA,"","","","","SF",25,0,6,1.9,0.6,1.2,0.516,0,0.1,0.333,0.6,0.9,0.636,0.4,0.8,1.1,0.4,0.3,0.1
"Bobi Klintman",22,"DET",NA,NA,"","","","","SF",12,0,5.9,1.8,0.8,2.3,0.333,0.3,1.1,0.308,0,0.3,0,0.4,1.2,1.6,0.5,0.3,0
"Isaiah Livers",27,"PHO",198.12,105.233344,"Michigan","USA","2021","2","PF",36,0,9.6,1.8,0.6,1.8,0.344,0.3,1.1,0.3,0.3,0.3,0.75,0.5,1.2,1.7,0.6,0.4,0.2
"Cody Martin",30,"IND",198.12,92.98636,"Nevada","USA","2019","2","SF",4,0,13.8,1.8,0.5,2.5,0.2,0,1.3,0,0.8,1.5,0.5,0.3,3.3,3.5,0.5,1,0.5
"Orlando Robinson",25,"ORL",208.28,106.59412,"Fresno State","USA","Undrafted","Undrafted","C",4,1,6.3,1.8,0.8,1.3,0.6,0.3,0.5,0.5,0,0,NA,0.5,0.5,1,0.8,0.3,0
"Jahmir Young",25,"MIA",NA,NA,"","","","","PG",14,0,4.1,1.8,0.7,1.8,0.4,0.2,0.6,0.333,0.1,0.1,1,0.1,0.1,0.3,0.6,0.1,0
"Brooks Barnhizer",23,"OKC",NA,NA,"","","","","SG",40,0,8.7,1.7,0.7,1.8,0.38,0.2,0.6,0.292,0.2,0.3,0.7,0.5,1.5,2,0.6,0.3,0.1
"Pacôme Dadiet",20,"NYK",NA,NA,"","","","","SG",29,0,4.7,1.7,0.6,1.7,0.333,0.2,1.1,0.219,0.3,0.4,0.818,0.1,0.8,0.9,0.4,0.1,0
"Wendell Moore Jr.",24,"DET",195.58,97.52228,"Duke","USA","2022","1","SG",6,0,10,1.7,0.7,1.2,0.571,0,0.2,0,0.3,0.3,1,0.2,0.8,1,0.7,0.3,0.3
"Mason Plumlee",35,"2TM",213.36,115.212368,"Duke","USA","2013","1","C",20,3,8.6,1.6,0.6,0.7,0.786,0,0,NA,0.5,0.7,0.643,0.9,1.8,2.7,1,0.5,0
"Mason Plumlee",35,"CHO",213.36,115.212368,"Duke","USA","2013","1","C",14,2,8.9,1.9,0.6,0.9,0.75,0,0,NA,0.6,0.9,0.667,0.7,2.1,2.9,1.1,0.4,0
"Mason Plumlee",35,"SAS",213.36,115.212368,"Duke","USA","2013","1","C",6,1,7.8,0.8,0.3,0.3,1,0,0,NA,0.2,0.3,0.5,1.2,1,2.2,0.7,0.7,0
"Harrison Ingram",23,"SAS",NA,NA,"","","","","SF",7,0,3.7,1.6,0.7,0.9,0.833,0.1,0.1,1,0,0,NA,0.4,0,0.4,0.1,0,0
"Jacob Toppin",25,"ATL",NA,NA,"","","","","SF",5,0,3.4,1.6,0.8,1.2,0.667,0,0,NA,0,0,NA,0,0.2,0.2,0.2,0,0.2
"Xavier Tillman Sr.",27,"2TM",203.2,111.13004,"Michigan State","USA","2020","2","C",30,1,6.1,1.5,0.7,1.5,0.435,0.1,0.6,0.167,0,0.1,0.25,0.6,0.8,1.4,0.4,0.3,0.2
"Xavier Tillman Sr.",27,"BOS",203.2,111.13004,"Michigan State","USA","2020","2","C",14,1,7.9,2.2,1,2.2,0.452,0.2,1.1,0.2,0,0,NA,0.7,1.1,1.8,0.4,0.4,0.1
"Xavier Tillman Sr.",27,"CHO",203.2,111.13004,"Michigan State","USA","2020","2","C",16,0,4.5,0.8,0.4,0.9,0.4,0,0.2,0,0.1,0.3,0.25,0.6,0.6,1.1,0.5,0.2,0.2
"Buddy Boeheim",26,"OKC",198.12,92.98636,"Syracuse","USA","Undrafted","Undrafted","SF",4,0,3.8,1.5,0.5,1.5,0.333,0.5,1.5,0.333,0,0,NA,0,0,0,0,0,0
"Joe Ingles",38,"MIN",205.74,99.79024,"","Australia","Undrafted","Undrafted","SF",27,2,5.7,1.5,0.6,1,0.593,0.3,0.6,0.438,0.1,0.1,1,0,0.7,0.7,1.3,0.3,0.1
"Jonathan Mogbo",24,"TOR",NA,NA,"","","","","PF",40,0,6.2,1.5,0.7,1.1,0.591,0,0,0,0.2,0.4,0.643,0.5,1.2,1.7,0.6,0.3,0.2
"Thanasis Antetokounmpo",33,"MIL",200.66,99.336648,"","Greece","2014","2","SF",34,0,4.4,1.4,0.4,0.9,0.469,0,0.1,0,0.5,0.9,0.567,0.4,0.5,0.9,0.4,0.4,0.2
"Amari Williams",24,"BOS",203.2,107.501304,"North Carolina","USA","2005","1","PF",22,2,6.6,1.4,0.5,0.9,0.5,0,0,NA,0.5,0.6,0.714,0.4,1.4,1.8,0.5,0.1,0.5
"Isaac Jones",25,"2TM",NA,NA,"","","","","PF",7,1,5.1,1.3,0.4,1,0.429,0,0.3,0,0.4,0.6,0.75,0.3,0.4,0.7,0.1,0,0.1
"Isaac Jones",25,"SAC",NA,NA,"","","","","PF",3,1,5.7,1,0.3,0.7,0.5,0,0.3,0,0.3,0.7,0.5,0.7,0,0.7,0.3,0,0
"Isaac Jones",25,"DET",NA,NA,"","","","","PF",4,0,4.8,1.5,0.5,1.3,0.4,0,0.3,0,0.5,0.5,1,0,0.8,0.8,0,0,0.3
"Colin Castleton",25,"ORL",NA,NA,"","","","","C",4,0,5.3,1.3,0.5,1.3,0.4,0,0,NA,0.3,0.3,1,0.5,1.5,2,0.3,0.3,0
"Nigel Hayes-Davis",31,"PHO",NA,NA,"","","","","SF",27,0,7.2,1.3,0.6,1.7,0.326,0.1,0.6,0.125,0.1,0.1,0.5,0.4,0.8,1.2,0.3,0.3,0.1
"Dillon Jones",24,"NYK",NA,NA,"","","","","SF",7,0,5.6,1.3,0.3,1.3,0.222,0.1,0.7,0.2,0.6,0.6,1,0.3,0.7,1,0.6,0.4,0
"TyTy Washington Jr.",24,"LAC",190.5,88.45044,"Kentucky","USA","2022","1","PG",16,0,5.5,1.3,0.6,1.2,0.474,0.2,0.5,0.375,0,0,NA,0.1,0.3,0.4,1.1,0.4,0.2
"Javonte Cooke",26,"POR",NA,NA,"","","","","SG",19,0,4.9,1.2,0.5,2.2,0.22,0.2,1.2,0.13,0.1,0.1,1,0.2,0.8,1,0.4,0.3,0
"Kyle Lowry",39,"PHI",182.88,88.904032,"Villanova","USA","2006","1","PG",14,0,8.4,1.2,0.3,1.8,0.16,0.3,1.8,0.16,0.4,0.4,0.833,0,0.6,0.6,0.8,0.1,0.1
"Trey Jemison",26,"NYK",NA,NA,"","","","","C",13,0,6.3,1,0.5,0.8,0.6,0,0,NA,0.1,0.1,1,0.6,0.8,1.4,0.4,0.1,0.2
"Trevor Keels",22,"MIA",193.04,100.243832,"Duke","USA","2022","2","SG",8,0,1.9,1,0.4,1.5,0.25,0.3,1.1,0.222,0,0,NA,0,0.3,0.3,0,0.1,0
"Hunter Sallis",22,"PHI",NA,NA,"","","","","SG",7,0,3.7,1,0.4,0.7,0.6,0,0,NA,0.1,0.3,0.5,0,0.1,0.1,0.6,0,0.1
"Dario Šarić",31,"SAC",208.28,102.0582,"","Croatia","2014","1","C",5,0,8.2,1,0.2,1.2,0.167,0.2,0.6,0.333,0.4,0.4,1,0.2,1,1.2,0.4,0,0
"Stanley Umude",26,"SAS",198.12,95.25432,"Arkansas","USA","Undrafted","Undrafted","SG",2,0,3.5,1,0.5,1,0.5,0,0.5,0,0,0,NA,0,0,0,0.5,0.5,0
"Bismack Biyombo",33,"SAS",203.2,115.66596,"","DRC","2011","1","C",25,1,5.6,0.9,0.4,0.6,0.6,0,0,NA,0.2,0.3,0.714,0.2,0.8,1,0.2,0.2,0.1
"Johni Broome",23,"PHI",NA,NA,"","","","","C",11,0,5,0.9,0.4,2.2,0.167,0,0.5,0,0.2,0.5,0.333,0.6,0.8,1.5,0.4,0.3,0.2
"N'Faly Dante",24,"ATL",NA,NA,"","","","","C",4,0,3.8,0.8,0.3,1,0.25,0,0,NA,0.3,0.3,1,0.8,1,1.8,0,0.5,0
"Markelle Fultz",27,"TOR",193.04,94.800728,"Washington","USA","2017","1","PG",5,0,7.2,0.8,0.4,2.2,0.182,0,0,NA,0,0,NA,0,0.2,0.2,1.6,0.4,0
"Vladislav Goldin",24,"MIA",NA,NA,"","","","","C",9,0,2.7,0.8,0.3,0.4,0.75,0,0,NA,0.1,0.1,1,0.3,0.7,1,0.3,0,0.3
"Chris Mañon",24,"LAL",NA,NA,"","","","","SG",9,0,5.1,0.8,0.2,0.7,0.333,0,0.3,0,0.3,0.4,0.75,0.2,0.9,1.1,0.3,0.6,0.2
"Drew Peterson",26,"CHO",NA,NA,"","","","","PF",6,0,10.7,0.8,0.3,2.7,0.125,0,2,0,0.2,0.3,0.5,0.5,1,1.5,0.3,0.5,0.2
"Garrett Temple",39,"TOR",198.12,88.45044,"Louisiana State","USA","Undrafted","Undrafted","SG",22,0,3.3,0.8,0.2,0.7,0.267,0.1,0.5,0.25,0.3,0.4,0.667,0,0.4,0.4,0.4,0.2,0.1
"Max Shulga",23,"BOS",NA,NA,"","","","","SG",11,1,3.3,0.6,0.2,0.7,0.25,0.1,0.4,0.25,0.2,0.2,1,0.3,0.3,0.5,0.2,0.1,0
"Jahmyl Telfort",24,"LAC",NA,NA,"","","","","PF",8,0,4,0.1,0,0.5,0,0,0.5,0,0.1,0.5,0.25,0,0.4,0.4,0.1,0.1,0
"Darius Brown II",26,"CLE",NA,NA,"","","","","SG",1,0,3,0,0,1,0,0,0,NA,0,0,NA,0,1,1,0,0,0
"Noa Essengue",19,"CHI",NA,NA,"","","","","PF",2,0,3,0,0,1.5,0,0,1,0,0,0,NA,0,0,0,0,0.5,0
"Tosan Evbuomwan",24,"NYK",NA,NA,"","","","","SF",5,0,1.6,0,0,0.2,0,0,0,NA,0,0,NA,0.2,0.2,0.4,0,0,0
"Chucky Hepburn",22,"TOR",NA,NA,"","","","","PG",2,0,6.5,0,0,3,0,0,2.5,0,0,0,NA,0,0.5,0.5,1,0.5,0
