OBJECTID_1,OBJECTID,LOCALID,NAME,GEOTYPE,FULLFIPS,LEGALAREA,EFFECTDATE,ENDDATE,SRCREF,ACRES,SQMILES,OLDNAME,NPU,CREATED_US,CREATED_DA,LAST_EDITE,LAST_EDI_1,GLOBALID,Shape_Leng,aggregatio,HasData,ORIGINAL_O,sourceCoun,apportionm,population,populati_1,gender_MED,gender_MAL,gender_M_1,gender_M_2,gender_M_3,gender_M_4,gender_M_5,gender_M_6,gender_M_7,gender_M_8,gender_M_9,gender__10,gender__11,gender__12,gender__13,gender__14,gender__15,gender__16,gender__17,gender__18,gender__19,gender__20,gender__21,gender__22,gender__23,gender__24,gender__25,gender__26,gender__27,gender_FEM,gender_F_1,gender_F_2,gender_F_3,gender_F_4,gender_F_5,gender_F_6,gender_F_7,gender_F_8,gender_F_9,gender__28,gender__29,gender__30,gender__31,gender__32,gender__33,gender__34,gender__35,gender__36,gender__37,gender__38,gender__39,gender__40,gender__41,gender__42,gender__43,gender__44,gender__45,householdt,OwnerRente,OwnerRen_1,OwnerRen_2,OwnerRen_3,housinguni,vacant_VAC,vacant_V_1,raceandhis,raceandh_1,raceandh_2,raceandh_3,raceandh_4,raceandh_5,raceandh_6,raceandh_7,raceandh_8,raceandh_9,raceand_10,raceand_11,hispanicor,hispanic_1,educationa,educatio_1,educatio_2,educatio_3,educatio_4,educatio_5,educatio_6,househol_1,households,householdi,homevalue_,F5yearincre,unitsinstr,unitsins_1,unitsins_2,unitsins_3,unitsins_4,unitsins_5,unitsins_6,unitsins_7,unitsins_8,unitsins_9,unitsin_10,unitsin_11,unitsin_12,unitsin_13,unitsin_14,unitsin_15,commute_AC,commute__1,commute__2,commute__3,commute__4,commute__5,commute__6,Shape__Area,Shape__Length
13,, ,Ridgewood Heights,Neighborhood, ,0,,, ,137.02,0.21,Ridgewood Heights,C, ,,GIS,2022/05/24 00:00:00+00,{6966A245-7101-4837-9445-EE2D2973BF5C},11401.3885878035,"BlockApportionment:US.BlockGroups;PointsLayer:US.BlockPoints",1,0,US,2.576,2.191,496,35.8,253,51.01,22,8.7,22,8.7,16,6.32,15,5.93,11,4.35,11,4.35,25,9.88,33,13.04,26,10.28,21,8.3,16,6.32,15,5.93,6,2.37,243,48.99,20,8.23,21,8.64,14,5.76,16,6.58,14,5.76,10,4.12,21,8.64,27,11.11,23,9.47,18,7.41,17,7,12,4.94,9,3.7,165,142,86.06,23,13.94,166,1,0.6,380,76.61,48,9.68,19,3.83,0,0,0,0,11,2.22,35,7.06,0,1.53,0,3.68,0,48.47,32.52,3.01,0,177192,591346,35.8,0,0,0,0,0,0,11,5.42,0,0,0,0,27,13.3,165,81.28,9.06,30.2,0,0,0,58.72,2.01,5968603.19482422,11401.3885878035
14,, ,Fernleaf,Neighborhood, ,0,,, ,54.5,0.09,Fernleaf,C, ,,GIS,2022/05/24 00:00:00+00,{1ED3D5BA-3F49-49D8-AE31-DFDB1E908196},7832.42989488968,"BlockApportionment:US.BlockGroups;PointsLayer:US.BlockPoints",1,1,US,2.576,2.191,316,35.8,161,50.95,14,8.7,14,8.7,10,6.21,9,5.59,7,4.35,7,4.35,16,9.94,21,13.04,16,9.94,13,8.07,10,6.21,9,5.59,4,2.48,155,49.05,13,8.39,13,8.39,9,5.81,10,6.45,9,5.81,6,3.87,13,8.39,17,10.97,14,9.03,12,7.74,11,7.1,8,5.16,6,3.87,113,97,85.84,16,14.16,113,0,0,242,76.58,31,9.81,12,3.8,0,0,0,0,7,2.22,22,6.96,0,1.46,0,3.41,0,48.78,32.68,2.8,0,178086,594340,35.8,0,0,0,0,0,0,8,5.8,0,0,0,0,18,13.04,112,81.16,8.99,30.16,0,0,0,58.73,2.12,2373813.2590332,7832.42989488968
15,, ,Westminster/Milmar,Neighborhood, ,0,,, ,90.46,0.14,Westminster Milmar,C, ,,GIS,2022/05/24 00:00:00+00,{0ADF65B4-E775-426C-A571-FEBFB6F8AF40},8756.38903524422,"BlockApportionment:US.BlockGroups;PointsLayer:US.BlockPoints",1,2,US,2.576,2.191,421,41.1,212,50.36,16,7.55,21,9.91,17,8.02,17,8.02,12,5.66,5,2.36,5,2.36,8,3.77,19,8.96,17,8.02,13,6.13,17,8.02,12,5.66,209,49.64,12,5.74,17,8.13,22,10.53,16,7.66,11,5.26,6,2.87,5,2.39,10,4.78,22,10.53,15,7.18,15,7.18,15,7.18,11,5.26,140,135,96.43,5,3.57,143,3,2.1,360,85.51,10,2.38,21,4.99,1,0.24,0,0,3,0.71,14,3.33,0,0,0,3.85,1.92,45.38,48.85,3.01,0,200001,956349,41.1,0,0,0,0,0,0,0,0,0,0,0,0,0,0,131,100,23.67,0,0,0,0,72.46,3.86,3940356.45825195,8756.38903524422
16,, ,Arden/Habersham,Neighborhood, ,0,,, ,114.61,0.18,Arden Habersham,C, ,,GIS,2022/05/24 00:00:00+00,{D5943E54-D1FC-4DD3-B549-04F6CAA14A85},13491.8818175989,"BlockApportionment:US.BlockGroups;PointsLayer:US.BlockPoints",1,3,US,2.576,2.191,355,49.8,175,49.3,5,2.86,12,6.86,13,7.43,18,10.29,6,3.43,3,1.71,3,1.71,10,5.71,8,4.57,12,6.86,15,8.57,13,7.43,9,5.14,180,50.7,6,3.33,12,6.67,12,6.67,15,8.33,8,4.44,3,1.67,5,2.78,8,4.44,8,4.44,13,7.22,18,10,12,6.67,7,3.89,129,122,94.57,7,5.43,129,0,0,333,93.8,3,0.85,3,0.85,1,0.28,0,0,2,0.56,7,1.97,0,3.23,0,4.84,4.03,50.4,33.06,2.75,11.29,200001,1264423,49.8,2,3.08,3,4.62,5,7.69,0,0,0,0,0,0,7,10.77,49,75.38,29.17,31.25,0,0,0,39.58,0,4992431.61035156,13491.8818175989
17,, ,Woodfield,Neighborhood, ,0,,, ,46.39,0.07,Woodfield,C, ,,GIS,2022/05/24 00:00:00+00,{5C9A42E3-7F9B-4C15-8823-7800ACD0A060},5767.47068359751,"BlockApportionment:US.BlockGroups;PointsLayer:US.BlockPoints",1,4,US,2.576,2.191,134,40.8,65,48.51,4,6.15,5,7.69,7,10.77,7,10.77,4,6.15,2,3.08,1,1.54,2,3.08,6,9.23,6,9.23,7,10.77,5,7.69,3,4.62,69,51.49,5,7.25,7,10.14,8,11.59,6,8.7,4,5.8,1,1.45,1,1.45,3,4.35,6,8.7,5,7.25,7,10.14,5,7.25,3,4.35,44,43,97.73,1,2.27,49,5,10.2,117,87.31,3,2.24,4,2.99,0,0,0,0,1,0.75,5,3.73,0,1.27,0,0,0,46.84,51.9,3.05,0,200001,1218750,40.8,0,0,0,0,0,0,0,0,0,0,0,0,0,0,51,100,47.54,0,0,0,1.64,47.54,3.28,2020771.58544922,5767.47068359752
18,, ,Springlake,Neighborhood, ,0,,, ,152.35,0.24,Springlake,C, ,,GIS,2022/05/24 00:00:00+00,{0DC5D413-A7E3-4E5A-9049-1B12A07A78B6},11532.7472374342,"BlockApportionment:US.BlockGroups;PointsLayer:US.BlockPoints",1,5,US,2.576,2.191,882,35.6,436,49.43,40,9.17,47,10.78,43,9.86,35,8.03,17,3.9,11,2.52,13,2.98,44,10.09,42,9.63,33,7.57,39,8.94,28,6.42,16,3.67,446,50.57,45,10.09,52,11.66,45,10.09,38,8.52,20,4.48,10,2.24,15,3.36,46,10.31,40,8.97,35,7.85,35,7.85,22,4.93,15,3.36,316,302,95.57,14,4.43,317,1,0.32,838,95.01,6,0.68,7,0.79,0,0,1,0.11,2,0.23,21,2.38,0,3.79,0,1.4,0,38.12,56.69,2.79,0,200001,892500,35.6,0,0,0,0,0,0,0,0,0,0,0,0,17,5.2,310,94.8,41.65,0,0,0,0,58.35,0,6636466.6628418,11532.7472374342
19,, ,Channing Valley,Neighborhood, ,0,,, ,72.96,0.11,Channing Valley,C, ,,GIS,2022/05/24 00:00:00+00,{F80EEC84-9208-4BB9-8F14-3BC13F1C2BB7},7665.76322765146,"BlockApportionment:US.BlockGroups;PointsLayer:US.BlockPoints",1,6,US,2.576,2.191,451,32.7,234,51.88,33,14.1,17,7.26,6,2.56,5,2.14,10,4.27,25,10.68,32,13.68,28,11.97,12,5.13,12,5.13,10,4.27,13,5.56,9,3.85,217,48.12,25,11.52,16,7.37,8,3.69,9,4.15,15,6.91,23,10.6,32,14.75,23,10.6,18,8.29,9,4.15,7,3.23,8,3.69,6,2.76,235,177,75.32,58,24.68,241,6,2.49,350,77.61,35,7.76,15,3.33,2,0.44,0,0,6,1.33,29,6.43,0,0,0,4.87,0,67.53,25.32,1.92,0,89228,842262,32.7,35,14.64,8,3.35,0,0,0,0,0,0,0,0,0,0,195,81.59,26.26,0,0,0,0,73.74,0,3178276.43041992,7665.76322765147
20,, ,Collier Hills,Neighborhood, ,0,,, ,151.42,0.24,Collier Hills,C, ,,GIS,2022/05/24 00:00:00+00,{AE90C4DD-AD47-49F6-8846-47B1277D1DFA},11600.4951365807,"BlockApportionment:US.BlockGroups;PointsLayer:US.BlockPoints",1,7,US,2.576,2.191,854,33.2,442,51.76,57,12.9,38,8.6,20,4.52,17,3.85,18,4.07,36,8.14,49,11.09,53,11.99,28,6.33,26,5.88,21,4.75,23,5.2,17,3.85,412,48.24,44,10.68,34,8.25,20,4.85,22,5.34,26,6.31,34,8.25,49,11.89,43,10.44,36,8.74,21,5.1,17,4.13,17,4.13,13,3.16,285,231,81.05,54,18.95,302,17,5.63,683,79.98,54,6.32,28,3.28,3,0.35,0,0,10,1.17,51,5.97,0,0.18,0,3.94,0.72,64.22,29.16,3,0,164469,864955,33.2,33,11.46,7,2.43,0,0,0,0,0,0,0,0,8,2.78,240,83.33,26.71,0,0,0,0,72.67,0.62,6595615.11010742,11600.4951365807
21,, ,Colonial Homes,Neighborhood, ,0,,, ,27.42,0.04,Colonial Homes,C, ,,GIS,2022/05/24 00:00:00+00,{95ED6F40-0B41-44A8-A5BE-F06283326C51},4978.10993280417,"BlockApportionment:US.BlockGroups;PointsLayer:US.BlockPoints",1,8,US,2.576,2.191,620,32.8,280,45.16,10,3.57,7,2.5,4,1.43,3,1.07,10,3.57,54,19.29,76,27.14,36,12.86,18,6.43,13,4.64,13,4.64,9,3.21,11,3.93,340,54.84,5,1.47,4,1.18,3,0.88,4,1.18,16,4.71,100,29.41,88,25.88,34,10,18,5.29,14,4.12,12,3.53,10,2.94,9,2.65,416,57,13.7,359,86.3,456,40,8.77,416,67.1,94,15.16,41,6.61,0,0,1,0.16,21,3.39,52,8.39,0,8.47,0,4.86,1.44,45.23,40,1.49,6.1,111083,442308,32.8,304,81.28,37,9.89,11,2.94,9,2.41,0,0,0,0,4,1.07,9,2.41,32.37,7.84,0,0,0,54.23,1.03,1194477.70458984,4978.10993280417
22,, ,Cabbagetown,Neighborhood, ,0,,, ,112.17,0.18,Cabbage Town,N, ,,GIS,2022/05/24 00:00:00+00,{267DA5D6-6421-4870-AA02-137C41930051},9042.74879519763,"BlockApportionment:US.BlockGroups;PointsLayer:US.BlockPoints",1,9,US,2.576,2.191,1773,36.9,885,49.92,28,3.16,19,2.15,11,1.24,7,0.79,57,6.44,74,8.36,146,16.5,154,17.4,107,12.09,74,8.36,81,9.15,47,5.31,36,4.07,888,50.08,38,4.28,26,2.93,14,1.58,17,1.91,97,10.92,104,11.71,149,16.78,107,12.05,93,10.47,54,6.08,59,6.64,44,4.95,30,3.38,1074,593,55.21,481,44.79,1138,64,5.62,1274,71.86,228,12.86,49,2.76,5,0.28,2,0.11,30,1.69,151,8.52,0.07,3.36,0.14,5.14,6.44,50.79,33.1,1.65,3.84,120877,538366,36.9,402,37.92,118,11.13,15,1.42,34,3.21,49,4.62,51,4.81,44,4.15,348,32.83,49.12,0,1.32,0.44,0.73,42.52,5.87,4886223.46484375,9042.74879519763
23,, ,Reynoldstown,Neighborhood, ,0,,, ,395.41,0.62,Reynoldstown,N, ,,GIS,2022/05/24 00:00:00+00,{F178147A-A945-4234-8052-D81C012E4ECB},17900.2189637582,"BlockApportionment:US.BlockGroups;PointsLayer:US.BlockPoints",1,10,US,2.576,2.191,5623,34.9,2833,50.38,122,4.31,93,3.28,62,2.19,52,1.84,135,4.77,423,14.93,508,17.93,416,14.68,275,9.71,173,6.11,183,6.46,135,4.77,82,2.89,2790,49.62,145,5.2,108,3.87,59,2.11,47,1.68,163,5.84,453,16.24,470,16.85,331,11.86,242,8.67,188,6.74,146,5.23,113,4.05,71,2.54,3203,1317,41.12,1886,58.88,3585,382,10.66,3369,59.91,1282,22.8,261,4.64,5,0.09,4,0.07,111,1.97,503,8.95,0.5,8.07,1.7,6.75,6.62,39.77,36.04,1.75,8.48,130156,608716,34.9,928,34.6,273,10.18,125,4.66,13,0.48,32,1.19,113,4.21,354,13.2,813,30.31,29.09,0.51,0.74,0.9,10.07,52.67,6.05,17223812.0939941,17900.2189637582
24,, ,Ormewood Park,Neighborhood, ,0,,, ,505.91,0.79,Ormewood Park,W, ,,GIS,2022/05/24 00:00:00+00,{EC67BCEC-A8CB-49B0-8979-4D36C9FC2D32},21428.4028948578,"BlockApportionment:US.BlockGroups;PointsLayer:US.BlockPoints",1,11,US,2.576,2.191,5120,36.7,2536,49.53,173,6.82,177,6.98,148,5.84,106,4.18,94,3.71,142,5.6,296,11.67,316,12.46,276,10.88,206,8.12,195,7.69,129,5.09,100,3.94,2584,50.47,172,6.66,180,6.97,144,5.57,87,3.37,100,3.87,190,7.35,330,12.77,344,13.31,249,9.64,201,7.78,170,6.58,120,4.64,95,3.68,2377,1443,60.71,934,39.29,2489,112,4.5,3226,63.01,1168,22.81,179,3.5,3,0.06,4,0.08,70,1.37,329,6.43,1.31,3.48,0,7.57,5.64,40.67,39.57,2.14,11.29,161042,538803,36.7,155,6.92,58,2.59,177,7.9,60,2.68,47,2.1,44,1.96,276,12.32,1422,63.48,40.8,0.39,1.15,0.7,2.58,50.21,4.13,22037397.9558105,21428.4028948578
25,, ,Woodland Hills,Neighborhood, ,0,,, ,94.71,0.15,Woodland Hills,W, ,,GIS,2022/05/24 00:00:00+00,{01E58E2B-50D2-476B-9670-CDD137717CA1},8918.18627823437,"BlockApportionment:US.BlockGroups;PointsLayer:US.BlockPoints",1,12,US,2.576,2.191,518,37.5,273,52.7,12,4.4,12,4.4,18,6.59,16,5.86,11,4.03,15,5.49,36,13.19,36,13.19,30,10.99,24,8.79,19,6.96,13,4.76,11,4.03,245,47.3,15,6.12,15,6.12,9,3.67,9,3.67,12,4.9,17,6.94,29,11.84,30,12.24,26,10.61,16,6.53,17,6.94,12,4.9,10,4.08,239,170,71.13,69,28.87,251,12,4.78,248,47.88,175,33.78,12,2.32,4,0.77,1,0.19,28,5.41,61,11.78,0.77,9.51,1.29,7.2,1.8,36.76,42.16,2.17,11.22,145052,457333,37.5,0,0,0,0,0,0,2,0.9,3,1.36,0,0,17,7.69,200,90.5,45.42,0.37,0.37,0.37,4.4,46.89,2.2,4125419.68774414,8918.18627823436
26,, ,Benteen Park,Neighborhood, ,0,,, ,180.54,0.28,Benteen,W, ,,GIS,2022/05/24 00:00:00+00,{6F4AC49D-3F7D-4873-89C6-AEE0A2D6AAC5},13853.8158770003,"BlockApportionment:US.BlockGroups;PointsLayer:US.BlockPoints",1,13,US,2.576,2.191,1805,37.5,974,53.96,61,6.26,53,5.44,51,5.24,60,6.16,55,5.65,53,5.44,104,10.68,106,10.88,89,9.14,75,7.7,77,7.91,68,6.98,35,3.59,831,46.04,50,6.02,50,6.02,45,5.42,56,6.74,43,5.17,51,6.14,73,8.78,87,10.47,74,8.9,63,7.58,66,7.94,56,6.74,45,5.42,817,388,47.49,429,52.51,912,95,10.42,561,31.08,792,43.88,35,1.94,14,0.78,1,0.06,247,13.68,385,21.33,2.73,22.4,11.48,10.38,7.96,22.95,13.58,2.21,42.91,53873,423387,37.5,6,0.68,0,0,34,3.85,245,27.71,227,25.68,0,0,33,3.73,338,38.24,7.07,0.31,0.2,0.51,36.17,52.87,2.77,7864496.37695312,13853.8158770003
27,, ,Boulevard Heights,Neighborhood, ,0,,, ,140.21,0.22,Boulevard Heights,W, ,,GIS,2022/05/24 00:00:00+00,{86A6BACD-68D0-40FD-83BA-9FD63C97B887},11725.6586747101,"BlockApportionment:US.BlockGroups;PointsLayer:US.BlockPoints",1,14,US,2.576,2.191,1145,36.4,600,52.4,38,6.33,24,4,24,4,18,3,29,4.83,49,8.17,95,15.83,85,14.17,55,9.17,57,9.5,44,7.33,29,4.83,14,2.33,545,47.6,20,3.67,27,4.95,22,4.04,13,2.39,25,4.59,64,11.74,86,15.78,61,11.19,55,10.09,37,6.79,36,6.61,31,5.69,25,4.59,584,323,55.31,261,44.69,686,102,14.87,553,48.3,355,31,43,3.76,10,0.87,0,0,92,8.03,156,13.62,4.2,7.18,0,8.4,9.39,43.09,24.31,1.96,6.4,96043,469079,36.4,0,0,0,0,0,0,16,4.28,25,6.68,0,0,106,28.34,227,60.7,26.23,1.64,1.23,2.87,4.51,52.66,10.86,6107540.24487305,11725.6586747101
28,, ,Rebel Valley Forest,Neighborhood, ,0,,, ,112.36,0.18,Rebel Valley Forest,Z, ,,GIS,2022/05/24 00:00:00+00,{6B3F2CCF-2905-45C6-8B08-E6971E78C328},9128.2607499583,"BlockApportionment:US.BlockGroups;PointsLayer:US.BlockPoints",1,15,US,2.576,2.191,322,34.7,161,50,10,6.21,11,6.83,13,8.07,12,7.45,12,7.45,10,6.21,15,9.32,11,6.83,10,6.21,15,9.32,14,8.7,9,5.59,7,4.35,161,50,11,6.83,12,7.45,13,8.07,8,4.97,15,9.32,11,6.83,10,6.21,12,7.45,12,7.45,7,4.35,13,8.07,9,5.59,7,4.35,111,45,40.54,66,59.46,150,39,26,27,8.39,242,75.16,0,0,2,0.62,0,0,39,12.11,51,15.84,19.42,21.84,7.77,24.27,11.17,5.34,0,2.9,0,51897,227174,34.7,0,0,0,0,0,0,3,1.63,0,0,0,0,0,0,140,76.09,0,0,0,0,0,72.09,27.91,4894277.90527344,9128.2607499583
29,, ,Leila Valley,Neighborhood, ,0,,, ,314.8,0.49,Leila Valley,Z, ,,GIS,2022/05/24 00:00:00+00,{D3B20D8F-7D74-4A29-A947-FA64841311FA},24885.5192028664,"BlockApportionment:US.BlockGroups;PointsLayer:US.BlockPoints",1,16,US,2.576,2.191,787,32.9,380,48.28,29,7.63,30,7.89,35,9.21,34,8.95,28,7.37,19,5,29,7.63,31,8.16,25,6.58,28,7.37,25,6.58,20,5.26,15,3.95,407,51.72,31,7.62,33,8.11,38,9.34,29,7.13,31,7.62,21,5.16,32,7.86,38,9.34,27,6.63,24,5.9,21,5.16,17,4.18,16,3.93,281,102,36.3,179,63.7,344,63,18.31,29,3.68,670,85.13,5,0.64,5,0.64,0,0,46,5.84,68,8.64,10.66,24.52,6.61,24.73,10.23,13.43,0,2.8,13.5,43482,153571,32.9,0,0,8,2.14,75,20.11,13,3.49,16,4.29,0,0,3,0.8,223,59.79,3.24,0,0,1.62,4.45,72.87,17.81,13712534.1413574,24885.5192028664
30,, ,Chosewood Park,Neighborhood, ,0,,, ,560.44,0.88,Choosewood Park,Y, ,,GIS,2022/05/24 00:00:00+00,{EE550657-B80D-4F61-B2AB-DEE359E72B65},25519.163790945,"BlockApportionment:US.BlockGroups;PointsLayer:US.BlockPoints",1,17,US,2.576,2.191,4328,38.4,3192,73.75,66,2.07,66,2.07,61,1.91,69,2.16,149,4.67,314,9.84,445,13.94,521,16.32,503,15.76,349,10.93,228,7.14,174,5.45,105,3.29,1136,26.25,59,5.19,58,5.11,65,5.72,56,4.93,93,8.19,103,9.07,128,11.27,106,9.33,95,8.36,71,6.25,61,5.37,57,5.02,56,4.93,1011,339,33.53,672,66.47,1117,106,9.49,1190,27.5,2783,64.3,10,0.23,18,0.42,0,0,129,2.98,586,13.54,13.78,18.75,25.14,15.4,4.99,7.28,8.68,2.15,21.81,68666,424830,38.4,22,3.84,39,6.81,0,0,33,5.76,130,22.69,25,4.36,16,2.79,300,52.36,22.14,8.51,1.39,1.39,14.55,47.06,4.49,24412468.4174805,25519.163790945
31,, ,Cascade Avenue/Road,Neighborhood, ,0,,, ,673.3,1.05,Cascade Road,S, ,,GIS,2022/05/24 00:00:00+00,{CDB5122B-F54E-4893-9264-C41C69E235D4},25579.3263733299,"BlockApportionment:US.BlockGroups;PointsLayer:US.BlockPoints",1,18,US,2.576,2.191,2213,42.5,1059,47.85,48,4.53,68,6.42,53,5,42,3.97,68,6.42,65,6.14,87,8.22,69,6.52,69,6.52,84,7.93,81,7.65,78,7.37,71,6.7,1154,52.15,47,4.07,46,3.99,64,5.55,52,4.51,57,4.94,64,5.55,96,8.32,103,8.93,80,6.93,58,5.03,66,5.72,75,6.5,72,6.24,927,643,69.36,284,30.64,1127,200,17.75,134,6.06,1981,89.52,7,0.32,3,0.14,0,0,12,0.54,54,2.44,7.85,29.86,4.08,14.93,5.28,18.65,12.89,2.39,39.98,42568,136786,42.5,0,0,10,0.78,36,2.81,65,5.07,17,1.33,43,3.36,40,3.12,1070,83.53,13.56,0,0.1,0,11.98,69.65,1.87,29328959.9528809,25579.3263733299
32,, ,Oakland City,Neighborhood, ,0,,, ,630.39,0.98,Oakland City,S, ,,GIS,2022/05/24 00:00:00+00,{EB398172-A2F8-42B4-B73A-D237D926B9C8},34560.3853974936,"BlockApportionment:US.BlockGroups;PointsLayer:US.BlockPoints",1,19,US,2.576,2.191,3086,35.9,1511,48.96,93,6.15,83,5.49,108,7.15,110,7.28,90,5.96,97,6.42,181,11.98,152,10.06,120,7.94,71,4.7,72,4.77,78,5.16,85,5.63,1575,51.04,76,4.83,88,5.59,89,5.65,93,5.9,102,6.48,110,6.98,168,10.67,155,9.84,97,6.16,98,6.22,80,5.08,74,4.7,92,5.84,1290,664,51.47,626,48.53,1497,207,13.83,263,8.52,2650,85.87,20,0.65,3,0.1,1,0.03,46,1.49,103,3.34,9.06,26.47,6.69,17.46,4.23,15.56,15.98,2.39,23.7,38012,388736,35.9,0,0,0,0,25,1.53,72,4.39,126,7.69,109,6.65,62,3.78,1246,76.02,16.44,4.72,4.19,1.45,24.73,41.17,5.25,27459719.0324707,34560.3853974936
33,, ,Campbellton Road,Neighborhood, ,0,,, ,282.91,0.44,Campbellton Road,R, ,,GIS,2022/05/24 00:00:00+00,{7F9C6923-F17A-4C70-9F40-49235294CB69},15863.5603001766,"BlockApportionment:US.BlockGroups;PointsLayer:US.BlockPoints",1,20,US,2.576,2.191,5332,35,2379,44.62,239,10.05,224,9.42,181,7.61,128,5.38,122,5.13,165,6.94,187,7.86,161,6.77,125,5.25,101,4.25,99,4.16,127,5.34,161,6.77,2953,55.38,218,7.38,229,7.75,167,5.66,162,5.49,164,5.55,233,7.89,247,8.36,205,6.94,151,5.11,139,4.71,130,4.4,185,6.26,234,7.92,2620,142,5.42,2478,94.58,2927,307,10.49,70,1.31,5109,95.82,6,0.11,7,0.13,0,0,27,0.51,86,1.61,8.52,41.27,6.2,19.58,9.06,8.55,5.32,2.04,40.57,23872,60417,35,425,15.94,379,14.22,856,32.11,292,10.95,324,12.15,49,1.84,47,1.76,273,10.24,6.89,1.74,0.48,0,43.41,41.55,6,12323572.8154297,15863.5603001766
34,, ,Southwest,Neighborhood, ,0,,, ,1262.47,1.97,Southwest,R, ,,GIS,2022/05/24 00:00:00+00,{430929E0-8949-48DD-9E5F-778F07F688F9},46142.6899811559,"BlockApportionment:US.BlockGroups;PointsLayer:US.BlockPoints",1,21,US,2.576,2.191,5020,36.2,2332,46.45,168,7.2,173,7.42,155,6.65,153,6.56,165,7.08,165,7.08,171,7.33,189,8.1,169,7.25,142,6.09,113,4.85,137,5.87,125,5.36,2688,53.55,177,6.58,170,6.32,142,5.28,181,6.73,175,6.51,191,7.11,225,8.37,202,7.51,180,6.7,160,5.95,147,5.47,132,4.91,144,5.36,2040,1024,50.2,1016,49.8,2209,169,7.65,113,2.25,4615,91.93,17,0.34,30,0.6,0,0,77,1.53,195,3.88,4.55,21.3,6.34,23.09,8.12,19.58,15.98,2.46,13.1,61140,353099,36.2,50,1.94,42,1.63,280,10.85,418,16.2,93,3.6,80,3.1,166,6.43,1427,55.31,19.1,0.34,0,0,10.91,60.72,8.93,54992889.8383789,46142.6899811559
35,, ,Adams Park,Neighborhood, ,0,,, ,628.53,0.98,Adams Park,R, ,,GIS,2022/05/24 00:00:00+00,{806632F1-D3FC-4DD2-978A-42B625F8C601},21028.3650077135,"BlockApportionment:US.BlockGroups;PointsLayer:US.BlockPoints",1,22,US,2.576,2.191,1630,47.2,775,47.55,26,3.35,36,4.65,45,5.81,50,6.45,44,5.68,44,5.68,52,6.71,46,5.94,52,6.71,39,5.03,52,6.71,55,7.1,56,7.23,855,52.45,30,3.51,32,3.74,36,4.21,46,5.38,44,5.15,47,5.5,44,5.15,49,5.73,55,6.43,51,5.96,52,6.08,48,5.61,57,6.67,692,417,60.26,275,39.74,771,79,10.25,92,5.64,1446,88.71,7,0.43,6,0.37,0,0,20,1.23,44,2.7,6.94,28.55,3.87,19.52,3.06,22.66,15.32,2.36,14.74,73502,351765,47.2,51,6.02,27,3.19,35,4.13,54,6.38,37,4.37,0,0,2,0.24,619,73.08,18.28,0,0,1.6,11.78,60,8.34,27378542.8808594,21028.3650077135
36,, ,Mellwood,Neighborhood, ,0,,, ,23.3,0.04,Melwood,P, ,,GIS,2022/05/24 00:00:00+00,{0ED77AB2-19DB-41EA-A7CD-B5F9033327D5},4080.2077148072,"BlockApportionment:US.BlockGroups;PointsLayer:US.BlockPoints",1,23,US,2.576,2.191,238,42.3,103,43.28,6,5.83,9,8.74,5,4.85,3,2.91,5,4.85,9,8.74,12,11.65,5,4.85,8,7.77,4,3.88,6,5.83,4,3.88,9,8.74,135,56.72,7,5.19,4,2.96,6,4.44,3,2.22,8,5.93,13,9.63,12,8.89,6,4.44,5,3.7,4,2.96,6,4.44,7,5.19,11,8.15,94,26,27.66,68,72.34,96,2,2.08,4,1.68,226,94.96,1,0.42,1,0.42,0,0,1,0.42,4,1.68,0.55,12.15,11.05,33.15,13.26,21.55,0,2.53,19.75,46825,228333,42.3,36,41.86,12,13.95,5,5.81,0,0,0,0,12,13.95,1,1.16,20,23.26,0,0,0,0,26.47,57.84,15.69,1015011.19091797,4080.2077148072
37,, ,Tampa Park,Neighborhood, ,0,,, ,17.19,0.03,Tampa Park,P, ,,GIS,2022/05/24 00:00:00+00,{A54BDB59-7D9D-496A-80D1-17723D2F4D08},3601.17232583453,"BlockApportionment:US.BlockGroups;PointsLayer:US.BlockPoints",0,24,US,2.576,2.191,0,0,0,0,0,0,0,0,0,0,0,0,0,0,0,0,0,0,0,0,0,0,0,0,0,0,0,0,0,0,0,0,0,0,0,0,0,0,0,0,0,0,0,0,0,0,0,0,0,0,0,0,0,0,0,0,0,0,0,0,0,0,0,0,0,0,0,0,0,0,0,0,0,0,0,0,0,0,0,0,0,0,0,0,0,0,0,0,0,0,0,0,0,0,0,0,0,0,0,0,0,0,0,0,0,0,0,0,0,0,0,0,0,0,0,748868.042236328,3601.17232583453
38,, ,Brentwood,Neighborhood, ,0,,, ,46.45,0.07,Brentwood,P, ,,GIS,2022/05/24 00:00:00+00,{4CC9A239-E950-40E4-905B-46901522AE6D},6741.62413730776,"BlockApportionment:US.BlockGroups;PointsLayer:US.BlockPoints",1,25,US,2.576,2.191,194,34.2,93,47.94,6,6.45,6,6.45,6,6.45,8,8.6,8,8.6,8,8.6,11,11.83,8,8.6,6,6.45,5,5.38,5,5.38,5,5.38,4,4.3,101,52.06,6,5.94,6,5.94,5,4.95,6,5.94,7,6.93,8,7.92,10,9.9,8,7.92,7,6.93,6,5.94,7,6.93,5,4.95,5,4.95,78,41,52.56,37,47.44,80,2,2.5,4,2.06,178,91.75,3,1.55,0,0,0,0,2,1.03,8,4.12,12.21,25.19,0,12.98,15.27,18.32,9.92,2.49,18.18,62985,130000,34.2,6,9.38,6,9.38,6,9.38,1,1.56,2,3.12,0,0,3,4.69,40,62.5,14.29,0,0,0,2.38,58.33,4.76,2023496.46826172,6741.62413730776
39,, ,Lake Estates,Neighborhood, ,0,,, ,42.12,0.07,Lake Coral Estates,P, ,,GIS,2022/05/24 00:00:00+00,{881DBCED-ECD4-402C-BA5A-5C70901C4D21},6400.18561622486,"BlockApportionment:US.BlockGroups;PointsLayer:US.BlockPoints",1,26,US,2.576,2.191,103,35.9,50,48.54,3,6,3,6,4,8,5,10,5,10,3,6,3,6,4,8,2,4,3,6,3,6,3,6,3,6,53,51.46,3,5.66,3,5.66,3,5.66,5,9.43,3,5.66,3,5.66,3,5.66,4,7.55,3,5.66,4,7.55,2,3.77,3,5.66,2,3.77,48,35,72.92,13,27.08,57,9,15.79,2,1.94,93,90.29,1,0.97,0,0,0,0,1,0.97,5,4.85,0,48.44,0,10.94,35.94,0,4.69,2.15,50,69619,286667,35.9,0,0,0,0,0,0,0,0,0,0,0,0,0,0,29,100,0,0,18.18,0,0,81.82,0,1834676.91699219,6400.18561622486
40,, ,Butner/Tell,Neighborhood, ,0,,, ,143.88,0.22,Butner Tell,P, ,,GIS,2022/05/24 00:00:00+00,{0677781B-FA47-43A3-86FC-5401A586981A},13307.7254341292,"BlockApportionment:US.BlockGroups;PointsLayer:US.BlockPoints",1,27,US,2.576,2.191,295,34.9,137,46.44,9,6.57,10,7.3,12,8.76,13,9.49,10,7.3,9,6.57,11,8.03,10,7.3,5,3.65,6,4.38,4,2.92,8,5.84,7,5.11,158,53.56,11,6.96,11,6.96,11,6.96,14,8.86,10,6.33,8,5.06,10,6.33,10,6.33,11,6.96,9,5.7,6,3.8,7,4.43,8,5.06,118,78,66.1,40,33.9,146,28,19.18,4,1.36,280,94.92,0,0,0,0,0,0,2,0.68,6,2.03,15.76,47.28,13.04,11.41,6.52,0,5.98,2.5,5.43,54181,213889,34.9,0,0,0,0,0,0,0,0,0,0,0,0,0,0,95,73.08,25.83,0,0.83,0,7.5,65.83,0,6267545.02050781,13307.7254341292
41,, ,Elmco Estates,Neighborhood, ,0,,, ,132.58,0.21,Elmco Estates,P, ,,GIS,2022/05/24 00:00:00+00,{127606D4-690C-4B53-A273-E1A1702BC5BD},11367.7815762878,"BlockApportionment:US.BlockGroups;PointsLayer:US.BlockPoints",1,28,US,2.576,2.191,217,34.1,100,46.08,7,7,7,7,9,9,9,9,7,7,7,7,8,8,7,7,4,4,4,4,3,3,6,6,5,5,117,53.92,8,6.84,8,6.84,8,6.84,11,9.4,8,6.84,6,5.13,7,5.98,8,6.84,8,6.84,7,5.98,5,4.27,5,4.27,6,5.13,86,55,63.95,31,36.05,96,10,10.42,3,1.38,209,96.31,0,0,0,0,0,0,2,0.92,3,1.38,19.12,47.06,16.18,11.03,0,0,6.62,2.52,0,53289,191250,34.1,0,0,0,0,0,0,0,0,0,0,0,0,0,0,66,68.75,27.18,0,0,0,7.77,65.05,0,5775345.09716797,11367.7815762878
42,, ,Sandlewood Estates,Neighborhood, ,0,,, ,56.51,0.09,Sandlewood Estates,P, ,,GIS,2022/05/24 00:00:00+00,{3A807E2E-AF9B-4D22-93F9-85AACAA9C981},9747.53675067453,"BlockApportionment:US.BlockGroups;PointsLayer:US.BlockPoints",1,29,US,2.576,2.191,349,45,164,46.99,11,6.71,13,7.93,10,6.1,10,6.1,9,5.49,10,6.1,9,5.49,9,5.49,10,6.1,8,4.88,11,6.71,9,5.49,11,6.71,185,53.01,9,4.86,10,5.41,8,4.32,8,4.32,8,4.32,9,4.86,9,4.86,9,4.86,12,6.49,11,5.95,12,6.49,12,6.49,16,8.65,134,114,85.07,20,14.93,136,2,1.47,3,0.86,335,95.99,1,0.29,0,0,0,0,3,0.86,6,1.72,7.54,19.05,0,11.9,4.37,26.19,30.56,2.6,25.45,73881,263816,45,0,0,0,0,0,0,0,0,0,0,0,0,0,0,106,94.64,3.01,0,0,0,3.76,85.71,6.77,2461632.39697266,9747.53675067453
43,, ,Ashley Courts,Neighborhood, ,0,,, ,35.91,0.06,Kimberley Courts,P, ,,GIS,2022/05/24 00:00:00+00,{7368E720-1C5C-42FD-B2FF-3E416890B37C},5416.46346426555,"BlockApportionment:US.BlockGroups;PointsLayer:US.BlockPoints",0,30,US,2.576,2.191,0,0,0,0,0,0,0,0,0,0,0,0,0,0,0,0,0,0,0,0,0,0,0,0,0,0,0,0,0,0,0,0,0,0,0,0,0,0,0,0,0,0,0,0,0,0,0,0,0,0,0,0,0,0,0,0,0,0,0,0,0,0,0,0,0,0,0,0,0,0,0,0,0,0,0,0,0,0,0,0,0,0,0,0,0,0,0,0,0,0,0,0,0,0,0,0,0,0,0,0,0,0,0,0,0,0,0,0,0,0,0,0,0,0,0,1564308.07421875,5416.46346426555
44,, ,Ben Hill,Neighborhood, ,0,,, ,685.22,1.07,Ben Hill,P, ,,GIS,2022/05/24 00:00:00+00,{BE4276A0-2F34-4E15-8DDA-F8059ACC9E22},38492.439684747,"BlockApportionment:US.BlockGroups;PointsLayer:US.BlockPoints",1,31,US,2.576,2.191,2135,35.2,945,44.26,71,7.51,77,8.15,77,8.15,76,8.04,75,7.94,74,7.83,65,6.88,80,8.47,75,7.94,62,6.56,63,6.67,53,5.61,33,3.49,1190,55.74,57,4.79,66,5.55,79,6.64,80,6.72,73,6.13,88,7.39,106,8.91,102,8.57,101,8.49,106,8.91,82,6.89,76,6.39,64,5.38,882,465,52.72,417,47.28,927,45,4.85,26,1.22,1998,93.58,10,0.47,2,0.09,0,0,24,1.12,63,2.95,9.81,20.33,0.14,1,9.1,44.07,15.57,2.42,1.43,89868,331507,35.2,19,1.6,1,0.08,138,11.63,276,23.25,0,0,0,0,266,22.41,487,41.03,21.39,0.62,0.07,0,11.48,66.44,0.07,29848191.8200684,38492.439684747
45,, ,Berkeley Park,Neighborhood, ,0,,, ,300.29,0.47,Berkeley Park,D, ,,GIS,2022/05/24 00:00:00+00,{200941BA-621D-4CEB-85E1-DAE3F0C12784},17189.9550703442,"BlockApportionment:US.BlockGroups;PointsLayer:US.BlockPoints",1,32,US,2.576,2.191,1746,30.7,907,51.95,24,2.65,14,1.54,12,1.32,12,1.32,66,7.28,275,30.32,223,24.59,96,10.58,58,6.39,36,3.97,31,3.42,26,2.87,17,1.87,839,48.05,25,2.98,13,1.55,11,1.31,20,2.38,96,11.44,244,29.08,205,24.43,77,9.18,52,6.2,25,2.98,25,2.98,16,1.91,14,1.67,1010,116,11.49,894,88.51,1106,96,8.68,804,46.05,563,32.25,150,8.59,10,0.57,0,0,68,3.89,188,10.77,4,10.2,2.55,6.96,3.03,42.04,31.15,1.72,17.28,118121,498077,30.7,889,63.32,42,2.99,31,2.21,38,2.71,57,4.06,23,1.64,54,3.85,271,19.3,16,0,14.14,0,8.18,60.9,0.74,13080788.1166992,17189.9550703442
46,, ,Underwood Hills,Neighborhood, ,0,,, ,718.32,1.12,Underwood Hills,D, ,,GIS,2022/05/24 00:00:00+00,{F6A29233-FF85-4169-91C3-73BFE2023102},33420.159931615,"BlockApportionment:US.BlockGroups;PointsLayer:US.BlockPoints",1,33,US,2.576,2.191,3363,32.7,1731,51.47,111,6.41,93,5.37,68,3.93,51,2.95,105,6.07,266,15.37,277,16,208,12.02,168,9.71,104,6.01,82,4.74,70,4.04,49,2.83,1632,48.53,114,6.99,93,5.7,62,3.8,53,3.25,132,8.09,247,15.13,261,15.99,171,10.48,138,8.46,114,6.99,80,4.9,42,2.57,47,2.88,1833,1052,57.39,781,42.61,1896,63,3.32,2193,65.21,552,16.41,191,5.68,14,0.42,1,0.03,124,3.69,310,9.22,0.12,9.39,0.6,8.38,5.64,42.47,31.71,1.83,3.55,132379,432847,32.7,260,12.8,123,6.06,38,1.87,240,11.82,136,6.7,39,1.92,422,20.78,761,37.47,31.44,2.91,0.6,0.36,1.72,57.54,5.47,31289894.0588379,33420.159931615
47,, ,Riverside,Neighborhood, ,0,,, ,500.1,0.78,Riverside,D, ,,GIS,2022/05/24 00:00:00+00,{2EBF0A4D-2806-447E-8D78-1EF68F5CC343},22496.6259448762,"BlockApportionment:US.BlockGroups;PointsLayer:US.BlockPoints",1,34,US,2.576,2.191,1370,35.5,687,50.15,53,7.71,56,8.15,41,5.97,38,5.53,26,3.78,34,4.95,81,11.79,97,14.12,79,11.5,58,8.44,53,7.71,26,3.78,17,2.47,683,49.85,53,7.76,56,8.2,39,5.71,34,4.98,30,4.39,36,5.27,92,13.47,93,13.62,76,11.13,57,8.35,40,5.86,22,3.22,20,2.93,626,466,74.44,160,25.56,692,66,9.54,637,46.5,501,36.57,44,3.21,6,0.44,1,0.07,59,4.31,134,9.78,0,14.74,0,2.44,0.21,57.58,24.6,2.18,4.13,158424,490265,35.5,22,4.1,26,4.84,46,8.57,7,1.3,0,0,23,4.28,44,8.19,370,68.9,23.47,2.98,0,0,2.98,68.83,1.58,21784340.2709961,22496.6259448762
48,, ,Bolton,Neighborhood, ,0,,, ,964.68,1.51,Bolton,D, ,,GIS,2022/05/24 00:00:00+00,{68C7BA9F-7608-4A79-B59E-65E2C4C00FE6},36336.3920889462,"BlockApportionment:US.BlockGroups;PointsLayer:US.BlockPoints",1,35,US,2.576,2.191,5568,35.1,2740,49.21,199,7.26,207,7.55,169,6.17,146,5.33,143,5.22,160,5.84,340,12.41,363,13.25,303,11.06,224,8.18,188,6.86,109,3.98,69,2.52,2828,50.79,196,6.93,202,7.14,152,5.37,136,4.81,143,5.06,224,7.92,349,12.34,385,13.61,291,10.29,206,7.28,184,6.51,105,3.71,78,2.76,2556,1519,59.43,1037,40.57,2730,174,6.37,2347,42.15,1533,27.53,294,5.28,58,1.04,8,0.14,626,11.24,1204,21.62,2.45,6.53,1.5,13.04,2.97,48.19,23.1,2.18,10.61,145897,439404,35.1,378,20.94,38,2.11,50,2.77,49,2.71,14,0.78,5,0.28,410,22.71,819,45.37,31.54,0.47,0,0,2.41,59.73,5.67,42021277.9750977,36336.3920889461
49,, ,Blandtown,Neighborhood, ,0,,, ,495.03,0.77,Blandtown,D, ,,GIS,2022/05/24 00:00:00+00,{B120B823-DF1C-43A1-8E6B-0CCA0C7A8D72},20216.3544592762,"BlockApportionment:US.BlockGroups;PointsLayer:US.BlockPoints",1,36,US,2.576,2.191,2607,31.3,1323,50.75,30,2.27,18,1.36,13,0.98,20,1.51,53,4.01,404,30.54,313,23.66,165,12.47,105,7.94,69,5.22,60,4.54,30,2.27,21,1.59,1284,49.25,34,2.65,20,1.56,12,0.93,18,1.4,117,9.11,417,32.48,269,20.95,142,11.06,86,6.7,70,5.45,40,3.12,20,1.56,16,1.25,1725,523,30.32,1202,69.68,2111,386,18.29,1172,44.96,921,35.33,207,7.94,9,0.35,0,0,71,2.72,239,9.17,4.32,0.26,1.54,12.95,1.32,45.86,33.7,1.51,0.17,121528,472066,31.3,541,42.07,60,4.67,0,0,28,2.18,82,6.38,14,1.09,297,23.09,264,20.53,46.72,4.08,0,0,0,46.19,3.01,21563488.7038574,20216.3544592761
50,, ,Lincoln Homes,Neighborhood, ,0,,, ,166.59,0.26,Lincoln Homes,G, ,,GIS,2022/05/24 00:00:00+00,{760CE299-A137-42FB-9ACA-079739E3B85D},13469.2105062136,"BlockApportionment:US.BlockGroups;PointsLayer:US.BlockPoints",1,37,US,2.576,2.191,838,34.3,381,45.47,26,6.82,31,8.14,33,8.66,22,5.77,25,6.56,41,10.76,37,9.71,29,7.61,19,4.99,22,5.77,17,4.46,15,3.94,18,4.72,457,54.53,22,4.81,26,5.69,21,4.6,29,6.35,24,5.25,48,10.5,47,10.28,33,7.22,31,6.78,21,4.6,20,4.38,22,4.81,20,4.38,330,97,29.39,233,70.61,351,21,5.98,54,6.44,686,81.86,2,0.24,4,0.48,3,0.36,56,6.68,81,9.67,7.92,27.54,0.52,23.41,9.98,23.92,4.3,2.54,5.07,38834,186765,34.3,42,18.18,0,0,15,6.49,16,6.93,38,16.45,0,0,45,19.48,71,30.74,5.68,0,0,0,3.03,86.74,4.55,7256688.37133789,13469.2105062136
51,, ,Scotts Crossing,Neighborhood, ,0,,, ,310.83,0.49,Scotts Crossing,G, ,,GIS,2022/05/24 00:00:00+00,{B73ED0A9-5071-411C-B43C-F24966C98182},19981.6030711404,"BlockApportionment:US.BlockGroups;PointsLayer:US.BlockPoints",1,38,US,2.576,2.191,1653,33.2,765,46.28,62,8.1,68,8.89,69,9.02,60,7.84,47,6.14,59,7.71,73,9.54,57,7.45,45,5.88,35,4.58,39,5.1,36,4.71,38,4.97,888,53.72,59,6.64,54,6.08,53,5.97,53,5.97,62,6.98,82,9.23,80,9.01,67,7.55,65,7.32,42,4.73,41,4.62,40,4.5,39,4.39,770,276,35.84,494,64.16,806,36,4.47,113,6.84,1364,82.52,15,0.91,10,0.6,5,0.3,68,4.11,116,7.02,9.66,33.86,4.13,25.61,11.35,10.79,3.66,2.15,24.33,40981,174286,33.2,125,16.49,0,0,83,10.95,35,4.62,38,5.01,10,1.32,59,7.78,387,51.06,5.64,0,0,0,17.51,60.24,16.77,13539658.4865723,19981.6030711404
52,, ,West Highlands,Neighborhood, ,0,,, ,507.02,0.79,Perry Homes,G, ,,GIS,2022/05/24 00:00:00+00,{72D80BC0-3021-4444-AD33-48662B2AB619},26643.9976054884,"BlockApportionment:US.BlockGroups;PointsLayer:US.BlockPoints",1,39,US,2.576,2.191,2036,34.8,993,48.77,57,5.74,51,5.14,46,4.63,50,5.04,70,7.05,114,11.48,126,12.69,101,10.17,83,8.36,56,5.64,57,5.74,50,5.04,42,4.23,1043,51.23,59,5.66,55,5.27,52,4.99,44,4.22,75,7.19,105,10.07,122,11.7,112,10.74,72,6.9,52,4.99,44,4.22,36,3.45,43,4.12,909,477,52.48,432,47.52,1002,93,9.28,372,18.27,1438,70.63,57,2.8,8,0.39,2,0.1,53,2.6,88,4.32,7.72,19.78,11.79,26.96,4.88,22.29,6.57,2.18,14.75,62321,432463,34.8,248,29.01,46,5.38,50,5.85,0,0,104,12.16,33,3.86,13,1.52,360,42.11,18.34,4.39,1.46,0,2.92,65.24,6.52,22085523.1669922,26643.9976054884
53,, ,Rockdale,Neighborhood, ,0,,, ,358.31,0.56,Rockdale,G, ,,GIS,2022/05/24 00:00:00+00,{78733A65-6404-49A9-B440-7D53607EBB9A},20281.4330503134,"BlockApportionment:US.BlockGroups;PointsLayer:US.BlockPoints",1,40,US,2.576,2.191,1035,31.7,472,45.6,36,7.63,33,6.99,32,6.78,30,6.36,23,4.87,54,11.44,75,15.89,57,12.08,42,8.9,24,5.08,20,4.24,14,2.97,14,2.97,563,54.4,43,7.64,39,6.93,31,5.51,28,4.97,37,6.57,79,14.03,85,15.1,62,11.01,45,7.99,28,4.97,22,3.91,14,2.49,18,3.2,457,160,35.01,297,64.99,487,30,6.16,168,16.23,772,74.59,35,3.38,1,0.1,0,0,13,1.26,38,3.67,3.84,26.32,1.99,19.06,8.68,33.71,6.4,2.25,12.47,41325,453488,31.7,106,25.24,28,6.67,106,25.24,0,0,6,1.43,1,0.24,17,4.05,156,37.14,10.02,11.23,4.32,0,0.35,72.88,1.04,15608124.1630859,20281.4330503134
54,, ,Monroe Heights,Neighborhood, ,0,,, ,248.72,0.39,Monroe Heights,G, ,,GIS,2022/05/24 00:00:00+00,{7A806875-E2CE-4088-848A-AA35B3192661},16600.88129438,"BlockApportionment:US.BlockGroups;PointsLayer:US.BlockPoints",1,41,US,2.576,2.191,1129,32.3,475,42.07,39,8.21,37,7.79,46,9.68,49,10.32,36,7.58,35,7.37,36,7.58,35,7.37,28,5.89,27,5.68,22,4.63,22,4.63,23,4.84,654,57.93,48,7.34,53,8.1,51,7.8,33,5.05,45,6.88,47,7.19,61,9.33,51,7.8,42,6.42,45,6.88,38,5.81,34,5.2,32,4.89,433,172,39.72,261,60.28,614,181,29.48,45,3.99,957,84.77,15,1.33,7,0.62,3,0.27,49,4.34,67,5.93,6.49,26.55,6.06,17.89,12.41,18.76,8.95,2.61,18.51,45208,366000,32.3,38,8.8,58,13.43,42,9.72,17,3.94,6,1.39,0,0,13,3.01,258,59.72,22.08,0,0,0,10.42,62.03,5.21,10834011.9414062,16600.88129438
55,, ,Brookview Heights,Neighborhood, ,0,,, ,345.17,0.54,Watts Road,G, ,,GIS,2022/05/24 00:00:00+00,{048749C8-B16A-4043-B7A0-75FD92983B8C},21684.0205233614,"BlockApportionment:US.BlockGroups;PointsLayer:US.BlockPoints",1,42,US,2.576,2.191,149,32.1,63,42.28,5,7.94,5,7.94,6,9.52,6,9.52,5,7.94,5,7.94,5,7.94,5,7.94,3,4.76,4,6.35,3,4.76,3,4.76,3,4.76,86,57.72,6,6.98,7,8.14,7,8.14,5,5.81,6,6.98,6,6.98,9,10.47,7,8.14,6,6.98,6,6.98,5,5.81,4,4.65,4,4.65,58,23,39.66,35,60.34,83,25,30.12,6,4.03,126,84.56,2,1.34,1,0.67,0,0,6,4.03,8,5.37,6.52,26.09,6.52,17.39,11.96,18.48,9.78,2.57,21.74,47796,375000,32.1,5,9.8,8,15.69,6,11.76,2,3.92,1,1.96,0,0,2,3.92,27,52.94,20.75,0,0,0,11.32,62.26,5.66,15035704.6499023,21684.0205233614
56,, ,Center Hill,Neighborhood, ,0,,, ,703.7,1.1,Center Hill,J, ,,GIS,2022/05/24 00:00:00+00,{819901CA-CAD0-4D35-9F85-CAA55E6A32BA},23967.9131741888,"BlockApportionment:US.BlockGroups;PointsLayer:US.BlockPoints",1,43,US,2.576,2.191,2688,39.2,1354,50.37,88,6.5,87,6.43,92,6.79,89,6.57,84,6.2,74,5.47,107,7.9,98,7.24,86,6.35,82,6.06,75,5.54,83,6.13,100,7.39,1334,49.63,65,4.87,66,4.95,84,6.3,96,7.2,80,6,74,5.55,93,6.97,99,7.42,94,7.05,76,5.7,63,4.72,71,5.32,80,6,964,454,47.1,510,52.9,1193,229,19.2,92,3.42,2430,90.4,2,0.07,12,0.45,0,0,62,2.31,96,3.57,16.95,46.12,2.64,17.22,1.78,8.13,4.52,2.74,24.03,37259,157065,39.2,115,9.29,29,2.34,23,1.86,106,8.56,8,0.65,87,7.03,20,1.62,849,68.58,5.66,4.98,0,0,3.73,76.92,8.6,30653084.1501465,23967.9131741887
57,, ,Bankhead Courts,Neighborhood, ,0,,, ,48.95,0.08,Bankhead Courts,H, ,,GIS,2022/05/24 00:00:00+00,{67A0A32E-8339-4F24-82D6-B1912760B751},7356.92280914756,"BlockApportionment:US.BlockGroups;PointsLayer:US.BlockPoints",1,44,US,2.576,2.191,0,0,0,0,0,0,0,0,0,0,0,0,0,0,0,0,0,0,0,0,0,0,0,0,0,0,0,0,0,0,0,0,0,0,0,0,0,0,0,0,0,0,0,0,0,0,0,0,0,0,0,0,0,0,0,0,0,0,0,0,0,0,0,0,0,0,0,0,0,0,0,0,0,0,0,0,0,0,0,0,0,0,0,0,0,0,0,0,0,0,0,0,0,0,0,0,0,0,0,0,0,0,0,0,0,0,0,0,0,0,0,0,0,0,0,2132162.66821289,7356.92280914757
58,, ,Wisteria Gardens,Neighborhood, ,0,,, ,110.71,0.17,Wisteria Gardens,H, ,,GIS,2022/05/24 00:00:00+00,{FCA8C791-6194-4407-AC4A-3C24C91B68A5},11669.4414220063,"BlockApportionment:US.BlockGroups;PointsLayer:US.BlockPoints",1,45,US,2.576,2.191,531,44.7,253,47.65,7,2.77,19,7.51,12,4.74,18,7.11,16,6.32,21,8.3,19,7.51,19,7.51,14,5.53,6,2.37,14,5.53,15,5.93,16,6.32,278,52.35,18,6.47,8,2.88,14,5.04,15,5.4,15,5.4,15,5.4,9,3.24,15,5.4,16,5.76,11,3.96,17,6.12,15,5.4,16,5.76,194,143,73.71,51,26.29,204,10,4.9,4,0.75,464,87.38,0,0,2,0.38,0,0,31,5.84,41,7.72,4.1,21.28,4.1,24.87,1.79,15.13,26.15,2.74,0,84833,185417,44.7,0,0,0,0,0,0,0,0,0,0,0,0,0,0,220,94.42,47.04,0,0,0,0,40.42,12.89,4822528.16992188,11669.4414220063
59,, ,Baker Hills,Neighborhood, ,0,,, ,183.44,0.29,Baker Hills,H, ,,GIS,2022/05/24 00:00:00+00,{79184CD8-CF78-44A7-92BD-24941DF8A997},11842.8152154054,"BlockApportionment:US.BlockGroups;PointsLayer:US.BlockPoints",1,46,US,2.576,2.191,637,39.5,297,46.62,15,5.05,16,5.39,23,7.74,26,8.75,23,7.74,23,7.74,21,7.07,19,6.4,15,5.05,17,5.72,21,7.07,13,4.38,18,6.06,340,53.38,13,3.82,15,4.41,26,7.65,21,6.18,20,5.88,21,6.18,21,6.18,21,6.18,24,7.06,18,5.29,19,5.59,19,5.59,20,5.88,205,133,64.88,72,35.12,239,34,14.23,8,1.26,572,89.8,1,0.16,1,0.16,0,0,38,5.97,48,7.54,1.81,34.69,0.45,7.94,22.9,24.72,3.85,3.11,34.93,67970,169672,39.5,14,8.7,6,3.73,0,0,0,0,4,2.48,0,0,0,0,138,85.71,2.21,1.47,0,0,19.12,77.21,0,7990800.85644531,11842.8152154054
60,, ,Wilson Mill Meadows,Neighborhood, ,0,,, ,241.95,0.38,Wilson Mill Meadows,H, ,,GIS,2022/05/24 00:00:00+00,{2B63D8A7-D37E-42E1-B0FC-7108E65264AF},14531.2023353182,"BlockApportionment:US.BlockGroups;PointsLayer:US.BlockPoints",1,47,US,2.576,2.191,1082,37.9,510,47.13,25,4.9,28,5.49,39,7.65,46,9.02,42,8.24,42,8.24,37,7.25,34,6.67,26,5.1,30,5.88,37,7.25,20,3.92,30,5.88,572,52.87,22,3.85,26,4.55,49,8.57,36,6.29,38,6.64,34,5.94,35,6.12,40,6.99,40,6.99,30,5.24,32,5.59,33,5.77,31,5.42,366,247,67.49,119,32.51,392,26,6.63,15,1.39,967,89.37,1,0.09,0,0,0,0,68,6.28,83,7.67,0,34.15,0,5.19,26.09,27.73,3.01,2.96,34.01,76638,171721,37.9,0,0,0,0,0,0,0,0,0,0,0,0,0,0,242,100,1.52,0,0,0,19.2,79.28,0,10539188.1269531,14531.2023353182
61,, ,Orchard Knob,Neighborhood, ,0,,, ,293.54,0.46,Orchard Knob,Z, ,,GIS,2022/05/24 00:00:00+00,{5E05DAE9-12DE-4325-BB3A-52ADC8C6F61A},16208.2460017362,"BlockApportionment:US.BlockGroups;PointsLayer:US.BlockPoints",1,48,US,2.576,2.191,713,34.5,317,44.46,28,8.83,28,8.83,27,8.52,27,8.52,19,5.99,19,5.99,22,6.94,18,5.68,22,6.94,20,6.31,20,6.31,12,3.79,18,5.68,396,55.54,27,6.82,27,6.82,31,7.83,27,6.82,26,6.57,22,5.56,32,8.08,33,8.33,30,7.58,22,5.56,19,4.8,18,4.55,25,6.31,234,71,30.34,163,69.66,269,35,13.01,9,1.26,666,93.41,1,0.14,2,0.28,0,0,14,1.96,22,3.09,5.38,32.74,0,18.16,17.04,14.57,8.74,3.05,32.42,39172,202500,34.5,11,5.09,0,0,0,0,60,27.78,9,4.17,0,0,0,0,136,62.96,7.29,0,0,0,9.38,53.65,20.31,12786692.7287598,16208.2460017362
62,, ,Lenox,Neighborhood, ,0,,, ,152.2,0.24,Lenox Superblock,B, ,,GIS,2022/05/24 00:00:00+00,{1C0811AB-B323-4DD6-B868-11BEC992922D},15951.0703996637,"BlockApportionment:US.BlockGroups;PointsLayer:US.BlockPoints",1,49,US,2.576,2.191,208,32.6,105,50.48,3,2.86,2,1.9,1,0.95,1,0.95,8,7.62,26,24.76,18,17.14,10,9.52,8,7.62,5,4.76,5,4.76,5,4.76,4,3.81,103,49.52,4,3.88,3,2.91,1,0.97,1,0.97,6,5.83,28,27.18,19,18.45,9,8.74,6,5.83,5,4.85,5,4.85,4,3.88,4,3.88,128,20,15.62,108,84.38,149,21,14.09,123,59.13,42,20.19,22,10.58,0,0,0,0,6,2.88,18,8.65,0,2.27,0,19.32,9.66,46.59,22.16,1.62,12.73,109911,500000,32.6,93,93,0,0,2,2,2,2,0,0,1,1,0,0,2,2,26.58,1.9,8.23,0.63,5.7,55.7,0,6629843.09619141,15951.0703996637
63,, ,Peachtree Park,Neighborhood, ,0,,, ,311.14,0.49,Peachtree Park,B, ,,GIS,2022/05/24 00:00:00+00,{29E3DAE2-F37C-48C9-B7A3-5416A943E4C7},16676.8419801676,"BlockApportionment:US.BlockGroups;PointsLayer:US.BlockPoints",1,50,US,2.576,2.191,1452,38.5,752,51.79,62,8.24,77,10.24,51,6.78,38,5.05,21,2.79,33,4.39,46,6.12,76,10.11,79,10.51,70,9.31,50,6.65,46,6.12,40,5.32,700,48.21,51,7.29,62,8.86,36,5.14,33,4.71,22,3.14,23,3.29,60,8.57,84,12,80,11.43,49,7,47,6.71,47,6.71,41,5.86,571,502,87.92,69,12.08,625,54,8.64,1179,81.2,58,3.99,59,4.06,1,0.07,0,0,13,0.9,82,5.65,2.7,4.7,0.6,2.8,3.9,45.4,38.2,2.54,3.96,200001,826852,38.5,5,0.9,0,0,0,0,6,1.08,0,0,0,0,5,0.9,539,97.12,31.52,0,3.48,4.85,3.64,55.61,1.06,13553029.4689941,16676.8419801676
64,, ,Buckhead Forest,Neighborhood, ,0,,, ,200.28,0.31,Buckhead Forest,B, ,,GIS,2022/05/24 00:00:00+00,{DCC63597-2E03-4946-BAD6-0DC64CDB03A5},13523.8608266031,"BlockApportionment:US.BlockGroups;PointsLayer:US.BlockPoints",1,51,US,2.576,2.191,2917,32.9,1392,47.72,28,2.01,41,2.95,33,2.37,29,2.08,99,7.11,289,20.76,242,17.39,133,9.55,94,6.75,64,4.6,78,5.6,61,4.38,48,3.45,1525,52.28,58,3.8,41,2.69,46,3.02,33,2.16,164,10.75,345,22.62,194,12.72,105,6.89,57,3.74,67,4.39,70,4.59,60,3.93,61,4,1792,571,31.86,1221,68.14,1919,127,6.62,1792,61.43,474,16.25,194,6.65,17,0.58,3,0.1,175,6,354,12.14,0.68,4.14,0.55,6.78,5.54,38.34,43.2,1.63,7.32,124762,595430,32.9,1210,60.26,339,16.88,145,7.22,59,2.94,29,1.44,0,0,121,6.03,105,5.23,16.05,1.22,10.07,0,0,71.39,0,8724028.88671875,13523.8608266031
65,, ,Peachtree Heights West,Neighborhood, ,0,,, ,579.91,0.91,Peachtree Heights West,B, ,,GIS,2022/05/24 00:00:00+00,{31E51C2A-B95F-4E48-AD17-E8BD0BD0C88E},23379.3693211853,"BlockApportionment:US.BlockGroups;PointsLayer:US.BlockPoints",1,52,US,2.576,2.191,6168,53.4,2870,46.53,58,2.02,64,2.23,81,2.82,94,3.28,130,4.53,223,7.77,249,8.68,173,6.03,146,5.09,150,5.23,179,6.24,219,7.63,212,7.39,3298,53.47,68,2.06,86,2.61,83,2.52,101,3.06,165,5,259,7.85,245,7.43,156,4.73,149,4.52,164,4.97,176,5.34,188,5.7,196,5.94,3573,1938,54.24,1635,45.76,3988,415,10.41,4297,69.67,1096,17.77,255,4.13,20,0.32,1,0.02,115,1.86,352,5.71,1.58,7.9,1.05,16.87,2.86,33.48,33.69,1.65,16.57,111440,697607,53.4,2369,67.94,203,5.82,145,4.16,33,0.95,134,3.84,0,0,96,2.75,491,14.08,17.85,3.8,0,0.55,0.7,74.85,2.3,25260753.2570801,23379.3693211853
66,, ,Garden Hills,Neighborhood, ,0,,, ,482.29,0.75,Garden Hills,B, ,,GIS,2022/05/24 00:00:00+00,{1A9B52D8-DE45-4D75-847F-D2FC3F4C4EF3},20901.8118455854,"BlockApportionment:US.BlockGroups;PointsLayer:US.BlockPoints",1,53,US,2.576,2.191,4602,34.4,2277,49.48,94,4.13,95,4.17,68,2.99,79,3.47,164,7.2,366,16.07,302,13.26,180,7.91,155,6.81,138,6.06,137,6.02,135,5.93,112,4.92,2325,50.52,87,3.74,88,3.78,74,3.18,84,3.61,130,5.59,412,17.72,339,14.58,192,8.26,141,6.06,125,5.38,123,5.29,136,5.85,108,4.65,2712,1216,44.84,1496,55.16,3091,379,12.26,3337,72.51,439,9.54,257,5.58,19,0.41,1,0.02,173,3.76,429,9.32,0,0.82,0.55,15.03,3.11,46.88,33.61,1.7,10.05,106895,848154,34.4,875,35.43,93,3.77,233,9.43,132,5.34,169,6.84,61,2.47,229,9.27,678,27.45,25.12,1.04,3.32,0,0.59,67.79,2.14,21008613.451416,20901.8118455854
67,, ,Peachtree Hills,Neighborhood, ,0,,, ,330.62,0.52,Peachtree Hills,B, ,,GIS,2022/05/24 00:00:00+00,{A9D76F74-10E6-4C46-889A-F2A02630ADE3},15717.6829888192,"BlockApportionment:US.BlockGroups;PointsLayer:US.BlockPoints",1,54,US,2.576,2.191,3337,34,1659,49.72,129,7.78,75,4.52,41,2.47,34,2.05,67,4.04,229,13.8,305,18.38,193,11.63,111,6.69,83,5,94,5.67,82,4.94,71,4.28,1678,50.28,119,7.09,91,5.42,41,2.44,37,2.21,96,5.72,250,14.9,267,15.91,184,10.97,129,7.69,76,4.53,63,3.75,59,3.52,65,3.87,1724,1000,58,724,42,2044,320,15.66,2604,78.03,286,8.57,108,3.24,6,0.18,0,0,69,2.07,246,7.37,1.53,5.79,0,11.2,2.3,46.61,31.53,1.94,3.97,150335,738987,34,428,22.27,294,15.3,93,4.84,231,12.02,0,0,0,0,62,3.23,799,41.57,15.05,1.5,7.4,0,8.73,65.82,1.5,14401704.109375,15717.6829888192
68,, ,Randall Mill,Neighborhood, ,0,,, ,217.89,0.34,Randall Mill,A, ,,GIS,2022/05/24 00:00:00+00,{0856E3C7-96A7-470F-A0D7-B76F6B5934E0},16614.8620666478,"BlockApportionment:US.BlockGroups;PointsLayer:US.BlockPoints",1,55,US,2.576,2.191,322,45.7,156,48.45,6,3.85,9,5.77,15,9.62,11,7.05,11,7.05,6,3.85,4,2.56,3,1.92,9,5.77,11,7.05,15,9.62,14,8.97,9,5.77,166,51.55,9,5.42,13,7.83,15,9.04,13,7.83,10,6.02,6,3.61,4,2.41,5,3.01,11,6.63,11,6.63,14,8.43,13,7.83,8,4.82,155,145,93.55,10,6.45,161,6,3.73,270,83.85,11,3.42,21,6.52,1,0.31,0,0,1,0.31,10,3.11,0,0,0,2.84,0.95,45.97,50.24,2.08,3.38,200001,1857143,45.7,0,0,0,0,3,2,0,0,0,0,0,0,18,12,129,86,31.88,3.62,0,0,0,63.77,0,9491355.24829102,16614.8620666478
69,, ,Kingswood,Neighborhood, ,0,,, ,400.61,0.63,Kingswood,A, ,,GIS,2022/05/24 00:00:00+00,{BFEDF2F0-ACBC-45E4-BF9A-C3A0E370B92E},23769.226479386,"BlockApportionment:US.BlockGroups;PointsLayer:US.BlockPoints",1,56,US,2.576,2.191,801,45.5,388,48.44,14,3.61,22,5.67,38,9.79,26,6.7,28,7.22,15,3.87,10,2.58,7,1.8,23,5.93,27,6.96,37,9.54,34,8.76,23,5.93,413,51.56,22,5.33,32,7.75,38,9.2,31,7.51,25,6.05,14,3.39,11,2.66,11,2.66,27,6.54,27,6.54,35,8.47,33,7.99,20,4.84,243,227,93.42,16,6.58,265,22,8.3,671,83.77,28,3.5,52,6.49,2,0.25,0,0,3,0.37,25,3.12,0,0,0,2.86,0.95,46.1,50.1,3.3,3.48,200001,1852273,45.5,0,0,0,0,5,2.04,0,0,0,0,0,0,29,11.84,211,86.12,32.41,3.88,0,0,0,63.99,0,17450447.9055176,23769.226479386
70,, ,Tuxedo Park,Neighborhood, ,0,,, ,735.05,1.15,Tuxedo Park,A, ,,GIS,2022/05/24 00:00:00+00,{57BC4F1B-FD2B-471D-B012-A3AEA65FF56F},24048.5209937293,"BlockApportionment:US.BlockGroups;PointsLayer:US.BlockPoints",1,57,US,2.576,2.191,1122,44.7,566,50.45,16,2.83,25,4.42,57,10.07,53,9.36,37,6.54,18,3.18,19,3.36,24,4.24,38,6.71,38,6.71,59,10.42,42,7.42,38,6.71,556,49.55,23,4.14,34,6.12,46,8.27,41,7.37,31,5.58,16,2.88,16,2.88,28,5.04,46,8.27,42,7.55,55,9.89,43,7.73,36,6.47,438,411,93.84,27,6.16,463,25,5.4,986,87.88,24,2.14,39,3.48,0,0,0,0,12,1.07,28,2.5,0,1.85,1.32,0.79,1.58,55.15,39.31,2.55,6.03,200001,1722222,44.7,14,3.19,21,4.78,0,0,0,0,4,0.91,0,0,0,0,400,91.12,17.97,0,0,0,0,76.81,4.93,32018585.3703613,24048.5209937293
71,, ,Margaret Mitchell,Neighborhood, ,0,,, ,540.68,0.84,Margaret Mitchell,A, ,,GIS,2022/05/24 00:00:00+00,{CFBCBD92-BC43-4181-80E6-665B66E847A7},24241.0315458135,"BlockApportionment:US.BlockGroups;PointsLayer:US.BlockPoints",1,58,US,2.576,2.191,1379,42.9,704,51.05,42,5.97,61,8.66,67,9.52,60,8.52,40,5.68,23,3.27,10,1.42,26,3.69,47,6.68,59,8.38,65,9.23,53,7.53,40,5.68,675,48.95,30,4.44,45,6.67,61,9.04,54,8,42,6.22,21,3.11,21,3.11,26,3.85,57,8.44,54,8,59,8.74,50,7.41,39,5.78,478,455,95.19,23,4.81,491,13,2.65,1160,84.12,48,3.48,63,4.57,4,0.29,0,0,17,1.23,64,4.64,0,3.08,0,3.42,2.16,37.13,53.87,2.88,0,200001,1342105,42.9,0,0,0,0,0,0,0,0,0,0,0,0,13,2.36,539,97.64,12.68,0,2.41,0,0,82.02,1.77,23552112.3745117,24241.0315458135
72,, ,Westover Plantation,Neighborhood, ,0,,, ,51.32,0.08,Westover Plantation,C, ,,GIS,2022/05/24 00:00:00+00,{81B17A54-32D9-41DB-88E1-02BFB3D09ADC},7193.08397027623,"BlockApportionment:US.BlockGroups;PointsLayer:US.BlockPoints",1,59,US,2.576,2.191,448,39.3,207,46.21,14,6.76,15,7.25,13,6.28,11,5.31,13,6.28,7,3.38,19,9.18,17,8.21,14,6.76,12,5.8,17,8.21,20,9.66,12,5.8,241,53.79,10,4.15,10,4.15,10,4.15,15,6.22,16,6.64,12,4.98,20,8.3,28,11.62,15,6.22,14,5.81,18,7.47,22,9.13,12,4.98,295,286,96.95,9,3.05,295,0,0,382,85.27,17,3.79,19,4.24,0,0,0,0,2,0.45,17,3.79,0,2.19,0,6.56,4.06,40,47.19,1.52,0,200001,893116,39.3,0,0,0,0,0,0,7,3,12,5.15,0,0,93,39.91,121,51.93,12.29,0,2.97,0,0,83.05,1.69,2235693.16333008,7193.08397027623
73,, ,Cross Creek,Neighborhood, ,0,,, ,178.88,0.28,Cross Creek,C, ,,GIS,2022/05/24 00:00:00+00,{874BCBE2-2F5E-41DD-8391-31FBF464DCBD},12144.0020475024,"BlockApportionment:US.BlockGroups;PointsLayer:US.BlockPoints",1,60,US,2.576,2.191,2193,34.8,1025,46.74,54,5.27,41,4,34,3.32,39,3.8,86,8.39,129,12.59,168,16.39,110,10.73,67,6.54,42,4.1,49,4.78,42,4.1,57,5.56,1168,53.26,40,3.42,32,2.74,25,2.14,35,3,100,8.56,166,14.21,161,13.78,97,8.3,61,5.22,60,5.14,58,4.97,65,5.57,66,5.65,1200,717,59.75,483,40.25,1264,64,5.06,1384,63.11,421,19.2,116,5.29,10,0.46,4,0.18,56,2.55,184,8.39,1.58,4.16,0,4.34,10.49,46.34,33.1,1.83,8.55,82451,318571,34.8,9,0.75,145,12.09,108,9.01,488,40.7,28,2.34,62,5.17,241,20.1,120,10.01,29.25,0,0,0,2.85,67.62,0.28,7791988.87792969,12144.0020475024
74,, ,Castlewood,Neighborhood, ,0,,, ,208.29,0.33,Castlewood,C, ,,GIS,2022/05/24 00:00:00+00,{A79D8AC0-5295-40BF-BF4D-192D6EA0AAF8},15978.8906981149,"BlockApportionment:US.BlockGroups;PointsLayer:US.BlockPoints",1,61,US,2.576,2.191,803,40.8,394,49.07,24,6.09,33,8.38,37,9.39,39,9.9,23,5.84,10,2.54,7,1.78,14,3.55,36,9.14,35,8.88,37,9.39,30,7.61,20,5.08,409,50.93,26,6.36,38,9.29,47,11.49,34,8.31,22,5.38,10,2.44,9,2.2,18,4.4,36,8.8,31,7.58,36,8.8,30,7.33,21,5.13,240,233,97.08,7,2.92,245,5,2.04,698,86.92,20,2.49,27,3.36,3,0.37,0,0,8,1,28,3.49,0,0.62,0,1.25,0.62,46.46,51.04,3.35,0,200001,1127976,40.8,0,0,0,0,0,0,0,0,0,0,0,0,0,0,241,100,39.45,0,0,0,1.37,55.89,3.29,9073224.71582031,15978.8906981149
75,, ,Argonne Forest,Neighborhood, ,0,,, ,173,0.27,Argonne Forest,C, ,,GIS,2022/05/24 00:00:00+00,{83D1632A-F2FA-4A9A-BFFB-D55ABF45B11F},13274.9157577338,"BlockApportionment:US.BlockGroups;PointsLayer:US.BlockPoints",1,62,US,2.576,2.191,615,45.5,307,49.92,6,1.95,11,3.58,36,11.73,29,9.45,20,6.51,10,3.26,8,2.61,9,2.93,20,6.51,19,6.19,31,10.1,28,9.12,21,6.84,308,50.08,15,4.87,21,6.82,26,8.44,25,8.12,20,6.49,7,2.27,5,1.62,10,3.25,24,7.79,19,6.17,29,9.42,24,7.79,23,7.47,198,194,97.98,4,2.02,203,5,2.46,562,91.38,6,0.98,14,2.28,0,0,0,0,6,0.98,13,2.11,0,1.98,0,0,0,59.01,39.01,3.11,13.41,200001,2000001,45.5,0,0,0,0,0,0,0,0,0,0,0,0,0,0,217,100,19.72,0,0,0,0,80.28,0,7535976.54785156,13274.9157577338
76,, ,Wyngate,Neighborhood, ,0,,, ,186.79,0.29,Wyngate,C, ,,GIS,2022/05/24 00:00:00+00,{5BD8AC55-FED7-4022-AAF9-3EB08FBFD75E},16999.3691923974,"BlockApportionment:US.BlockGroups;PointsLayer:US.BlockPoints",1,63,US,2.576,2.191,458,48.9,225,49.13,7,3.11,16,7.11,18,8,23,10.22,8,3.56,4,1.78,4,1.78,12,5.33,11,4.89,16,7.11,20,8.89,17,7.56,12,5.33,233,50.87,9,3.86,15,6.44,16,6.87,20,8.58,10,4.29,4,1.72,6,2.58,10,4.29,11,4.72,16,6.87,23,9.87,15,6.44,9,3.86,157,149,94.9,8,5.1,158,1,0.63,428,93.45,4,0.87,4,0.87,1,0.22,0,0,3,0.66,10,2.18,0,2.85,0,4.43,3.8,50.32,34.18,2.92,10,200001,1261905,48.9,2,2.38,4,4.76,6,7.14,0,0,0,0,0,0,8,9.52,65,77.38,32.39,25.35,0,0,0,40.85,0,8136554.94824219,16999.3691923974
77,, ,Peachtree Battle Alliance,Neighborhood, ,0,,, ,458.65,0.72,Haynes Manor,C, ,,GIS,2022/05/24 00:00:00+00,{D010D540-F1B2-479B-B081-1D979288F318},23777.9685117452,"BlockApportionment:US.BlockGroups;PointsLayer:US.BlockPoints",1,64,US,2.576,2.191,1333,44.6,632,47.41,34,5.38,42,6.65,45,7.12,32,5.06,33,5.22,30,4.75,30,4.75,26,4.11,43,6.8,46,7.28,45,7.12,54,8.54,41,6.49,701,52.59,23,3.28,34,4.85,37,5.28,56,7.99,53,7.56,43,6.13,34,4.85,37,5.28,42,5.99,41,5.85,48,6.85,51,7.28,47,6.7,521,401,76.97,120,23.03,554,33,5.96,1174,88.07,64,4.8,23,1.73,0,0,0,0,10,0.75,40,3,0,1.59,0,2.75,0.32,46.08,48.94,2.56,0.45,200001,1507246,44.6,111,22.52,6,1.22,1,0.2,0,0,0,0,0,0,21,4.26,355,72.01,40.22,3.23,0,0,0,56.55,0,19978511.3039551,23777.9685117452
78,, ,Memorial Park,Neighborhood, ,0,,, ,92.79,0.14,Memorial Park,C, ,,GIS,2022/05/24 00:00:00+00,{C9E1CD17-C6AF-40EF-AA2F-454645437704},10296.3257501733,"BlockApportionment:US.BlockGroups;PointsLayer:US.BlockPoints",1,65,US,2.576,2.191,525,35.9,266,50.67,26,9.77,30,11.28,26,9.77,21,7.89,10,3.76,5,1.88,10,3.76,30,11.28,24,9.02,21,7.89,19,7.14,14,5.26,11,4.14,259,49.33,24,9.27,27,10.42,23,8.88,22,8.49,12,4.63,5,1.93,11,4.25,26,10.04,25,9.65,20,7.72,18,6.95,13,5.02,10,3.86,161,153,95.03,8,4.97,166,5,3.01,467,88.95,11,2.1,13,2.48,1,0.19,0,0,4,0.76,20,3.81,0,1.64,0,1.32,1.64,49.34,46.05,3.26,0,200001,898026,35.9,3,1.92,0,0,0,0,0,0,0,0,0,0,12,7.69,141,90.38,34.32,0,0,0,0,63.98,1.69,4042006.81835938,10296.3257501733
79,, ,Wildwood (NPU-C),Neighborhood, ,0,,, ,235.77,0.37,Wildwood,C, ,,GIS,2022/05/24 00:00:00+00,{4B59DF74-E07E-414F-9C37-8F9EDEB55357},20257.8955129012,"BlockApportionment:US.BlockGroups;PointsLayer:US.BlockPoints",1,66,US,2.576,2.191,2759,30.5,1325,48.02,70,5.28,78,5.89,70,5.28,55,4.15,52,3.92,291,21.96,218,16.45,143,10.79,102,7.7,67,5.06,60,4.53,39,2.94,29,2.19,1434,51.98,74,5.16,76,5.3,64,4.46,59,4.11,74,5.16,372,25.94,242,16.88,126,8.79,92,6.42,63,4.39,54,3.77,39,2.72,31,2.16,1428,374,26.19,1054,73.81,1502,74,4.93,1901,68.9,455,16.49,172,6.23,2,0.07,3,0.11,51,1.85,181,6.56,0,0.62,0,3.88,0.57,52.61,41.83,1.93,4.65,98433,899194,30.5,786,54.55,225,15.61,58,4.02,0,0,0,0,0,0,29,2.01,334,23.18,22.56,0,0,0,0,75.37,2.07,10270034.1755371,20257.8955129012
80,, ,Collier Hills North,Neighborhood, ,0,,, ,70.82,0.11,Collier Hills North,C, ,,GIS,2022/05/24 00:00:00+00,{CE2AFF29-1B1B-418A-A38A-2114FBB7255F},8092.4606618912,"BlockApportionment:US.BlockGroups;PointsLayer:US.BlockPoints",1,67,US,2.576,2.191,215,34.5,108,50.23,5,4.63,4,3.7,2,1.85,2,1.85,6,5.56,20,18.52,19,17.59,12,11.11,8,7.41,6,5.56,5,4.63,4,3.7,5,4.63,107,49.77,6,5.61,4,3.74,2,1.87,2,1.87,6,5.61,15,14.02,19,17.76,11,10.28,8,7.48,5,4.67,4,3.74,5,4.67,6,5.61,103,54,52.43,49,47.57,109,6,5.5,144,66.98,31,14.42,15,6.98,0,0,0,0,7,3.26,17,7.91,0,11.36,0,10.8,6.25,42.05,29.55,2.09,18.18,86538,515625,34.5,34,39.08,9,10.34,12,13.79,12,13.79,1,1.15,0,0,6,6.9,14,16.09,20.42,0.7,1.41,0,0.7,71.13,4.23,3085089.96118164,8092.46066189119
81,, ,Beecher Hills,Neighborhood, ,0,,, ,284.6,0.44,Beecher Hills,I, ,,GIS,2022/05/24 00:00:00+00,{BC9BDF0D-5112-4426-ADE8-1CA16ED00B79},14432.4679927293,"BlockApportionment:US.BlockGroups;PointsLayer:US.BlockPoints",1,68,US,2.576,2.191,461,46.4,224,48.59,8,3.57,10,4.46,14,6.25,9,4.02,16,7.14,10,4.46,13,5.8,15,6.7,11,4.91,15,6.7,17,7.59,21,9.38,19,8.48,237,51.41,13,5.49,14,5.91,11,4.64,11,4.64,8,3.38,11,4.64,10,4.22,15,6.33,21,8.86,13,5.49,16,6.75,13,5.49,15,6.33,222,162,72.97,60,27.03,245,23,9.39,15,3.25,429,93.06,1,0.22,1,0.22,0,0,3,0.65,8,1.74,6.07,25.72,4.34,20.52,0,29.77,13.58,2.08,3.98,44768,175000,46.4,0,0,9,4,31,13.78,20,8.89,0,0,0,0,0,0,166,73.78,14.08,0,0,0,8.74,76.7,0,12397197.1271973,14432.4679927293
82,, ,Westwood Terrace,Neighborhood, ,0,,, ,141.13,0.22,Westwood Terrace,I, ,,GIS,2022/05/24 00:00:00+00,{3E6368C9-2ADA-4B8F-A050-5CA8993A4FAE},10320.7700521632,"BlockApportionment:US.BlockGroups;PointsLayer:US.BlockPoints",1,69,US,2.576,2.191,744,41,347,46.64,25,7.2,27,7.78,19,5.48,20,5.76,19,5.48,13,3.75,28,8.07,29,8.36,25,7.2,18,5.19,25,7.2,24,6.92,21,6.05,397,53.36,18,4.53,21,5.29,21,5.29,16,4.03,13,3.27,17,4.28,37,9.32,38,9.57,29,7.3,24,6.05,13,3.27,17,4.28,30,7.56,303,225,74.26,78,25.74,345,42,12.17,60,8.06,642,86.29,6,0.81,0,0,0,0,6,0.81,38,5.11,3.67,51.01,1.28,17.25,3.12,17.98,5.32,2.46,18.01,51767,320918,41,0,0,0,0,0,0,0,0,0,0,14,4.12,5,1.47,321,94.41,18.7,0,1.63,0,16.67,48.37,14.63,6147411.67871094,10320.7700521632
83,, ,Harris Chiles,Neighborhood, ,0,,, ,88.81,0.14,Harris Chiles,T, ,,GIS,2022/05/24 00:00:00+00,{BAD4D86C-3A10-44F5-8AB1-A40B0D9C5F96},9290.74395693858,"BlockApportionment:US.BlockGroups;PointsLayer:US.BlockPoints",1,70,US,2.576,2.191,1229,40.4,541,44.02,21,3.88,26,4.81,30,5.55,24,4.44,36,6.65,64,11.83,48,8.87,42,7.76,23,4.25,21,3.88,20,3.7,13,2.4,20,3.7,688,55.98,29,4.22,33,4.8,22,3.2,34,4.94,43,6.25,78,11.34,53,7.7,27,3.92,31,4.51,27,3.92,25,3.63,26,3.78,44,6.4,730,33,4.52,697,95.48,774,44,5.68,42,3.42,1136,92.43,3,0.24,1,0.08,0,0,9,0.73,19,1.55,22.45,30.29,3.01,15.25,7.73,9.67,9.24,1.67,44.12,17817,252941,40.4,443,49.11,89,9.87,186,20.62,39,4.32,0,0,37,4.1,7,0.78,104,11.53,26.06,0,0,0,33.33,24.41,15.96,3868534.70947266,9290.74395693858
84,, ,The Villages at Castleberry Hill,Neighborhood, ,0,,, ,57.14,0.09,John Hope Homes,T, ,,GIS,2022/05/24 00:00:00+00,{6E8447E2-DC28-46CE-B8C8-C471B3F8776A},8962.47826467415,"BlockApportionment:US.BlockGroups;PointsLayer:US.BlockPoints",1,71,US,2.576,2.191,1242,36.4,585,47.1,27,4.62,23,3.93,25,4.27,49,8.38,57,9.74,52,8.89,45,7.69,44,7.52,35,5.98,26,4.44,36,6.15,36,6.15,37,6.32,657,52.9,17,2.59,15,2.28,25,3.81,73,11.11,84,12.79,56,8.52,48,7.31,46,7,30,4.57,28,4.26,23,3.5,18,2.74,33,5.02,625,78,12.48,547,87.52,641,16,2.5,72,5.8,1099,88.49,4,0.32,0,0,0,0,8,0.64,26,2.09,3.18,17.92,11.32,32.55,1.77,18.04,5.42,1.7,19.28,36866,510135,36.4,164,24.12,97,14.26,280,41.18,47,6.91,26,3.82,5,0.74,9,1.32,52,7.65,23.96,4.43,12.76,0,6.77,40.36,11.46,2488951.05444336,8962.47826467415
85,, ,Mozley Park,Neighborhood, ,0,,, ,276.76,0.43,Mozley Park,K, ,,GIS,2022/05/24 00:00:00+00,{EC7A089B-9291-4203-8AE8-03CCB7CB2288},15203.6319909862,"BlockApportionment:US.BlockGroups;PointsLayer:US.BlockPoints",1,72,US,2.576,2.191,1967,39.5,1008,51.25,68,6.75,71,7.04,54,5.36,55,5.46,58,5.75,46,4.56,86,8.53,96,9.52,76,7.54,52,5.16,55,5.46,58,5.75,77,7.64,959,48.75,52,5.42,54,5.63,50,5.21,46,4.8,38,3.96,51,5.32,94,9.8,78,8.13,80,8.34,53,5.53,49,5.11,49,5.11,57,5.94,769,446,58,323,42,950,181,19.05,170,8.64,1688,85.82,10,0.51,4,0.2,0,0,32,1.63,59,3,8.03,24.74,1.9,21.63,4.16,15.72,22.69,2.56,19.6,63810,330952,39.5,28,3.11,65,7.21,2,0.22,0,0,6,0.67,84,9.32,9,1,707,78.47,4.1,1.02,2.82,0,11.36,64.05,16.65,12055696.0805664,15203.6319909862
86,, ,Washington Park,Neighborhood, ,0,,, ,164.04,0.26,Washington Park,K, ,,GIS,2022/05/24 00:00:00+00,{986A0A4A-F2FB-4A2D-9624-3DE233C589B4},11648.0554740439,"BlockApportionment:US.BlockGroups;PointsLayer:US.BlockPoints",1,73,US,2.576,2.191,1542,34.5,778,50.45,50,6.43,54,6.94,65,8.35,54,6.94,48,6.17,57,7.33,71,9.13,58,7.46,51,6.56,51,6.56,43,5.53,41,5.27,49,6.3,764,49.55,36,4.71,41,5.37,62,8.12,48,6.28,52,6.81,64,8.38,84,10.99,73,9.55,45,5.89,50,6.54,34,4.45,30,3.93,40,5.24,631,243,38.51,388,61.49,739,108,14.61,100,6.49,1314,85.21,13,0.84,1,0.06,4,0.26,37,2.4,65,4.22,10.17,38.37,10.08,7.56,4.55,20.83,6.69,2.44,41.84,51402,369196,34.5,99,12.98,13,1.7,16,2.1,29,3.8,97,12.71,0,0,7,0.92,488,63.96,22.41,0,12.62,0,8.51,56.45,0,7145351.78857422,11648.0554740439
87,, ,Knight Park/Howell Station,Neighborhood, ,0,,, ,349.1,0.55,Knight Park,K, ,,GIS,2022/05/24 00:00:00+00,{4BDB8A36-2292-4C3B-A0C1-588341184279},15754.7985265757,"BlockApportionment:US.BlockGroups;PointsLayer:US.BlockPoints",1,74,US,2.576,2.191,3669,33.3,2887,78.69,63,2.18,43,1.49,32,1.11,183,6.34,368,12.75,489,16.94,422,14.62,349,12.09,254,8.8,196,6.79,177,6.13,174,6.03,80,2.77,782,21.31,37,4.73,33,4.22,25,3.2,35,4.48,61,7.8,116,14.83,107,13.68,104,13.3,69,8.82,46,5.88,39,4.99,36,4.6,30,3.84,479,246,51.36,233,48.64,520,41,7.88,887,24.18,2570,70.05,71,1.94,5,0.14,0,0,37,1.01,146,3.98,12.8,17.82,17.96,18.64,4.37,12.26,11.69,2.39,3.67,130744,484868,33.3,58,15.06,0,0,0,0,0,0,19,4.94,16,4.16,28,7.27,264,68.57,21.28,1.83,0.69,4.58,6.18,59.95,4.58,15206825.041748,15754.7985265757
88,, ,Vine City,Neighborhood, ,0,,, ,327.2,0.51,Vine City,L, ,,GIS,2022/05/24 00:00:00+00,{152D8EFD-F10A-4B8F-A5A2-5C598194D64A},15292.3433577228,"BlockApportionment:US.BlockGroups;PointsLayer:US.BlockPoints",1,75,US,2.576,2.191,3610,33.9,1813,50.22,104,5.74,102,5.63,105,5.79,108,5.96,166,9.16,177,9.76,186,10.26,182,10.04,118,6.51,105,5.79,120,6.62,104,5.74,107,5.9,1797,49.78,100,5.56,101,5.62,121,6.73,98,5.45,162,9.02,185,10.29,171,9.52,155,8.63,98,5.45,105,5.84,90,5.01,114,6.34,104,5.79,1593,304,19.08,1289,80.92,1845,252,13.66,131,3.63,3200,88.64,41,1.14,2,0.06,6,0.17,45,1.25,164,4.54,13.79,29.59,5.49,20.26,3.4,18.42,6.55,2.25,40.7,37095,248246,33.9,283,14.95,145,7.66,479,25.3,345,18.23,103,5.44,67,3.54,46,2.43,425,22.45,5.01,6.49,3.83,0.49,27.81,49.07,7.29,14252647.6750488,15292.3433577228
89,, ,Pittsburgh,Neighborhood, ,0,,, ,512.04,0.8,Pittsburgh,V, ,,GIS,2022/05/24 00:00:00+00,{63C400B4-DB52-468D-94AB-7296E3DC0210},24371.503646783,"BlockApportionment:US.BlockGroups;PointsLayer:US.BlockPoints",1,76,US,2.576,2.191,3161,34.6,1554,49.16,120,7.72,111,7.14,99,6.37,93,5.98,105,6.76,135,8.69,144,9.27,138,8.88,107,6.89,81,5.21,77,4.95,77,4.95,98,6.31,1607,50.84,111,6.91,100,6.22,73,4.54,74,4.6,114,7.09,153,9.52,173,10.77,133,8.28,111,6.91,73,4.54,78,4.85,69,4.29,88,5.48,1525,458,30.03,1067,69.97,1781,256,14.37,187,5.92,2789,88.23,13,0.41,12,0.38,0,0,38,1.2,95,3.01,6.06,29.25,4.81,18,10.09,16.52,9.81,2.07,28.43,42692,219200,34.6,335,18.87,113,6.37,26,1.46,42,2.37,19,1.07,77,4.34,6,0.34,1157,65.18,6.85,16.31,0,0,20.81,55.57,0,22304542.4482422,24371.503646783
90,, ,Peoplestown,Neighborhood, ,0,,, ,339.63,0.53,Peoplestown,V, ,,GIS,2022/05/24 00:00:00+00,{F040011D-A893-43E7-8EB5-BF60ABDE6F21},16258.5733876078,"BlockApportionment:US.BlockGroups;PointsLayer:US.BlockPoints",1,77,US,2.576,2.191,3660,31.7,1732,47.32,107,6.18,159,9.18,133,7.68,97,5.6,105,6.06,199,11.49,208,12.01,181,10.45,112,6.47,96,5.54,83,4.79,54,3.12,67,3.87,1928,52.68,135,7,126,6.54,135,7,116,6.02,151,7.83,223,11.57,217,11.26,187,9.7,123,6.38,105,5.45,88,4.56,58,3.01,59,3.06,1448,375,25.9,1073,74.1,1591,143,8.99,759,20.74,2626,71.75,55,1.5,15,0.41,0,0,31,0.85,158,4.32,6.3,28.95,0.75,11.35,5.55,26.32,17.69,2.51,52.67,31931,478571,31.7,56,3.37,48,2.89,560,33.73,141,8.49,106,6.39,28,1.69,54,3.25,668,40.24,21.35,2.17,1.38,1.18,12.35,56.57,4.99,14794078.0227051,16258.5733876078
91,, ,Summerhill,Neighborhood, ,0,,, ,344.65,0.54,Summerhill,V, ,,GIS,2022/05/24 00:00:00+00,{2A9A4CBC-8100-4239-9FE1-14BD5C8DAEF4},16135.2823697365,"BlockApportionment:US.BlockGroups;PointsLayer:US.BlockPoints",1,78,US,2.576,2.191,3134,35.2,1593,50.83,88,5.52,85,5.34,84,5.27,67,4.21,107,6.72,183,11.49,175,10.99,153,9.6,114,7.16,101,6.34,104,6.53,101,6.34,81,5.08,1541,49.17,93,6.04,84,5.45,60,3.89,83,5.39,145,9.41,149,9.67,150,9.73,131,8.5,111,7.2,100,6.49,88,5.71,67,4.35,70,4.54,1452,604,41.6,848,58.4,1700,248,14.59,781,24.92,1940,61.9,98,3.13,10,0.32,0,0,48,1.53,147,4.69,21.94,17.52,2.73,7.37,6.17,25.69,18.36,2.11,46.52,47890,535846,35.2,172,13.77,42,3.36,96,7.69,82,6.57,10,0.8,65,5.2,155,12.41,627,50.2,23.71,0.35,0.7,0.97,9.31,59,6.06,15012702.6582031,16135.2823697365
92,, ,Castleberry Hill,Neighborhood, ,0,,, ,180.78,0.28,Castleberry Hill,M, ,,GIS,2022/05/24 00:00:00+00,{09F68C81-C92D-4009-B321-0A3C9491CE0F},12392.5952130082,"BlockApportionment:US.BlockGroups;PointsLayer:US.BlockPoints",1,79,US,2.576,2.191,1937,34.1,1257,64.89,30,2.39,20,1.59,16,1.27,33,2.63,121,9.63,226,17.98,203,16.15,123,9.79,126,10.02,119,9.47,76,6.05,66,5.25,66,5.25,680,35.11,29,4.26,31,4.56,12,1.76,21,3.09,64,9.41,120,17.65,92,13.53,79,11.62,48,7.06,49,7.21,36,5.29,33,4.85,28,4.12,1306,483,36.98,823,63.02,1531,225,14.7,386,19.93,1387,71.61,30,1.55,0,0,0,0,52,2.68,176,9.09,3.72,11.67,6.15,13.97,6.6,30.96,23.65,1.05,12.76,80321,389286,34.1,727,44.63,274,16.82,438,26.89,45,2.76,6,0.37,0,0,44,2.7,97,5.95,21.4,4.62,12.41,0,8.22,48.72,4.62,7874681.05664062,12392.5952130082
93,, ,Sweet Auburn,Neighborhood, ,0,,, ,201.7,0.32,Butler Street,M, ,,GIS,2022/05/24 00:00:00+00,{B3788601-5649-4364-9C30-D941B551E5E9},14029.3065704786,"BlockApportionment:US.BlockGroups;PointsLayer:US.BlockPoints",1,80,US,2.576,2.191,3371,28.5,1563,46.37,60,3.84,57,3.65,40,2.56,184,11.77,256,16.38,192,12.28,142,9.09,100,6.4,98,6.27,77,4.93,68,4.35,53,3.39,59,3.77,1808,53.63,67,3.71,43,2.38,37,2.05,249,13.77,396,21.9,229,12.67,179,9.9,93,5.14,63,3.48,62,3.43,49,2.71,54,2.99,56,3.1,2187,187,8.55,2000,91.45,2330,143,6.14,705,20.91,2225,66,181,5.37,5,0.15,1,0.03,59,1.75,135,4,11.65,27.79,1.51,18.41,4.94,24.46,9.18,1.21,39.52,33557,350000,28.5,1349,64.45,269,12.85,177,8.46,147,7.02,26,1.24,14,0.67,52,2.48,37,1.77,12.75,9.32,12.93,0.53,3.34,54.71,6.33,8786177.59155273,14029.3065704786
94,, ,Marietta Street Artery,Neighborhood, ,0,,, ,236.35,0.37,Bellwood,E, ,,GIS,2022/05/24 00:00:00+00,{D48D4DC9-8C40-43C9-BA71-2EDFF0165005},19707.1099597606,"BlockApportionment:US.BlockGroups;PointsLayer:US.BlockPoints",1,81,US,2.576,2.191,5129,28.6,2839,55.35,57,2.01,28,0.99,18,0.63,46,1.62,579,20.39,908,31.98,520,18.32,254,8.95,117,4.12,82,2.89,68,2.4,69,2.43,47,1.66,2290,44.65,41,1.79,43,1.88,22,0.96,82,3.58,475,20.74,744,32.49,376,16.42,158,6.9,112,4.89,56,2.45,60,2.62,38,1.66,27,1.18,3377,107,3.17,3270,96.83,3831,454,11.85,2110,41.14,1364,26.59,1208,23.55,8,0.16,7,0.14,82,1.6,330,6.43,0.59,1.31,0,13.03,9.84,43.85,31.38,1.44,22.42,75171,415625,28.6,1917,88.75,76,3.52,18,0.83,14,0.65,31,1.44,6,0.28,30,1.39,68,3.15,41.28,0.7,10.61,2.8,1.27,42.06,0.82,10295543.2897949,19707.1099597606
95,, ,Sherwood Forest,Neighborhood, ,0,,, ,133.45,0.21,Sherwood Forest,E, ,,GIS,2022/05/24 00:00:00+00,{88552B0B-1C5E-498D-8948-3324B2FF398C},10307.2165458907,"BlockApportionment:US.BlockGroups;PointsLayer:US.BlockPoints",1,82,US,2.576,2.191,453,46.3,235,51.88,9,3.83,15,6.38,20,8.51,18,7.66,9,3.83,6,2.55,7,2.98,9,3.83,14,5.96,19,8.09,24,10.21,23,9.79,20,8.51,218,48.12,8,3.67,13,5.96,17,7.8,16,7.34,14,6.42,4,1.83,9,4.13,11,5.05,17,7.8,20,9.17,18,8.26,19,8.72,12,5.5,160,145,90.62,15,9.38,179,19,10.61,379,83.66,19,4.19,14,3.09,0,0,0,0,7,1.55,26,5.74,0.32,1.59,3.82,8.92,0,35.35,50,2.83,0,195256,1228448,46.3,0,0,0,0,29,16.76,8,4.62,0,0,0,0,0,0,136,78.61,42.23,0,3.88,0,5.83,48.06,0,5813186.15649414,10307.2165458907
96,, ,Loring Heights,Neighborhood, ,0,,, ,276.41,0.43,Loring Heights,E, ,,GIS,2022/05/24 00:00:00+00,{A615CAA3-C62E-4ABC-A81D-F4DBA50D986D},14778.9273786286,"BlockApportionment:US.BlockGroups;PointsLayer:US.BlockPoints",1,83,US,2.576,2.191,2641,31.2,1408,53.31,55,3.91,35,2.49,26,1.85,31,2.2,89,6.32,351,24.93,324,23.01,175,12.43,88,6.25,52,3.69,52,3.69,54,3.84,41,2.91,1233,46.69,42,3.41,29,2.35,27,2.19,30,2.43,90,7.3,376,30.49,241,19.55,125,10.14,70,5.68,49,3.97,58,4.7,34,2.76,24,1.95,1620,317,19.57,1303,80.43,1736,116,6.68,1222,46.27,845,32,235,8.9,11,0.42,2,0.08,88,3.33,239,9.05,0,0,1.01,0,10.84,39.55,48.61,1.63,5.69,104600,1035061,31.2,467,33.24,298,21.21,177,12.6,120,8.54,0,0,0,0,0,0,343,24.41,19.24,0,0,0,0,66.62,4.52,12040196.4233398,14778.9273786286
97,, ,Brookwood Hills,Neighborhood, ,0,,, ,199.44,0.31,Brookwood Hills,E, ,,GIS,2022/05/24 00:00:00+00,{086E471D-77AA-4A79-90C6-5EC7821C246E},15241.6166518936,"BlockApportionment:US.BlockGroups;PointsLayer:US.BlockPoints",1,84,US,2.576,2.191,1953,44.8,946,48.44,42,4.44,61,6.45,76,8.03,69,7.29,48,5.07,30,3.17,45,4.76,26,2.75,71,7.51,73,7.72,80,8.46,79,8.35,76,8.03,1007,51.56,44,4.37,57,5.66,81,8.04,70,6.95,50,4.97,36,3.57,47,4.67,49,4.87,82,8.14,75,7.45,78,7.75,80,7.94,67,6.65,757,455,60.11,302,39.89,805,48,5.96,1710,87.56,65,3.33,45,2.3,1,0.05,0,0,17,0.87,36,1.84,0.52,0,0,2.14,1.25,44.06,52.03,2.58,0,200001,1211039,44.8,74,15.23,17,3.5,0,0,5,1.03,14,2.88,5,1.03,61,12.55,310,63.79,31.76,4.56,0,0,1.47,60.91,1.3,8687531.07202148,15241.6166518936
98,, ,Old Gordon,Neighborhood, ,0,,, ,78.62,0.12, ,H, ,,GIS,2022/05/24 00:00:00+00,{6944378E-9549-4878-9D41-027A49A2F41B},9249.1816933086,"BlockApportionment:US.BlockGroups;PointsLayer:US.BlockPoints",1,85,US,2.576,2.191,748,38.2,382,51.07,30,7.85,31,8.12,19,4.97,21,5.5,17,4.45,22,5.76,24,6.28,23,6.02,33,8.64,27,7.07,34,8.9,42,10.99,33,8.64,366,48.93,27,7.38,24,6.56,22,6.01,13,3.55,26,7.1,28,7.65,38,10.38,26,7.1,43,11.75,22,6.01,20,5.46,27,7.38,18,4.92,316,45,14.24,271,85.76,468,152,32.48,19,2.54,600,80.21,2,0.27,7,0.94,0,0,73,9.76,103,13.77,4.82,71.68,2.89,8.29,6.17,2.5,3.66,2.29,8.3,79911,185000,38.2,45,10.54,0,0,0,0,61,14.29,205,48.01,0,0,3,0.7,113,26.46,4.53,79.61,0,0,2.91,11.65,0.97,3424733.25854492,9249.1816933086
99,, ,Mays,Neighborhood, ,0,,, ,252.84,0.4, ,H, ,,GIS,2022/05/24 00:00:00+00,{E0100CB2-7465-419A-B53F-FFB6ECA6C164},17787.0566380202,"BlockApportionment:US.BlockGroups;PointsLayer:US.BlockPoints",1,86,US,2.576,2.191,1654,36,673,40.69,59,8.77,65,9.66,24,3.57,58,8.62,54,8.02,35,5.2,70,10.4,66,9.81,40,5.94,42,6.24,40,5.94,26,3.86,34,5.05,981,59.31,52,5.3,32,3.26,51,5.2,53,5.4,86,8.77,84,8.56,71,7.24,101,10.3,87,8.87,78,7.95,54,5.5,30,3.06,57,5.81,764,524,68.59,240,31.41,823,59,7.17,19,1.15,1603,96.92,6,0.36,1,0.06,0,0,8,0.48,17,1.03,3.21,4.73,2.85,6.51,2.41,25.51,54.77,2.16,3.8,77291,177551,36,23,5.35,0,0,21,4.88,1,0.23,0,0,0,0,194,45.12,191,44.42,25.62,0,0.28,0,2.48,71.35,0,11013627.4089355,17787.0566380202
100,, ,Harvel Homes Community,Neighborhood, ,0,,, ,15.79,0.02,Harvel Homes Community,J, ,,GIS,2022/05/24 00:00:00+00,{42D37759-3A8B-4274-9D24-A92F9D3A74D0},3613.28190645867,"BlockApportionment:US.BlockGroups;PointsLayer:US.BlockPoints",1,87,US,2.576,2.191,36,35,17,47.22,1,5.88,1,5.88,2,11.76,1,5.88,1,5.88,1,5.88,1,5.88,1,5.88,1,5.88,1,5.88,1,5.88,1,5.88,1,5.88,19,52.78,1,5.26,1,5.26,1,5.26,2,10.53,1,5.26,1,5.26,1,5.26,2,10.53,2,10.53,1,5.26,1,5.26,1,5.26,1,5.26,16,9,56.25,7,43.75,16,0,0,1,2.78,33,91.67,0,0,0,0,0,0,1,2.78,1,2.78,13.64,31.82,9.09,27.27,0,0,9.09,2.25,20,56884,183333,35,0,0,0,0,2,15.38,1,7.69,0,0,0,0,0,0,10,76.92,20,0,0,0,5,70,0,687957.979980469,3613.28190645867
101,, ,Penelope Neighbors,Neighborhood, ,0,,, ,126.25,0.2,Penelope Neighbors,J, ,,GIS,2022/05/24 00:00:00+00,{867A7487-3E0F-4009-B82A-419CDB53DFD7},12181.1610045739,"BlockApportionment:US.BlockGroups;PointsLayer:US.BlockPoints",1,88,US,2.576,2.191,485,43,235,48.45,14,5.96,15,6.38,13,5.53,11,4.68,13,5.53,12,5.11,15,6.38,18,7.66,16,6.81,16,6.81,12,5.11,15,6.38,17,7.23,250,51.55,11,4.4,13,5.2,16,6.4,14,5.6,12,4.8,11,4.4,20,8,16,6.4,17,6.8,13,5.2,12,4.8,14,5.6,15,6,224,125,55.8,99,44.2,267,43,16.1,13,2.68,445,91.75,1,0.21,1,0.21,0,0,9,1.86,11,2.27,14.89,36.8,2.25,13.2,8.15,13.48,9.55,2.01,47.72,34585,181707,43,4,1.43,12,4.29,30,10.71,31,11.07,0,0,7,2.5,0,0,194,69.29,4.84,4.84,0,0,12.9,70.16,7.26,5499619.125,12181.1610045739
102,, ,Dixie Hills,Neighborhood, ,0,,, ,467.77,0.73,Dixie Hills,J, ,,GIS,2022/05/24 00:00:00+00,{BD20CBF5-8A5D-423D-A18C-0634F965B657},23970.9578235079,"BlockApportionment:US.BlockGroups;PointsLayer:US.BlockPoints",1,89,US,2.576,2.191,1638,40.1,795,48.53,51,6.42,54,6.79,57,7.17,44,5.53,52,6.54,42,5.28,50,6.29,57,7.17,53,6.67,57,7.17,46,5.79,47,5.91,49,6.16,843,51.47,43,5.1,48,5.69,55,6.52,55,6.52,44,5.22,43,5.1,61,7.24,61,7.24,66,7.83,48,5.69,39,4.63,45,5.34,52,6.17,614,344,56.03,270,43.97,793,179,22.57,45,2.75,1496,91.33,2,0.12,3,0.18,0,0,32,1.95,39,2.38,14.95,35.53,3.69,17.68,5.98,9.32,8.8,2.55,39.05,41324,184009,40.1,9,1.16,27,3.49,99,12.81,84,10.87,0,0,19,2.46,0,0,535,69.21,14.21,2.54,0,0,8.46,70.56,4.23,20375775.6169434,23970.9578235079
103,, ,Grove Park,Neighborhood, ,0,,, ,1341.66,2.1,Grove Park,J, ,,GIS,2022/05/24 00:00:00+00,{99D06944-AAC3-4EF7-9FCD-79353A5BDF85},41561.5292520044,"BlockApportionment:US.BlockGroups;PointsLayer:US.BlockPoints",1,90,US,2.576,2.191,5273,37.1,2676,50.75,149,5.57,164,6.13,210,7.85,189,7.06,151,5.64,192,7.17,210,7.85,204,7.62,177,6.61,172,6.43,151,5.64,187,6.99,177,6.61,2597,49.25,142,5.47,158,6.08,173,6.66,162,6.24,170,6.55,200,7.7,210,8.09,170,6.55,162,6.24,153,5.89,144,5.54,128,4.93,157,6.05,1984,876,44.15,1108,55.85,2570,586,22.8,335,6.35,4620,87.62,23,0.44,15,0.28,0,0,77,1.46,179,3.39,12.82,22.47,7.49,14.29,9.13,23.97,7.24,2.59,32.61,35604,252957,37.1,176,6.15,52,1.82,68,2.38,188,6.57,67,2.34,137,4.79,79,2.76,2075,72.55,18.63,4.76,3.54,0.41,3.33,58.19,11.15,58442277.126709,41561.5292520044
104,, ,Fairburn Heights,Neighborhood, ,0,,, ,356.52,0.56,Fairburn Heights,H, ,,GIS,2022/05/24 00:00:00+00,{7A6E0434-9AD7-497E-B5BD-1D0425938C00},18505.1379450653,"BlockApportionment:US.BlockGroups;PointsLayer:US.BlockPoints",1,91,US,2.576,2.191,1172,37.1,553,47.18,37,6.69,42,7.59,48,8.68,39,7.05,34,6.15,34,6.15,37,6.69,39,7.05,38,6.87,32,5.79,31,5.61,35,6.33,33,5.97,619,52.82,38,6.14,43,6.95,42,6.79,37,5.98,31,5.01,40,6.46,47,7.59,45,7.27,45,7.27,35,5.65,28,4.52,35,5.65,40,6.46,401,198,49.38,203,50.62,475,74,15.58,19,1.62,1051,89.68,1,0.09,9,0.77,0,0,41,3.5,70,5.97,7.82,39.62,0.77,7.05,18.33,11.03,13.59,2.92,39.67,35659,212931,37.1,20,4.74,3,0.71,0,0,38,9,0,0,0,0,7,1.66,352,83.41,21.56,2.96,0,0,17.52,53.64,4.31,15530107.5217285,18505.1379450653
105,, ,Adamsville,Neighborhood, ,0,,, ,583.36,0.91,Adamsville,H, ,,GIS,2022/05/24 00:00:00+00,{FE0AA82E-8956-4854-ABF3-DE930407EBFD},32866.9493950251,"BlockApportionment:US.BlockGroups;PointsLayer:US.BlockPoints",1,92,US,2.576,2.191,2288,36.7,1029,44.97,80,7.77,90,8.75,77,7.48,85,8.26,74,7.19,63,6.12,67,6.51,68,6.61,62,6.03,38,3.69,56,5.44,50,4.86,56,5.44,1259,55.03,74,5.88,69,5.48,92,7.31,85,6.75,82,6.51,76,6.04,80,6.35,81,6.43,79,6.27,65,5.16,79,6.27,54,4.29,73,5.8,929,358,38.54,571,61.46,1028,99,9.63,20,0.87,2120,92.66,1,0.04,14,0.61,1,0.04,71,3.1,104,4.55,21.7,34.89,4.46,13.79,4.87,7.3,10.62,2.46,30.88,39223,175641,36.7,173,15.92,47,4.32,115,10.58,80,7.36,55,5.06,9,0.83,5,0.46,591,54.37,14.99,2.01,1.61,0,42.76,32.39,6.24,25410961.4890137,32866.9493950251
106,, ,Fairburn Road/Wisteria Lane,Neighborhood, ,0,,, ,83.45,0.13,Fairburn Road/Wisteria La,H, ,,GIS,2022/05/24 00:00:00+00,{F6908383-0CF2-4DD1-A771-8126488CA11D},8676.99120894038,"BlockApportionment:US.BlockGroups;PointsLayer:US.BlockPoints",1,93,US,2.576,2.191,64,46.2,31,48.44,1,3.23,2,6.45,1,3.23,2,6.45,2,6.45,3,9.68,2,6.45,2,6.45,2,6.45,1,3.23,2,6.45,2,6.45,2,6.45,33,51.56,2,6.06,1,3.03,2,6.06,2,6.06,2,6.06,2,6.06,1,3.03,2,6.06,2,6.06,1,3.03,2,6.06,2,6.06,2,6.06,19,14,73.68,5,26.32,20,1,5,1,1.56,56,87.5,0,0,0,0,0,0,4,6.25,5,7.81,4.26,21.28,4.26,25.53,2.13,14.89,25.53,3.37,0,78168,175000,46.2,0,0,0,0,0,0,0,0,0,0,0,0,0,0,22,95.65,45.71,0,0,0,0,40,11.43,3634892.38330078,8676.99120894038
107,, ,Ridgecrest Forest,Neighborhood, ,0,,, ,74.17,0.12,Ridgecrest Forest,H, ,,GIS,2022/05/24 00:00:00+00,{1AA7A569-E750-453A-BE8C-8D0533A4AB25},7407.54604566765,"BlockApportionment:US.BlockGroups;PointsLayer:US.BlockPoints",1,94,US,2.576,2.191,434,34.9,200,46.08,12,6,12,6,12,6,15,7.5,18,9,17,8.5,17,8.5,14,7,10,5,11,5.5,13,6.5,12,6,13,6.5,234,53.92,15,6.41,15,6.41,15,6.41,13,5.56,17,7.26,18,7.69,21,8.97,16,6.84,14,5.98,12,5.13,16,6.84,13,5.56,12,5.13,174,65,37.36,109,62.64,178,4,2.25,9,2.07,403,92.86,0,0,2,0.46,0,0,6,1.38,14,3.23,0.69,21.11,5.54,5.54,6.23,42.91,17.3,2.49,12.39,56448,425000,34.9,6,2.79,5,2.33,63,29.3,42,19.53,10,4.65,0,0,3,1.4,87,40.47,9,16.08,0,1.29,8.36,62.38,2.89,3230668.43896484,7407.54604566765
108,, ,Wildwood (NPU-H),Neighborhood, ,0,,, ,178.7,0.28,Wildwood,H, ,,GIS,2022/05/24 00:00:00+00,{0D75340F-DF45-4B40-ACD4-C60671EDC1C9},14444.622957004,"BlockApportionment:US.BlockGroups;PointsLayer:US.BlockPoints",1,95,US,2.576,2.191,460,38.5,199,43.26,15,7.54,15,7.54,15,7.54,15,7.54,15,7.54,15,7.54,15,7.54,14,7.04,13,6.53,9,4.52,9,4.52,9,4.52,11,5.53,261,56.74,13,4.98,13,4.98,10,3.83,16,6.13,16,6.13,15,5.75,18,6.9,17,6.51,15,5.75,13,4.98,13,4.98,15,5.75,18,6.9,142,52,36.62,90,63.38,157,15,9.55,4,0.87,435,94.57,1,0.22,2,0.43,0,0,7,1.52,10,2.17,14.2,38.49,0,16.72,16.09,12.93,1.58,3.24,4.67,41999,178571,38.5,22,12.09,0,0,44,24.18,47,25.82,0,0,0,0,18,9.89,43,23.63,3.17,0,0,0,5.43,69.68,21.72,7784112.69042969,14444.622957004
109,, ,Boulder Park,Neighborhood, ,0,,, ,386,0.6,Boulder Park,H, ,,GIS,2022/05/24 00:00:00+00,{352C524B-A304-427A-8FCF-E1DE7C57464F},27275.1223392573,"BlockApportionment:US.BlockGroups;PointsLayer:US.BlockPoints",1,96,US,2.576,2.191,398,37.5,177,44.47,12,6.78,12,6.78,12,6.78,13,7.34,14,7.91,14,7.91,14,7.91,13,7.34,11,6.21,9,5.08,10,5.65,9,5.08,11,6.21,221,55.53,12,5.43,12,5.43,11,4.98,13,5.88,14,6.33,15,6.79,17,7.69,14,6.33,13,5.88,11,4.98,12,5.43,13,5.88,14,6.33,139,52,37.41,87,62.59,146,7,4.79,5,1.26,373,93.72,1,0.25,2,0.5,0,0,7,1.76,11,2.76,9.19,31.99,2.21,12.87,12.13,23.53,7.72,2.86,8.81,45221,225000,37.5,17,9.83,3,1.73,43,24.86,39,22.54,4,2.31,0,0,11,6.36,53,30.64,6.33,8.14,0,0.45,7.24,66.06,12.22,16814010.8464355,27275.1223392573
110,, ,Westhaven,Neighborhood, ,0,,, ,151.81,0.24,Westhaven,I, ,,GIS,2022/05/24 00:00:00+00,{8B26E3F8-0B0F-4AFD-9F7F-300C47A6B145},12208.2135502083,"BlockApportionment:US.BlockGroups;PointsLayer:US.BlockPoints",1,97,US,2.576,2.191,515,41.8,244,47.38,10,4.1,12,4.92,15,6.15,14,5.74,12,4.92,9,3.69,23,9.43,27,11.07,20,8.2,16,6.56,15,6.15,19,7.79,16,6.56,271,52.62,13,4.8,14,5.17,11,4.06,15,5.54,13,4.8,11,4.06,24,8.86,21,7.75,18,6.64,19,7.01,16,5.9,19,7.01,22,8.12,229,161,70.31,68,29.69,246,17,6.91,9,1.75,485,94.17,1,0.19,0,0,0,0,5,0.97,13,2.52,3.6,31.11,1.54,12.6,3.86,22.11,22.11,2.25,17.06,57446,206373,41.8,0,0,0,0,0,0,0,0,0,0,0,0,30,10.31,261,89.69,0,0,0,0,0,100,0,6612776.3347168,12208.2135502083
111,, ,Harland Terrace,Neighborhood, ,0,,, ,294.69,0.46,Harland Terrace,I, ,,GIS,2022/05/24 00:00:00+00,{C8A569C5-DD58-4C1F-9F93-10321DD951F7},18221.2305160724,"BlockApportionment:US.BlockGroups;PointsLayer:US.BlockPoints",1,98,US,2.576,2.191,1843,38.6,741,40.21,60,8.1,61,8.23,70,9.45,51,6.88,40,5.4,42,5.67,58,7.83,48,6.48,48,6.48,33,4.45,23,3.1,40,5.4,47,6.34,1102,59.79,45,4.08,46,4.17,64,5.81,59,5.35,59,5.35,71,6.44,107,9.71,78,7.08,64,5.81,63,5.72,49,4.45,43,3.9,58,5.26,941,38,4.04,903,95.96,990,49,4.95,13,0.71,1744,94.63,0,0,2,0.11,0,0,53,2.88,72,3.91,14.51,39.18,4.73,21.57,0.16,18.62,0.23,1.96,33.19,28440,241667,38.6,203,27.28,52,6.99,218,29.3,114,15.32,110,14.78,0,0,3,0.4,44,5.91,0.18,0,2.31,0,23.62,51.33,22.56,12836674.5812988,18221.2305160724
112,, ,Peyton Forest,Neighborhood, ,0,,, ,286.49,0.45,Peyton Forest,I, ,,GIS,2022/05/24 00:00:00+00,{C68109AF-94C5-4E31-9CFE-7B05860B8ED4},18931.4892936537,"BlockApportionment:US.BlockGroups;PointsLayer:US.BlockPoints",1,99,US,2.576,2.191,1488,39.6,681,45.77,38,5.58,42,6.17,50,7.34,53,7.78,36,5.29,37,5.43,48,7.05,49,7.2,46,6.75,43,6.31,41,6.02,43,6.31,47,6.9,807,54.23,35,4.34,39,4.83,50,6.2,45,5.58,55,6.82,57,7.06,58,7.19,61,7.56,57,7.06,45,5.58,54,6.69,43,5.33,40,4.96,613,355,57.91,258,42.09,730,117,16.03,39,2.62,1235,83,4,0.27,12,0.81,3,0.2,119,8,171,11.49,7.75,27.56,3.64,22.97,3.25,15.79,14.35,2.43,19.11,60400,291901,39.6,156,22.41,50,7.18,45,6.47,30,4.31,0,0,0,0,1,0.14,413,59.34,11.27,0,1.45,0,20.91,65.09,1.27,12479594.7731934,18931.4892936537
113,, ,East Ardley Road,Neighborhood, ,0,,, ,65.68,0.1,East Ardley Road,I, ,,GIS,2022/05/24 00:00:00+00,{F390B456-5B78-4FC2-BE4C-0382FF9262AA},7269.55692682471,"BlockApportionment:US.BlockGroups;PointsLayer:US.BlockPoints",1,100,US,2.576,2.191,270,50,127,47.04,4,3.15,4,3.15,7,5.51,8,6.3,8,6.3,6,4.72,7,5.51,9,7.09,9,7.09,8,6.3,10,7.87,10,7.87,9,7.09,143,52.96,4,2.8,4,2.8,5,3.5,5,3.5,10,6.99,7,4.9,7,4.9,8,5.59,10,6.99,8,5.59,9,6.29,9,6.29,10,6.99,94,81,86.17,13,13.83,104,10,9.62,5,1.85,245,90.74,2,0.74,1,0.37,0,0,5,1.85,9,3.33,7.98,10.8,6.1,23.47,7.98,19.72,23.94,2.84,3.23,101681,270000,50,0,0,0,0,0,0,0,0,0,0,0,0,7,4.43,152,96.2,5.06,3.37,0,0,29.78,60.67,1.12,2860966.87207031,7269.55692682471
114,, ,West Manor,Neighborhood, ,0,,, ,171.92,0.27,West Manor,I, ,,GIS,2022/05/24 00:00:00+00,{6E347D39-ED9E-4CE0-BE65-B375BEDB2DE9},12776.4229065826,"BlockApportionment:US.BlockGroups;PointsLayer:US.BlockPoints",1,101,US,2.576,2.191,414,40.5,175,42.27,12,6.86,13,7.43,7,4,12,6.86,13,7.43,9,5.14,14,8,14,8,12,6.86,11,6.29,12,6.86,8,4.57,10,5.71,239,57.73,11,4.6,7,2.93,10,4.18,12,5.02,17,7.11,16,6.69,16,6.69,21,8.79,20,8.37,18,7.53,13,5.44,9,3.77,14,5.86,182,136,74.73,46,25.27,205,23,11.22,6,1.45,394,95.17,2,0.48,1,0.24,0,0,4,0.97,6,1.45,3.32,6.31,2.33,6.64,5.32,27.91,48.17,2.24,6.04,78602,267500,40.5,5,2.7,0,0,4,2.16,0,0,0,0,0,0,63,34.05,113,61.08,21.67,6.67,0,0,8.33,63.33,0,7488643.94628906,12776.4229065826
115,, ,Emory,Neighborhood, ,0,,, ,0,0,Emory,F,SHENDERSON,2022/08/24 00:00:00+00,SHENDERSON,2022/08/24 00:00:00+00,{8E289FFF-F383-4A56-BB1E-4426D27799CE},51489.7741833277,"BlockApportionment:US.BlockGroups;PointsLayer:US.BlockPoints",1,235,US,2.576,2.191,6491,24.6,2771,42.69,26,0.94,6,0.22,13,0.47,168,6.06,1278,46.12,720,25.98,166,5.99,78,2.81,69,2.49,19,0.69,43,1.55,16,0.58,33,1.19,3720,57.31,15,0.4,18,0.48,13,0.35,178,4.78,1788,48.06,933,25.08,207,5.56,148,3.98,21,0.56,38,1.02,27,0.73,33,0.89,31,0.83,1120,70,6.25,1050,93.75,1254,134,10.69,2300,35.43,2503,38.56,1245,19.18,7,0.11,3,0.05,156,2.4,365,5.62,0.94,6.19,2.61,13.01,2.78,38.44,35.36,2.01,43.04,51933,542763,24.6,777,62.71,184,14.85,80,6.46,98,7.91,5,0.4,0,0,1,0.08,94,7.59,9.95,0,29.31,0.3,3.32,41.44,14.17,33825547.142334,51489.7741833277
116,, ,Lindbergh/Morosgo,Neighborhood, ,0,,, ,383.43,0.6,Lindbergh Morosgo,B, ,,GIS,2022/05/24 00:00:00+00,{4F56681D-BF57-4FD0-8FC6-3D16E55A95CB},18578.7392219168,"BlockApportionment:US.BlockGroups;PointsLayer:US.BlockPoints",1,237,US,2.576,2.191,7465,31.4,3992,53.48,123,3.08,74,1.85,49,1.23,60,1.5,323,8.09,1014,25.4,923,23.12,426,10.67,239,5.99,175,4.38,142,3.56,140,3.51,113,2.83,3473,46.52,100,2.88,67,1.93,45,1.3,71,2.04,389,11.2,945,27.21,719,20.7,308,8.87,176,5.07,111,3.2,116,3.34,82,2.36,84,2.42,4626,603,13.04,4023,86.96,5118,492,9.61,2450,32.82,2436,32.63,1455,19.49,45,0.6,3,0.04,481,6.44,925,12.39,0,5.73,3.6,12.55,2.16,37.73,38.04,1.57,13.32,83824,402326,31.4,2976,68.65,323,7.45,592,13.66,61,1.41,24,0.55,108,2.49,193,4.45,58,1.34,19.04,0.67,1.3,0,20.99,56.23,1.56,16702297.0898438,18578.7392219168
117,, ,South Tuxedo Park,Neighborhood, ,0,,, ,243.99,0.38,South Tuxedo Park,B, ,,GIS,2022/05/24 00:00:00+00,{6BF972DB-C327-4501-B2E6-4CEA33F41344},16339.1927602432,"BlockApportionment:US.BlockGroups;PointsLayer:US.BlockPoints",1,238,US,2.576,2.191,3592,34,1745,48.58,79,4.53,57,3.27,52,2.98,38,2.18,106,6.07,295,16.91,288,16.5,170,9.74,103,5.9,88,5.04,88,5.04,98,5.62,95,5.44,1847,51.42,90,4.87,64,3.47,51,2.76,51,2.76,155,8.39,302,16.35,283,15.32,150,8.12,112,6.06,92,4.98,93,5.04,90,4.87,94,5.09,2068,308,14.89,1760,85.11,2594,526,20.28,2778,77.34,350,9.74,169,4.7,3,0.08,1,0.03,70,1.95,181,5.04,0,9.27,0,14.57,8.18,49.21,18.78,1.74,6.42,69066,1108434,34,582,48.38,0,0,0,0,218,18.12,122,10.14,0,0,110,9.14,171,14.21,19.95,0,0,0,0,75.96,4.08,10628146.2053223,16339.1927602432
118,, ,Buckhead Village,Neighborhood, ,0,,, ,127.21,0.2,Buckhead Village,B, ,,GIS,2022/05/24 00:00:00+00,{ED28CC83-BB5C-4EC2-8DA5-F47473E1FAB0},11010.9630257465,"BlockApportionment:US.BlockGroups;PointsLayer:US.BlockPoints",1,239,US,2.576,2.191,2605,33.1,1282,49.21,24,1.87,16,1.25,13,1.01,20,1.56,71,5.54,302,23.56,308,24.02,161,12.56,86,6.71,55,4.29,63,4.91,49,3.82,36,2.81,1323,50.79,23,1.74,14,1.06,10,0.76,10,0.76,74,5.59,359,27.14,288,21.77,125,9.45,91,6.88,69,5.22,58,4.38,29,2.19,31,2.34,1903,460,24.17,1443,75.83,2185,282,12.91,1523,58.46,577,22.15,223,8.56,16,0.61,0,0,50,1.92,218,8.37,0,4.21,2.1,6.91,6.01,54.64,26.14,1.37,13.92,95772,429592,33.1,1959,92.67,59,2.79,96,4.54,0,0,0,0,0,0,0,0,0,0,33.72,0,0.75,0,7.44,48.75,6.44,5541157.68652344,11010.9630257465
119,, ,Lindridge/Martin Manor,Neighborhood, ,0,,, ,451.7,0.71,Lindridge-Martin Manor,F, ,,GIS,2022/05/24 00:00:00+00,{90BE0814-C29E-4291-A2CC-92C43CD2C1E4},19387.2815573962,"BlockApportionment:US.BlockGroups;PointsLayer:US.BlockPoints",1,240,US,2.576,2.191,4322,32.9,2279,52.73,83,3.64,68,2.98,73,3.2,89,3.91,187,8.21,303,13.3,365,16.02,252,11.06,184,8.07,164,7.2,159,6.98,122,5.35,95,4.17,2043,47.27,99,4.85,79,3.87,62,3.03,75,3.67,229,11.21,422,20.66,302,14.78,202,9.89,132,6.46,105,5.14,82,4.01,51,2.5,70,3.43,2461,714,29.01,1747,70.99,2714,253,9.32,1614,37.34,1283,29.69,330,7.64,59,1.37,3,0.07,648,14.99,987,22.84,2.1,7.23,1.13,16.38,6.92,39.46,23.67,1.76,9.22,85277,582996,32.9,1264,46.76,314,11.62,294,10.88,101,3.74,10,0.37,4,0.15,211,7.81,504,18.65,14.63,0,4.79,0.93,9.03,69.78,0.81,19676041.0776367,19387.2815573962
120,, ,Atkins Park,Neighborhood, ,0,,, ,34.72,0.05,Atkins Park,F, ,,GIS,2022/05/24 00:00:00+00,{DBB8794B-36D0-4BBD-B1C4-B9A987C608EE},5200.580134303,"BlockApportionment:US.BlockGroups;PointsLayer:US.BlockPoints",1,241,US,2.576,2.191,453,34.7,227,50.11,9,3.96,5,2.2,4,1.76,5,2.2,12,5.29,31,13.66,37,16.3,25,11.01,18,7.93,13,5.73,15,6.61,12,5.29,10,4.41,226,49.89,5,2.21,6,2.65,3,1.33,4,1.77,19,8.41,45,19.91,45,19.91,19,8.41,15,6.64,14,6.19,8,3.54,10,4.42,8,3.54,207,74,35.75,133,64.25,220,13,5.91,320,70.64,72,15.89,23,5.08,2,0.44,0,0,12,2.65,31,6.84,3.42,12.37,2.11,21.32,1.05,33.95,25,2.16,9.5,58073,694079,34.7,38,19.39,14,7.14,57,29.08,20,10.2,27,13.78,5,2.55,8,4.08,27,13.78,20.34,2.54,5.93,2.12,0,67.8,1.27,1512562.99804688,5200.580134303
121,, ,Piedmont Heights,Neighborhood, ,0,,, ,310.55,0.49,Piedmont Heights,F, ,,GIS,2022/05/24 00:00:00+00,{DA81D2A5-7C53-49BE-B87A-9FD679C4AB5E},16305.3706494854,"BlockApportionment:US.BlockGroups;PointsLayer:US.BlockPoints",1,242,US,2.576,2.191,2707,32.8,1465,54.12,58,3.96,38,2.59,42,2.87,40,2.73,88,6.01,251,17.13,281,19.18,136,9.28,98,6.69,81,5.53,93,6.35,89,6.08,66,4.51,1242,45.88,48,3.86,31,2.5,29,2.33,48,3.86,151,12.16,248,19.97,231,18.6,103,8.29,71,5.72,62,4.99,70,5.64,40,3.22,27,2.17,1522,483,31.73,1039,68.27,1626,104,6.4,1702,62.87,484,17.88,216,7.98,4,0.15,0,0,77,2.84,197,7.28,0.8,5.43,0.66,6.98,7.54,51.83,26.73,1.78,4.61,117562,670213,32.8,496,31.29,277,17.48,84,5.3,62,3.91,37,2.33,60,3.79,117,7.38,453,28.58,21.82,0,1.51,0,0.36,72.14,4.11,13527657.6262207,16305.3706494854
122,, ,Whitewater Creek,Neighborhood, ,0,,, ,241.28,0.38,Whitewater Creek,A, ,,GIS,2022/05/24 00:00:00+00,{0BF9036B-0713-4060-8F9A-75FD0EBA961A},15940.1781436339,"BlockApportionment:US.BlockGroups;PointsLayer:US.BlockPoints",1,243,US,2.576,2.191,277,39.2,132,47.65,6,4.55,6,4.55,7,5.3,7,5.3,10,7.58,9,6.82,14,10.61,10,7.58,8,6.06,8,6.06,12,9.09,11,8.33,7,5.3,145,52.35,5,3.45,6,4.14,8,5.52,6,4.14,9,6.21,10,6.9,18,12.41,10,6.9,10,6.9,8,5.52,10,6.9,12,8.28,8,5.52,82,28,34.15,54,65.85,100,18,18,197,71.12,47,16.97,18,6.5,0,0,0,0,3,1.08,7,2.53,0.96,0,0,8.65,7.69,51.92,30.77,3.38,0,150000,954545,39.2,35,31.25,24,21.43,8,7.14,16,14.29,4,3.57,2,1.79,0,0,23,20.54,25.99,1.13,1.13,0,0,67.23,0,10510228.8310547,15940.1781436339
123,, ,West Paces Ferry/Northside,Neighborhood, ,0,,, ,427.99,0.67,West Paces Ferry/Northsid,A, ,,GIS,2022/05/24 00:00:00+00,{ABA61E88-73AD-4CAF-9217-5A66DC5A96EE},19835.8327454888,"BlockApportionment:US.BlockGroups;PointsLayer:US.BlockPoints",1,244,US,2.576,2.191,1195,44.5,603,50.46,28,4.64,42,6.97,48,7.96,48,7.96,45,7.46,25,4.15,17,2.82,12,1.99,45,7.46,46,7.63,52,8.62,46,7.63,43,7.13,592,49.54,27,4.56,40,6.76,47,7.94,39,6.59,36,6.08,20,3.38,14,2.36,30,5.07,43,7.26,43,7.26,49,8.28,41,6.93,41,6.93,389,372,95.63,17,4.37,416,27,6.49,1024,85.69,25,2.09,45,3.77,1,0.08,0,0,14,1.17,58,4.85,0,0,0,4.03,1.01,67.92,27.04,3.07,3.7,200001,1113333,44.5,0,0,6,1.76,0,0,0,0,0,0,0,0,39,11.44,297,87.1,28.35,0,0,0,0,70.13,1.52,18643305.8325195,19835.8327454888
124,, ,Pleasant Hill,Neighborhood, ,0,,, ,252.67,0.39,Pleasant Hill,A, ,,GIS,2022/05/24 00:00:00+00,{9D7BB91C-0DCF-45DD-8F3F-6F23748D4A93},15873.2404100289,"BlockApportionment:US.BlockGroups;PointsLayer:US.BlockPoints",1,245,US,2.576,2.191,241,41.8,117,48.55,4,3.42,4,3.42,5,4.27,7,5.98,4,3.42,7,5.98,14,11.97,11,9.4,10,8.55,9,7.69,7,5.98,8,6.84,7,5.98,124,51.45,3,2.42,4,3.23,6,4.84,5,4.03,6,4.84,10,8.06,13,10.48,12,9.68,9,7.26,9,7.26,8,6.45,8,6.45,6,4.84,64,38,59.38,26,40.62,86,22,25.58,143,59.34,65,26.97,17,7.05,0,0,0,0,3,1.24,10,4.15,3.08,5.13,0,5.13,3.59,35.9,47.18,3.77,5,121701,763889,41.8,7,12.73,6,10.91,6,10.91,0,0,0,0,0,0,17,30.91,19,34.55,22.47,0,4.49,0,0,70.79,2.25,11006253.9038086,15873.2404100289
125,, ,Norwood Manor,Neighborhood, ,0,,, ,332.38,0.52,Norwood Manor,Z, ,,GIS,2022/05/24 00:00:00+00,{7701FFA4-5F38-4CD1-8BB9-F3A3BCE2F5C7},21780.3971272141,"BlockApportionment:US.BlockGroups;PointsLayer:US.BlockPoints",1,246,US,2.576,2.191,1187,32.6,556,46.84,44,7.91,47,8.45,52,9.35,50,8.99,36,6.47,38,6.83,40,7.19,51,9.17,34,6.12,29,5.22,31,5.58,25,4.5,24,4.32,631,53.16,50,7.92,48,7.61,51,8.08,49,7.77,43,6.81,36,5.71,58,9.19,59,9.35,45,7.13,42,6.66,27,4.28,26,4.12,26,4.12,435,138,31.72,297,68.28,496,61,12.3,21,1.77,1069,90.06,9,0.76,8,0.67,1,0.08,35,2.95,60,5.05,5.01,33.8,7.93,18.5,11.4,14.46,2.23,2.73,27.03,35901,118382,32.6,25,4.3,13,2.23,114,19.59,132,22.68,25,4.3,1,0.17,4,0.69,267,45.88,13.86,0.99,0,1.24,5.45,66.58,11.63,14478200.8522949,21780.3971272141
126,, ,South River Gardens,Neighborhood, ,0,,, ,1804.02,2.82,George High,Z, ,,GIS,2022/05/24 00:00:00+00,{AD4831EB-8665-4D27-955F-A3FF96C3EAE1},38580.4562999595,"BlockApportionment:US.BlockGroups;PointsLayer:US.BlockPoints",1,247,US,2.576,2.191,2737,34.6,1251,45.71,107,8.55,110,8.79,125,9.99,109,8.71,78,6.24,79,6.31,74,5.92,83,6.63,78,6.24,64,5.12,72,5.76,54,4.32,53,4.24,1486,54.29,84,5.65,91,6.12,125,8.41,113,7.6,97,6.53,74,4.98,115,7.74,121,8.14,109,7.34,85,5.72,87,5.85,64,4.31,78,5.25,982,420,42.77,562,57.23,1225,243,19.84,57,2.08,2523,92.18,4,0.15,6,0.22,0,0,68,2.48,82,3,7,42.97,9.06,18.3,5.94,10.3,1.24,2.79,26.09,55672,212695,34.6,301,26.54,31,2.73,50,4.41,107,9.44,0,0,0,0,0,0,645,56.88,6.1,0,0,0,16.96,64.43,12.5,78582885.1074219,38580.4562999595
127,, ,Blair Villa/Poole Creek,Neighborhood, ,0,,, ,847.81,1.32,Blair Villa/Poole Creek,Z, ,,GIS,2022/05/24 00:00:00+00,{4D27BC55-9703-4B6B-8967-620BC1B98D1E},27804.4174333428,"BlockApportionment:US.BlockGroups;PointsLayer:US.BlockPoints",1,248,US,2.576,2.191,324,38,150,46.3,11,7.33,11,7.33,9,6,15,10,10,6.67,11,7.33,9,6,11,7.33,16,10.67,5,3.33,9,6,8,5.33,7,4.67,174,53.7,9,5.17,11,6.32,13,7.47,7,4.02,9,5.17,11,6.32,10,5.75,16,9.2,13,7.47,10,5.75,10,5.75,10,5.75,11,6.32,116,64,55.17,52,44.83,162,46,28.4,9,2.78,286,88.27,0,0,0,0,0,0,15,4.63,23,7.1,11.87,38.81,0.46,26.94,4.11,5.48,5.48,2.79,40.67,29510,126667,38,0,0,0,0,0,0,0,0,0,0,0,0,0,0,185,100,6.82,0,0,0,8.33,60.61,17.42,36930406.9641113,27804.4174333429
128,, ,Rosedale Heights,Neighborhood, ,0,,, ,200.03,0.31,Rosedale Heights,Z, ,,GIS,2022/05/24 00:00:00+00,{F3A0E4E2-8CF8-4F65-AF59-12B8DA058AC2},15290.048453688,"BlockApportionment:US.BlockGroups;PointsLayer:US.BlockPoints",1,249,US,2.576,2.191,1214,34.3,540,44.48,49,9.07,48,8.89,47,8.7,46,8.52,32,5.93,32,5.93,38,7.04,31,5.74,36,6.67,32,5.93,34,6.3,21,3.89,30,5.56,674,55.52,45,6.68,46,6.82,52,7.72,46,6.82,45,6.68,37,5.49,55,8.16,55,8.16,51,7.57,37,5.49,34,5.04,31,4.6,43,6.38,520,158,30.38,362,69.62,550,30,5.45,17,1.4,1133,93.33,1,0.08,3,0.25,0,0,22,1.81,34,2.8,5.54,34.43,0.92,17.68,16.36,13.06,8.05,2.33,32.85,38185,190789,34.3,46,10.29,0,0,0,0,120,26.85,18,4.03,0,0,0,0,264,59.06,6.44,0,0,0,11.04,54.29,19.63,8713077.42138672,15290.048453688
129,, ,Lakewood,Neighborhood, ,0,,, ,343.51,0.54,Lakewood,Z, ,,GIS,2022/05/24 00:00:00+00,{A9DE02BA-02F3-4652-82CB-231BCC032ADC},16265.9447459997,"BlockApportionment:US.BlockGroups;PointsLayer:US.BlockPoints",1,250,US,2.576,2.191,1471,33.6,688,46.77,44,6.4,44,6.4,60,8.72,61,8.87,59,8.58,64,9.3,53,7.7,45,6.54,54,7.85,39,5.67,37,5.38,36,5.23,28,4.07,783,53.23,56,7.15,55,7.02,56,7.15,50,6.39,40,5.11,60,7.66,68,8.68,58,7.41,64,8.17,51,6.51,31,3.96,35,4.47,35,4.47,504,287,56.94,217,43.06,556,52,9.35,82,5.57,1272,86.47,7,0.48,6,0.41,1,0.07,50,3.4,89,6.05,10.86,25.11,2.11,22.47,4.85,27.32,5.38,2.92,26.55,58579,209551,33.6,0,0,0,0,16,2.94,8,1.47,0,0,0,0,50,9.19,461,84.74,27.02,7.35,0,0,0,41.91,21.51,14963436.5166016,16265.9447459997
130,, ,Ridgedale Park,Neighborhood, ,0,,, ,116.44,0.18,Ridgedale Park,B, ,,GIS,2022/05/24 00:00:00+00,{E4A162B2-1684-4E41-8FF4-5D7D9E83BEBA},9909.10824168233,"BlockApportionment:US.BlockGroups;PointsLayer:US.BlockPoints",1,251,US,2.576,2.191,2178,75.8,865,39.72,17,1.97,24,2.77,20,2.31,13,1.5,39,4.51,51,5.9,47,5.43,51,5.9,44,5.09,42,4.86,49,5.66,30,3.47,28,3.24,1313,60.28,12,0.91,33,2.51,20,1.52,18,1.37,23,1.75,52,3.96,33,2.51,49,3.73,47,3.58,45,3.43,44,3.35,33,2.51,39,2.97,1046,465,44.46,581,55.54,1196,150,12.54,1664,76.4,213,9.78,129,5.92,5,0.23,0,0,71,3.26,141,6.47,1.94,6.48,0,6.13,0.41,53.96,31.09,1.65,7.46,138970,644531,75.8,962,71.36,87,6.45,36,2.67,57,4.23,23,1.71,32,2.37,111,8.23,39,2.89,35.29,0,2.1,2.63,3.47,50.63,5.88,5071968.64672852,9909.10824168233
131,, ,Continental Colony,Neighborhood, ,0,,, ,91.93,0.14,Greenbriar,R,GIS,2022/05/24 00:00:00+00,GIS,2022/05/24 00:00:00+00,{BE846791-CAEA-400E-8BFC-8AA171F779EA},11589.2312443412,"BlockApportionment:US.BlockGroups;PointsLayer:US.BlockPoints",1,252,US,2.576,2.191,293,42.5,134,45.73,10,7.46,9,6.72,7,5.22,8,5.97,9,6.72,8,5.97,8,5.97,9,6.72,8,5.97,8,5.97,7,5.22,8,5.97,8,5.97,159,54.27,8,5.03,8,5.03,9,5.66,7,4.4,6,3.77,11,6.92,12,7.55,10,6.29,8,5.03,9,5.66,8,5.03,8,5.03,10,6.29,120,46,38.33,74,61.67,134,14,10.45,3,1.02,275,93.86,1,0.34,1,0.34,0,0,4,1.37,9,3.07,3.77,23.58,0.47,25,1.89,24.06,19.34,2.44,24.53,36063,275000,42.5,8,6.4,9,7.2,25,20,11,8.8,6,4.8,4,3.2,3,2.4,56,44.8,6.1,8.54,0,0,13.41,57.32,14.63,4139235.04736328,11589.2312443412
132,, ,Greenbriar,Neighborhood, ,0,,, ,655.27,1.02,Greenbriar,R, ,,GIS,2022/05/24 00:00:00+00,{03870B67-64B1-4A40-ADFB-85C5A5D8211B},37425.7240623149,"BlockApportionment:US.BlockGroups;PointsLayer:US.BlockPoints",1,253,US,2.576,2.191,3670,39.8,1578,43,127,8.05,123,7.79,119,7.54,100,6.34,104,6.59,108,6.84,103,6.53,90,5.7,86,5.45,65,4.12,80,5.07,71,4.5,65,4.12,2092,57,112,5.35,102,4.88,107,5.11,102,4.88,105,5.02,151,7.22,162,7.74,132,6.31,109,5.21,91,4.35,101,4.83,94,4.49,110,5.26,1685,396,23.5,1289,76.5,1790,105,5.87,36,0.98,3504,95.48,7,0.19,8,0.22,1,0.03,38,1.04,61,1.66,3.11,20.86,1.67,29.92,10.35,12.8,20.27,2.18,13.91,39656,289109,39.8,579,27.21,162,7.61,365,17.15,354,16.64,81,3.81,33,1.55,215,10.1,325,15.27,28.21,1.76,0,0,12.01,52.67,5.35,28408872.2565918,37425.7240623149
133,, ,Pine Hills,Neighborhood, ,0,,, ,717.21,1.12,Pine Hills,B, ,,GIS,2022/05/24 00:00:00+00,{10F152D5-1BBB-4A25-BC5C-D057095799B4},28115.1785313899,"BlockApportionment:US.BlockGroups;PointsLayer:US.BlockPoints",1,254,US,2.576,2.191,8326,34.3,4068,48.86,134,3.29,154,3.79,131,3.22,135,3.32,221,5.43,732,17.99,651,16,374,9.19,294,7.23,225,5.53,227,5.58,225,5.53,168,4.13,4258,51.14,154,3.62,116,2.72,104,2.44,135,3.17,313,7.35,749,17.59,608,14.28,350,8.22,325,7.63,237,5.57,219,5.14,203,4.77,182,4.27,4642,2272,48.94,2370,51.06,5143,501,9.74,4077,48.97,1984,23.83,952,11.43,42,0.5,1,0.01,479,5.75,1036,12.44,1.32,3.95,0.48,9.55,4.81,41.07,37,1.78,9.8,95313,566309,34.3,2085,37.82,1007,18.27,438,7.94,160,2.9,23,0.42,56,1.02,469,8.51,1216,22.06,25.43,0.75,3.26,0,3.87,64.26,1.14,31241690.6362305,28115.1785313899
134,, ,Paces,Neighborhood, ,0,,, ,1923.24,3.01,Paces,A, ,,GIS,2022/05/24 00:00:00+00,{CF687028-CD25-4D52-9226-452713E1CE06},55038.6959051733,"BlockApportionment:US.BlockGroups;PointsLayer:US.BlockPoints",1,255,US,2.576,2.191,3175,41.6,1558,49.07,67,4.3,86,5.52,102,6.55,103,6.61,82,5.26,84,5.39,119,7.64,104,6.68,112,7.19,118,7.57,125,8.02,114,7.32,89,5.71,1617,50.93,57,3.53,75,4.64,104,6.43,90,5.57,92,5.69,99,6.12,136,8.41,112,6.93,121,7.48,115,7.11,121,7.48,119,7.36,90,5.57,1580,944,59.75,636,40.25,1657,77,4.65,2243,70.65,505,15.91,190,5.98,7,0.22,0,0,39,1.23,141,4.44,1.51,3.67,0,5.91,4.7,39.13,45,2.01,1.88,175209,952303,41.6,247,17.03,177,12.21,95,6.55,85,5.86,21,1.45,8,0.55,169,11.66,649,44.76,19.27,0.41,3.52,0,0,73.55,1.66,83775987.9567871,55038.6959051733
135,, ,Atlanta Industrial Park,Neighborhood, ,0,,, ,419.49,0.66, ,G, ,,GIS,2022/05/24 00:00:00+00,{5C6A1F9B-D790-4363-8EE2-060D1E7581CF},20522.629722263,"BlockApportionment:US.BlockGroups;PointsLayer:US.BlockPoints",1,256,US,2.576,2.191,152,32.9,64,42.11,5,7.81,5,7.81,6,9.38,6,9.38,5,7.81,5,7.81,5,7.81,5,7.81,4,6.25,4,6.25,3,4.69,3,4.69,3,4.69,88,57.89,6,6.82,7,7.95,7,7.95,5,5.68,6,6.82,6,6.82,9,10.23,7,7.95,6,6.82,6,6.82,5,5.68,5,5.68,4,4.55,41,16,39.02,25,60.98,62,21,33.87,6,3.95,129,84.87,2,1.32,1,0.66,0,0,6,3.95,8,5.26,6.38,25.53,6.38,17.02,12.77,19.15,9.57,3.71,22.22,48562,350000,32.9,1,9.09,2,18.18,1,9.09,1,9.09,0,0,0,0,0,0,6,54.55,18.75,0,0,0,12.5,62.5,6.25,18273013.5166016,20522.629722263
136,, ,Bankhead/Bolton,Neighborhood, ,0,,, ,565.06,0.88,Bankhead-Bolton,H, ,,GIS,2022/05/24 00:00:00+00,{22AD0652-0948-4A94-A33E-BA00051526BD},25154.445034278,"BlockApportionment:US.BlockGroups;PointsLayer:US.BlockPoints",1,257,US,2.576,2.191,310,44.7,131,42.26,9,6.87,14,10.69,9,6.87,12,9.16,9,6.87,7,5.34,3,2.29,1,0.76,5,3.82,8,6.11,4,3.05,10,7.63,13,9.92,179,57.74,8,4.47,15,8.38,9,5.03,14,7.82,11,6.15,11,6.15,2,1.12,7,3.91,10,5.59,16,8.94,14,7.82,16,8.94,17,9.5,117,17,14.53,100,85.47,165,48,29.09,0,0,303,97.74,0,0,0,0,0,0,3,0.97,11,3.55,7.46,20.9,0,5.97,0,7.96,57.71,2.5,20.22,14746,38636,44.7,7,6.8,0,0,0,0,8,7.77,0,0,0,0,0,0,73,70.87,0,0,0,0,0,100,0,23974661.4941406,24639.3897855425
137,, ,Carroll Heights,Neighborhood, ,0,,, ,270.63,0.42,Carroll Heights,H, ,,GIS,2022/05/24 00:00:00+00,{1CBEBEB5-071A-436E-8750-470F53C7800D},15164.7933243396,"BlockApportionment:US.BlockGroups;PointsLayer:US.BlockPoints",1,258,US,2.576,2.191,1231,36.4,594,48.25,36,6.06,40,6.73,60,10.1,49,8.25,36,6.06,37,6.23,42,7.07,40,6.73,42,7.07,29,4.88,24,4.04,40,6.73,33,5.56,637,51.75,45,7.06,46,7.22,44,6.91,41,6.44,30,4.71,40,6.28,45,7.06,53,8.32,44,6.91,29,4.55,29,4.55,29,4.55,39,6.12,480,267,55.62,213,44.38,526,46,8.75,23,1.87,1133,92.04,1,0.08,0,0,0,0,32,2.6,50,4.06,8.46,48.51,5.22,11.57,8.33,11.82,3.11,2.56,51.6,26391,196377,36.4,9,1.36,6,0.91,0,0,0,0,4,0.61,0,0,6,0.91,637,96.37,7.92,0,0,0,17.36,68.3,6.42,11788398.2971191,15164.7933243396
138,, ,Brookhaven,Neighborhood, ,0,,, ,636.92,1,Brookhaven,B, ,,GIS,2022/05/24 00:00:00+00,{CDC5A9FB-29F8-4F51-97DA-ED8D9DB1482E},25663.8559895551,"BlockApportionment:US.BlockGroups;PointsLayer:US.BlockPoints",1,259,US,2.576,2.191,2335,47.8,1124,48.14,48,4.27,60,5.34,71,6.32,82,7.3,82,7.3,48,4.27,36,3.2,50,4.45,72,6.41,76,6.76,76,6.76,88,7.83,83,7.38,1211,51.86,60,4.95,71,5.86,64,5.28,63,5.2,58,4.79,51,4.21,49,4.05,50,4.13,77,6.36,63,5.2,85,7.02,70,5.78,81,6.69,925,722,78.05,203,21.95,987,62,6.28,2009,86.04,66,2.83,77,3.3,0,0,2,0.09,36,1.54,114,4.88,1.31,3.64,0,4.36,1.61,43.56,45.05,2.52,0,200001,1448000,47.8,128,15.84,150,18.56,0,0,12,1.49,73,9.03,0,0,30,3.71,415,51.36,41.32,0,0,0,0,57.88,0.66,27744187.4353027,25663.8559895551
139,, ,Chattahoochee,Neighborhood, ,0,,, ,207.77,0.32,Unnamed neighborhood,G, ,,GIS,2022/05/24 00:00:00+00,{9F8CAE1C-F82B-426A-AD7F-96797CC0E572},13091.3494736948,"BlockApportionment:US.BlockGroups;PointsLayer:US.BlockPoints",1,260,US,2.576,2.191,0,0,0,0,0,0,0,0,0,0,0,0,0,0,0,0,0,0,0,0,0,0,0,0,0,0,0,0,0,0,0,0,0,0,0,0,0,0,0,0,0,0,0,0,0,0,0,0,0,0,0,0,0,0,0,0,0,0,0,0,0,0,0,0,0,0,0,0,0,0,0,0,0,0,0,0,0,0,0,0,0,0,0,0,0,0,0,0,0,0,0,0,0,0,0,0,0,0,0,0,0,0,0,0,0,0,0,0,0,0,0,0,0,0,0,9050484.12182617,13091.3494736948
140,, ,English Park,Neighborhood, ,0,,, ,109.43,0.17, ,G, ,,GIS,2022/05/24 00:00:00+00,{F8E59CE8-DE93-406A-944A-E83719374C05},10805.7895170373,"BlockApportionment:US.BlockGroups;PointsLayer:US.BlockPoints",1,261,US,2.576,2.191,319,32.3,134,42.01,10,7.46,11,8.21,13,9.7,13,9.7,11,8.21,10,7.46,11,8.21,10,7.46,7,5.22,8,5.97,7,5.22,6,4.48,7,5.22,185,57.99,13,7.03,14,7.57,15,8.11,10,5.41,13,7.03,13,7.03,18,9.73,15,8.11,13,7.03,12,6.49,11,5.95,9,4.86,9,4.86,117,47,40.17,70,59.83,161,44,27.33,13,4.08,271,84.95,4,1.25,2,0.63,1,0.31,13,4.08,18,5.64,6.63,26.02,6.12,17.35,12.24,18.88,9.69,2.73,21.69,47903,357143,32.3,10,10.31,15,15.46,11,11.34,5,5.15,1,1.03,0,0,3,3.09,51,52.58,21.74,0,0,0,11.3,61.74,5.22,4766902.89453125,10805.7895170373
141,, ,Bakers Ferry,Neighborhood, ,0,,, ,160.59,0.25, ,H, ,,GIS,2022/05/24 00:00:00+00,{4E96DE27-5BE0-4151-883A-CEBEBDF7BB0A},11056.2889137944,"BlockApportionment:US.BlockGroups;PointsLayer:US.BlockPoints",1,262,US,2.576,2.191,531,47.8,235,44.26,12,5.11,13,5.53,17,7.23,17,7.23,12,5.11,14,5.96,14,5.96,14,5.96,13,5.53,11,4.68,14,5.96,14,5.96,13,5.53,296,55.74,11,3.72,11,3.72,9,3.04,14,4.73,9,3.04,18,6.08,21,7.09,9,3.04,21,7.09,14,4.73,15,5.07,13,4.39,22,7.43,205,94,45.85,111,54.15,229,24,10.48,4,0.75,487,91.71,1,0.19,3,0.56,0,0,22,4.14,33,6.21,8.87,36.45,2.71,19.46,9.85,12.07,7.64,2.59,39.01,21740,89815,47.8,83,37.05,35,15.62,0,0,0,0,23,10.27,0,0,0,0,82,36.61,7.75,15.5,0,0,18.6,58.91,0,6995126.49316406,11056.2889137944
142,, ,Oakland,Neighborhood, ,0,,, ,34.29,0.05, ,W, ,,GIS,2022/05/24 00:00:00+00,{CE6EE7C9-CC7E-45A3-9EFF-20068EBD178F},6452.29026689452,"BlockApportionment:US.BlockGroups;PointsLayer:US.BlockPoints",1,263,US,2.576,2.191,682,29.7,344,50.44,5,1.45,3,0.87,2,0.58,3,0.87,20,5.81,112,32.56,69,20.06,36,10.47,21,6.1,20,5.81,18,5.23,16,4.65,10,2.91,338,49.56,10,2.96,5,1.48,2,0.59,2,0.59,55,16.27,135,39.94,53,15.68,29,8.58,11,3.25,11,3.25,5,1.48,8,2.37,7,2.07,503,13,2.58,490,97.42,555,52,9.37,237,34.75,312,45.75,66,9.68,2,0.29,0,0,23,3.37,40,5.87,2.78,7.13,3.48,31.65,3.13,6.96,44.87,1.29,41.59,39746,140625,29.7,435,94.98,8,1.75,0,0,0,0,0,0,0,0,0,0,15,3.28,9.32,0,14.11,0,32.49,34.76,9.32,1493743.57202148,6452.29026689452
143,, ,Atlantic Station,Neighborhood, ,0,,, ,163.06,0.25,Home Park,E, ,,GIS,2022/05/24 00:00:00+00,{0E3C70B8-FB96-4598-9392-35B0449DF8FB},13535.8660379586,"BlockApportionment:US.BlockGroups;PointsLayer:US.BlockPoints",1,264,US,2.576,2.191,3172,32,1753,55.26,39,2.22,24,1.37,16,0.91,17,0.97,126,7.19,470,26.81,381,21.73,201,11.47,118,6.73,90,5.13,85,4.85,72,4.11,48,2.74,1419,44.74,38,2.68,24,1.69,19,1.34,15,1.06,176,12.4,375,26.43,239,16.84,138,9.73,84,5.92,79,5.57,80,5.64,53,3.74,38,2.68,2075,1058,50.99,1017,49.01,2314,239,10.33,1161,36.6,994,31.34,613,19.33,9,0.28,4,0.13,101,3.18,266,8.39,0.56,6.95,0,2.28,2.35,41.41,46.45,1.53,9.27,100245,363968,32,1778,79.91,81,3.64,0,0,0,0,0,0,41,1.84,120,5.39,206,9.26,28.71,1.34,4.53,5.69,7.3,51.41,0.88,7103043.56176758,13535.8660379586
144,, ,Carey Park,Neighborhood, ,0,,, ,333.4,0.52,Almond Park/Carey Park,G, ,,GIS,2022/05/24 00:00:00+00,{59A11237-1E08-4337-A2B1-1E28DC18B068},18163.7836230067,"BlockApportionment:US.BlockGroups;PointsLayer:US.BlockPoints",1,265,US,2.576,2.191,2054,27,906,44.11,129,14.24,120,13.25,99,10.93,73,8.06,56,6.18,53,5.85,51,5.63,55,6.07,49,5.41,30,3.31,33,3.64,31,3.42,40,4.42,1148,55.89,129,11.24,120,10.45,102,8.89,72,6.27,66,5.75,102,8.89,125,10.89,66,5.75,68,5.92,41,3.57,41,3.57,37,3.22,43,3.75,752,127,16.89,625,83.11,819,67,8.18,43,2.09,1900,92.5,8,0.39,1,0.05,0,0,47,2.29,79,3.85,15.62,42.56,0,10.29,1.56,24.08,0,2.66,38.4,18020,196500,27,135,13.12,71,6.9,112,10.88,214,20.8,0,0,75,7.29,24,2.33,398,38.68,10.89,3.27,0,0,18.74,62.96,4.36,14523032.7478027,18163.7836230067
145,, ,Regency Trace,Neighborhood, ,0,,, ,67.99,0.11, ,Q, ,,GIS,2022/05/24 00:00:00+00,{B1EE211E-A0E3-4828-9445-AF707FEE4853},7762.65758567367,"BlockApportionment:US.BlockGroups;PointsLayer:US.BlockPoints",1,266,US,2.576,2.191,318,41.7,157,49.37,10,6.37,11,7.01,11,7.01,10,6.37,11,7.01,11,7.01,10,6.37,11,7.01,9,5.73,9,5.73,11,7.01,8,5.1,12,7.64,161,50.63,4,2.48,5,3.11,8,4.97,10,6.21,10,6.21,10,6.21,11,6.83,10,6.21,9,5.59,13,8.07,10,6.21,11,6.83,12,7.45,102,81,79.41,21,20.59,109,7,6.42,4,1.26,297,93.4,1,0.31,1,0.31,0,0,6,1.89,10,3.14,11.06,12.83,0,8.41,14.6,22.12,29.2,3.12,35.77,43198,195000,41.7,0,0,0,0,0,0,0,0,0,0,0,0,0,0,138,100,5.63,0,0,0,6.06,77.06,11.26,2961741.89794922,7762.65758567367
146,, ,Horseshoe Community,Neighborhood, ,0,,, ,34.47,0.05,Horseshoe Community,I, ,,GIS,2022/05/24 00:00:00+00,{8C1A34BB-E563-493A-975A-49073E7B5C06},5542.42590647159,"BlockApportionment:US.BlockGroups;PointsLayer:US.BlockPoints",1,267,US,2.576,2.191,73,39.2,34,46.58,2,5.88,2,5.88,1,2.94,2,5.88,3,8.82,2,5.88,2,5.88,3,8.82,3,8.82,3,8.82,2,5.88,2,5.88,2,5.88,39,53.42,2,5.13,2,5.13,2,5.13,2,5.13,2,5.13,3,7.69,3,7.69,3,7.69,3,7.69,2,5.13,3,7.69,2,5.13,2,5.13,12,10,83.33,2,16.67,19,7,36.84,1,1.37,69,94.52,0,0,0,0,0,0,0,0,2,2.74,0,5.66,0,16.98,5.66,30.19,41.51,6.08,8.33,86037,350000,39.2,0,0,0,0,0,0,0,0,0,0,0,0,5,22.73,17,77.27,34.48,0,0,0,0,65.52,3.45,1501450.85424805,5542.42590647159
147,, ,State Facility,Neighborhood, ,0,,, ,117.07,0.18, ,W, ,,GIS,2022/05/24 00:00:00+00,{31FC66F7-DF02-405B-A38D-2F42AC9D2993},9840.42220270703,"BlockApportionment:US.BlockGroups;PointsLayer:US.BlockPoints",1,268,US,2.576,2.191,0,0,0,0,0,0,0,0,0,0,0,0,0,0,0,0,0,0,0,0,0,0,0,0,0,0,0,0,0,0,0,0,0,0,0,0,0,0,0,0,0,0,0,0,0,0,0,0,0,0,0,0,0,0,0,0,0,0,0,0,0,0,0,0,0,0,0,0,0,0,0,0,0,0,0,0,0,0,0,0,0,0,0,0,0,0,0,0,0,0,0,0,0,0,0,0,0,0,0,0,0,0,0,0,0,0,0,0,0,0,0,0,0,0,0,5099474.5144043,9840.42220270703
148,, ,South Oakes at Cascade,Neighborhood, ,0,,, ,22.74,0.04, ,P, ,,GIS,2022/05/24 00:00:00+00,{6F80AE8C-F059-421A-933D-5B0A1622954E},5754.36951972521,"BlockApportionment:US.BlockGroups;PointsLayer:US.BlockPoints",0,269,US,2.576,2.191,0,0,0,0,0,0,0,0,0,0,0,0,0,0,0,0,0,0,0,0,0,0,0,0,0,0,0,0,0,0,0,0,0,0,0,0,0,0,0,0,0,0,0,0,0,0,0,0,0,0,0,0,0,0,0,0,0,0,0,0,0,0,0,0,0,0,0,0,0,0,0,0,0,0,0,0,0,0,0,0,0,0,0,0,0,0,0,0,0,0,0,0,0,0,0,0,0,0,0,0,0,0,0,0,0,0,0,0,0,0,0,0,0,0,0,990553.385742188,5754.36951972521
149,, ,Buckhead Heights,Neighborhood, ,0,,, ,44.28,0.07,Lenox Superblock,B, ,,GIS,2022/05/24 00:00:00+00,{2A14DFAA-4FD3-48A9-BC1E-E882E422BA11},5885.04139069639,"BlockApportionment:US.BlockGroups;PointsLayer:US.BlockPoints",1,270,US,2.576,2.191,2842,33.1,1422,50.04,40,2.81,22,1.55,16,1.13,18,1.27,121,8.51,350,24.61,227,15.96,140,9.85,108,7.59,70,4.92,66,4.64,70,4.92,57,4.01,1420,49.96,48,3.38,31,2.18,22,1.55,24,1.69,83,5.85,358,25.21,246,17.32,129,9.08,78,5.49,82,5.77,68,4.79,55,3.87,51,3.59,1859,426,22.92,1433,77.08,2657,798,30.03,1654,58.2,585,20.58,305,10.73,4,0.14,2,0.07,88,3.1,252,8.87,0,2.61,0,17.91,8.77,49.21,21.51,1.53,10.3,112662,577815,33.1,1378,85.54,50,3.1,88,5.46,18,1.12,10,0.62,15,0.93,52,3.23,0,0,25.15,1.71,7.31,0,5.53,59.05,0,1928735.0168457,5885.04139069639
150,, ,Arlington Estates,Neighborhood, ,0,,, ,215.82,0.34,Arlington Estates,P, ,,GIS,2022/05/24 00:00:00+00,{E3AFD560-3D6D-43F5-87CE-106194973885},16164.9210792693,"BlockApportionment:US.BlockGroups;PointsLayer:US.BlockPoints",1,271,US,2.576,2.191,876,42.3,399,45.55,26,6.52,27,6.77,29,7.27,31,7.77,23,5.76,23,5.76,22,5.51,26,6.52,26,6.52,24,6.02,20,5.01,24,6.02,22,5.51,477,54.45,15,3.14,18,3.77,29,6.08,36,7.55,30,6.29,20,4.19,26,5.45,32,6.71,30,6.29,26,5.45,24,5.03,28,5.87,23,4.82,320,231,72.19,89,27.81,344,24,6.98,6,0.68,823,93.95,1,0.11,3,0.34,2,0.23,9,1.03,12,1.37,5.07,26.68,2.45,12.77,12.6,17.84,5.56,2.72,15.05,67581,275000,42.3,0,0,0,0,0,0,60,15.15,7,1.77,5,1.26,16,4.04,271,68.43,12.56,0,0,0,0,50.22,37,9401121.59155273,16164.9210792693
151,, ,Midwest Cascade,Neighborhood, ,0,,, ,596.48,0.93, ,Q, ,,GIS,2022/05/24 00:00:00+00,{C461405C-F4CA-491E-B400-92BA98E95C09},33072.6532443754,"BlockApportionment:US.BlockGroups;PointsLayer:US.BlockPoints",1,272,US,2.576,2.191,1383,50.3,670,48.45,28,4.18,31,4.63,33,4.93,35,5.22,38,5.67,36,5.37,31,4.63,35,5.22,39,5.82,37,5.52,51,7.61,55,8.21,52,7.76,713,51.55,32,4.49,36,5.05,35,4.91,37,5.19,26,3.65,29,4.07,37,5.19,37,5.19,39,5.47,31,4.35,52,7.29,62,8.7,51,7.15,577,505,87.52,72,12.48,584,7,1.2,17,1.23,1313,94.94,5,0.36,4,0.29,0,0,8,0.58,20,1.45,0.57,13.99,1.43,14.18,5.23,29.88,34.25,2.39,16.82,78550,455780,50.3,5,0.89,0,0,10,1.79,12,2.15,5,0.89,0,0,0,0,527,94.28,22.01,0.21,0,0,1.07,64.32,12.18,25982727.4313965,33072.6532443754
152,, ,Chastain Park,Neighborhood, ,0,,, ,1074.39,1.68,Chastain Park,A, ,,GIS,2022/05/24 00:00:00+00,{D98991CC-6F3B-46DD-ADCF-C9C90093626F},43348.7305343103,"BlockApportionment:US.BlockGroups;PointsLayer:US.BlockPoints",1,273,US,2.576,2.191,2097,41.7,1062,50.64,57,5.37,82,7.72,96,9.04,98,9.23,74,6.97,39,3.67,31,2.92,43,4.05,78,7.34,87,8.19,100,9.42,83,7.82,57,5.37,1035,49.36,55,5.31,75,7.25,81,7.83,95,9.18,63,6.09,38,3.67,23,2.22,46,4.44,82,7.92,88,8.5,107,10.34,82,7.92,52,5.02,763,724,94.89,39,5.11,795,32,4.03,1797,85.69,47,2.24,97,4.63,2,0.1,0,0,15,0.72,80,3.81,0,0.53,0.53,2.65,2.65,48.52,45.12,2.75,2.69,200001,1202020,41.7,24,3.64,15,2.27,0,0,0,0,2,0.3,0,0,41,6.21,578,87.58,32.81,0,4.37,0,0.73,60.51,1.22,46800117.7478027,43348.7305343103
153,, ,Mt. Paran Parkway,Neighborhood, ,0,,, ,90.58,0.14,Mount Paran Parkway,A, ,,GIS,2022/05/24 00:00:00+00,{FFBA337A-62F6-46EA-A02D-6311F86BDDC0},11081.6146788585,"BlockApportionment:US.BlockGroups;PointsLayer:US.BlockPoints",1,274,US,2.576,2.191,80,42.9,41,51.25,2,4.88,3,7.32,3,7.32,3,7.32,3,7.32,1,2.44,2,4.88,2,4.88,3,7.32,3,7.32,3,7.32,3,7.32,3,7.32,39,48.75,2,5.13,2,5.13,4,10.26,3,7.69,2,5.13,1,2.56,1,2.56,2,5.13,3,7.69,3,7.69,3,7.69,3,7.69,2,5.13,24,23,95.83,1,4.17,24,0,0,60,75,5,6.25,6,7.5,0,0,0,0,1,1.25,6,7.5,0,1.89,0,13.21,1.89,41.51,41.51,3.33,3.7,200001,1875000,42.9,1,3.85,0,0,0,0,0,0,0,0,0,0,0,0,25,96.15,8.57,0,0,0,0,91.43,2.86,3945506.45263672,11081.6146788585
154,, ,Old Fairburn Village,Neighborhood, ,0,,, ,20.8,0.03, ,P, ,,GIS,2022/05/24 00:00:00+00,{D442944E-02C2-404D-9244-7EDF146E656F},5236.25930776233,"BlockApportionment:US.BlockGroups;PointsLayer:US.BlockPoints",1,275,US,2.576,2.191,12,37.5,6,50,0,0,0,0,0,0,0,0,0,0,1,16.67,1,16.67,0,0,0,0,0,0,0,0,0,0,0,0,6,50,1,16.67,0,0,0,0,0,0,0,0,0,0,0,0,0,0,0,0,0,0,0,0,0,0,0,0,5,2,40,3,60,5,0,0,0,0,11,91.67,0,0,0,0,0,0,0,0,0,0,0,50,12.5,12.5,0,12.5,12.5,2.4,14.29,50000,250000,37.5,0,0,0,0,0,0,1,14.29,4,57.14,0,0,0,0,1,14.29,12.5,0,0,0,0,75,12.5,906050.088378906,5236.25930776233
155,, ,Cascade Green,Neighborhood, ,0,,, ,48.93,0.08, ,P, ,,GIS,2022/05/24 00:00:00+00,{A7DB3DF4-7D71-4EBF-9B02-8ACF3BB02D3D},6056.91540557231,"BlockApportionment:US.BlockGroups;PointsLayer:US.BlockPoints",1,276,US,2.576,2.191,416,45.4,179,43.03,9,5.03,10,5.59,12,6.7,8,4.47,12,6.7,12,6.7,13,7.26,9,5.03,12,6.7,12,6.7,14,7.82,14,7.82,12,6.7,237,56.97,10,4.22,12,5.06,12,5.06,12,5.06,11,4.64,12,5.06,14,5.91,12,5.06,14,5.91,16,6.75,19,8.02,16,6.75,14,5.91,192,146,76.04,46,23.96,200,8,4,5,1.2,387,93.03,2,0.48,1,0.24,0,0,3,0.72,4,0.96,4.55,23.7,1.3,21.1,7.79,16.23,24.35,2.17,16.48,66829,299265,45.4,0,0,0,0,0,0,0,0,3,1.6,0,0,31,16.49,154,81.91,21.82,10.91,0,0,10.45,54.09,3.18,2131199.37231445,6056.91540557231
156,, ,Perkerson,Neighborhood, ,0,,, ,607.81,0.95,Perkerson Park,X, ,,GIS,2022/05/24 00:00:00+00,{775531E3-4C24-4A06-B7E8-01BDCE1AE8EB},21348.8197950039,"BlockApportionment:US.BlockGroups;PointsLayer:US.BlockPoints",1,277,US,2.576,2.191,2334,42.9,1082,46.36,57,5.27,51,4.71,63,5.82,69,6.38,67,6.19,71,6.56,56,5.18,67,6.19,55,5.08,55,5.08,72,6.65,62,5.73,89,8.23,1252,53.64,72,5.75,67,5.35,75,5.99,77,6.15,80,6.39,57,4.55,85,6.79,73,5.83,81,6.47,61,4.87,66,5.27,67,5.35,84,6.71,1249,359,28.74,890,71.26,1371,122,8.9,121,5.18,1932,82.78,43,1.84,12,0.51,0,0,122,5.23,193,8.27,10.08,30.37,2.6,22.22,5.62,9.84,11.59,1.8,33.33,26987,276908,42.9,424,28.86,32,2.18,98,6.67,125,8.51,78,5.31,17,1.16,11,0.75,659,44.86,11.96,9.15,1.11,0,22.61,46.23,8.94,26475906.8259277,21348.8197950039
157,, ,Glenrose Heights,Neighborhood, ,0,,, ,892.5,1.39,Glenrose Heights,Z, ,,GIS,2022/05/24 00:00:00+00,{D550C0DE-5BCA-4834-A745-F2110B0DF177},29362.0536249219,"BlockApportionment:US.BlockGroups;PointsLayer:US.BlockPoints",1,278,US,2.576,2.191,4404,32.5,1932,43.87,186,9.63,189,9.78,204,10.56,145,7.51,122,6.31,116,6,145,7.51,125,6.47,140,7.25,102,5.28,113,5.85,83,4.3,88,4.55,2472,56.13,188,7.61,181,7.32,160,6.47,162,6.55,154,6.23,200,8.09,252,10.19,194,7.85,167,6.76,129,5.22,141,5.7,122,4.94,120,4.85,1738,531,30.55,1207,69.45,1991,253,12.71,103,2.34,4027,91.44,10,0.23,30,0.68,0,0,129,2.93,224,5.09,3.98,26.43,3.83,23.22,22.71,13.6,5.75,2.53,12.64,49404,192317,32.5,219,11.38,38,1.98,485,25.21,180,9.36,141,7.33,98,5.09,147,7.64,616,32.02,9.15,3.5,0,0,10.64,73.74,2.97,38877337.4770508,29362.0536249219
158,, ,Edmund Park,Neighborhood, ,0,,, ,19.27,0.03,Edmund Park,F, ,,GIS,2022/05/24 00:00:00+00,{20065007-F26D-4F56-89BB-83980A2ACF9A},5085.11150762675,"BlockApportionment:US.BlockGroups;PointsLayer:US.BlockPoints",1,279,US,2.576,2.191,243,30.6,115,47.33,5,4.35,4,3.48,1,0.87,2,1.74,12,10.43,24,20.87,12,10.43,11,9.57,8,6.96,9,7.83,6,5.22,10,8.7,3,2.61,128,52.67,4,3.12,2,1.56,4,3.12,3,2.34,22,17.19,34,26.56,15,11.72,8,6.25,10,7.81,5,3.91,5,3.91,4,3.12,4,3.12,97,27,27.84,70,72.16,99,2,2.02,182,74.9,21,8.64,16,6.58,0,0,0,0,5,2.06,16,6.58,0,1.1,0,3.85,5.49,43.41,46.15,2.51,5.88,132007,666667,30.6,24,26.09,29,31.52,16,17.39,0,0,1,1.09,0,0,3,3.26,20,21.74,17.7,0,0,0,6.19,69.03,7.08,839534.786376953,5085.11150762675
159,, ,Huntington,Neighborhood, ,0,,, ,34.42,0.05, ,P, ,,GIS,2022/05/24 00:00:00+00,{329667C6-F03C-42D6-A6FC-B7A38A9BB6AA},5279.42387554373,"BlockApportionment:US.BlockGroups;PointsLayer:US.BlockPoints",1,280,US,2.576,2.191,68,32.5,31,45.59,3,9.68,3,9.68,2,6.45,3,9.68,3,9.68,3,9.68,2,6.45,2,6.45,2,6.45,2,6.45,1,3.23,2,6.45,1,3.23,37,54.41,2,5.41,3,8.11,3,8.11,2,5.41,2,5.41,3,8.11,4,10.81,3,8.11,2,5.41,3,8.11,2,5.41,2,5.41,3,8.11,23,5,21.74,18,78.26,23,0,0,1,1.47,64,94.12,0,0,0,0,0,0,1,1.47,2,2.94,22.73,34.09,0,0,0,43.18,0,2.96,0,70312,625000,32.5,0,0,0,0,7,21.88,16,50,0,0,0,0,0,0,9,28.12,17.78,0,0,0,26.67,55.56,0,1499296.21386719,5279.42387554373
160,, ,Peyton Heights,Neighborhood, ,0,,, ,121.52,0.19,Peyton Heights,I,GIS,2019/04/18 00:00:00+00,GIS,2022/05/24 00:00:00+00,{C6D49604-829F-4AA9-94C9-73E035EE4C51},11928.8978690377,"BlockApportionment:US.BlockGroups;PointsLayer:US.BlockPoints",1,281,US,2.576,2.191,107,53.4,50,46.73,2,4,1,2,3,6,2,4,2,4,3,6,3,6,3,6,4,8,3,6,4,8,3,6,3,6,57,53.27,2,3.51,2,3.51,2,3.51,1,1.75,2,3.51,2,3.51,2,3.51,3,5.26,3,5.26,2,3.51,4,7.02,3,5.26,4,7.02,44,39,88.64,5,11.36,44,0,0,3,2.8,100,93.46,0,0,0,0,0,0,1,0.93,1,0.93,3.45,6.9,0,2.3,26.44,20.69,40.23,2.41,9.62,98120,357143,53.4,0,0,5,9.8,0,0,0,0,0,0,0,0,0,0,46,90.2,7.02,0,0,0,5.26,84.21,3.51,5293459.86230469,11928.8978690377
161,, ,Baker Hills at Campbellton,Neighborhood, ,0,,, ,149.47,0.23,Campbellton,R,GIS,2022/05/24 00:00:00+00,GIS,2022/05/24 00:00:00+00,{5EB79AF6-C62D-4308-A438-A0F7DF2F2890},12096.7614004779,"BlockApportionment:US.BlockGroups;PointsLayer:US.BlockPoints",1,282,US,2.576,2.191,430,33.4,200,46.51,20,10,19,9.5,14,7,10,5,12,6,18,9,21,10.5,14,7,9,4.5,13,6.5,12,6,10,5,13,6.5,230,53.49,15,6.52,16,6.96,16,6.96,16,6.96,14,6.09,15,6.52,22,9.57,17,7.39,15,6.52,10,4.35,11,4.78,12,5.22,17,7.39,179,47,26.26,132,73.74,219,40,18.26,3,0.7,393,91.4,1,0.23,2,0.47,1,0.23,7,1.63,17,3.95,0.36,30.58,8.27,30.94,12.23,13.31,0.72,2.4,54.05,28059,72222,33.4,5,1.93,1,0.39,85,32.82,32,12.36,5,1.93,0,0,8,3.09,98,37.84,5.52,0,3.87,0,13.26,44.75,32.6,6510778.59643555,12096.7614004779
162,, ,Bonnybrook Estates,Neighborhood, ,0,,, ,74.9,0.12,Greenbriar,R,GIS,2022/05/24 00:00:00+00,GIS,2022/05/24 00:00:00+00,{D00A0821-814D-4EB1-ADEB-4FB4580B7F07},8587.96516248984,"BlockApportionment:US.BlockGroups;PointsLayer:US.BlockPoints",1,283,US,2.576,2.191,470,44.8,215,45.74,15,6.98,14,6.51,10,4.65,12,5.58,15,6.98,13,6.05,13,6.05,15,6.98,13,6.05,13,6.05,11,5.12,13,6.05,13,6.05,255,54.26,11,4.31,12,4.71,13,5.1,11,4.31,9,3.53,17,6.67,17,6.67,15,5.88,12,4.71,14,5.49,12,4.71,14,5.49,17,6.67,177,69,38.98,108,61.02,211,34,16.11,5,1.06,439,93.4,1,0.21,1,0.21,0,0,7,1.49,15,3.19,3.74,24.71,0,25,0,25.57,18.97,2.66,25.66,36062,282143,44.8,12,6.19,14,7.22,38,19.59,12,6.19,9,4.64,7,3.61,0,0,96,49.48,2.42,9.68,0,0,12.1,58.87,16.13,3262659.03540039,8587.96516248984
163,, ,Morningside/Lenox Park,Neighborhood, ,0,,, ,1445.95,2.26,Morningside-Lenox Park,F, ,,GIS,2023/02/21 00:00:00+00,{0F0F81DD-5048-41DF-976F-9D82C35C6B0D},40253.4066416205,"BlockApportionment:US.BlockGroups;PointsLayer:US.BlockPoints",1,284,US,2.576,2.191,10921,36.9,5626,51.52,380,6.75,375,6.67,337,5.99,230,4.09,265,4.71,437,7.77,484,8.6,473,8.41,484,8.6,461,8.19,458,8.14,354,6.29,292,5.19,5295,48.48,360,6.8,334,6.31,314,5.93,237,4.48,283,5.34,492,9.29,580,10.95,461,8.71,456,8.61,344,6.5,357,6.74,264,4.99,219,4.14,4701,3250,69.13,1451,30.87,5032,331,6.58,8275,75.77,786,7.2,603,5.52,20,0.18,4,0.04,255,2.33,767,7.02,2.47,3.96,1.37,8.38,4.66,38.47,40.35,2.31,5.28,168382,880786,36.9,689,15.92,292,6.75,234,5.41,139,3.21,272,6.28,140,3.23,356,8.22,2207,50.98,24.98,0.16,2.46,1.84,2.07,65.03,3.45,64036556.6755371,40253.4066416205
164,, ,East Lake,Neighborhood, ,0,,, ,782.74,1.22,East Lake,O, ,,GIS,2023/02/21 00:00:00+00,{FA809309-67D3-459E-9D67-FB1AC9F689E6},40724.2139448219,"BlockApportionment:US.BlockGroups;PointsLayer:US.BlockPoints",1,285,US,2.576,2.191,3583,39.1,1690,47.17,138,8.17,155,9.17,113,6.69,76,4.5,50,2.96,72,4.26,124,7.34,175,10.36,181,10.71,137,8.11,127,7.51,96,5.68,81,4.79,1893,52.83,148,7.82,160,8.45,94,4.97,62,3.28,65,3.43,108,5.71,133,7.03,182,9.61,200,10.57,157,8.29,148,7.82,107,5.65,84,4.44,1379,1098,79.62,281,20.38,1500,121,8.07,1781,49.71,1390,38.79,66,1.84,6,0.17,2,0.06,49,1.37,170,4.74,3.01,8.84,1.15,14.5,9.75,37.44,23.85,2.6,4.66,135251,512439,39.1,11,0.64,1,0.06,47,2.71,3,0.17,1,0.06,59,3.41,73,4.21,1531,88.39,31.09,0.05,1.36,1.91,1.86,56.82,6.5,34182429.682373,40724.2139448219
165,, ,Audobon Forest West,Neighborhood, ,0,,, ,133.28,0.21,Audobon Forest West,I, ,,GIS,2022/05/24 00:00:00+00,{20934A29-AA78-4E9D-A22F-2910DB18A468},11817.2162135033,"BlockApportionment:US.BlockGroups;PointsLayer:US.BlockPoints",1,286,US,2.576,2.191,326,54,151,46.32,6,3.97,4,2.65,10,6.62,6,3.97,6,3.97,8,5.3,8,5.3,9,5.96,12,7.95,8,5.3,13,8.61,9,5.96,9,5.96,175,53.68,6,3.43,7,4,7,4,4,2.29,6,3.43,6,3.43,8,4.57,9,5.14,10,5.71,7,4,11,6.29,10,5.71,13,7.43,128,113,88.28,15,11.72,135,7,5.19,10,3.07,304,93.25,1,0.31,0,0,0,0,2,0.61,2,0.61,3.76,7.14,0,1.88,25.94,21.05,40.23,2.52,8.61,97579,360366,54,0,0,15,9.62,0,0,0,0,0,0,0,0,0,0,141,90.38,6.94,0,0,0,5.2,84.39,4.05,5805870.61474609,11817.2162135033
166,, ,Audobon Forest,Neighborhood, ,0,,, ,497.42,0.78,Audobon Forest,I, ,,GIS,2022/05/24 00:00:00+00,{7465F3E4-9466-46D5-8299-BD0A8EF959B0},26039.5522742525,"BlockApportionment:US.BlockGroups;PointsLayer:US.BlockPoints",1,287,US,2.576,2.191,736,52.3,344,46.74,13,3.78,11,3.2,23,6.69,14,4.07,16,4.65,17,4.94,19,5.52,20,5.81,24,6.98,20,5.81,28,8.14,24,6.98,22,6.4,392,53.26,14,3.57,17,4.34,16,4.08,10,2.55,14,3.57,14,3.57,17,4.34,21,5.36,25,6.38,17,4.34,24,6.12,23,5.87,28,7.14,314,268,85.35,46,14.65,328,14,4.27,23,3.12,685,93.07,1,0.14,1,0.14,0,0,4,0.54,6,0.82,4.08,10.71,0.85,5.44,20.92,22.79,35.2,2.32,8.17,89869,353179,52.3,0,0,31,8.49,8,2.19,5,1.37,0,0,0,0,0,0,321,87.95,8.44,0,0,0,5.54,82.59,3.17,21667356.8393555,26039.5522742525
167,, ,Cascade Heights,Neighborhood, ,0,,, ,659.5,1.03,Cascade Heights,I, ,,GIS,2022/05/24 00:00:00+00,{07A29FF9-9AF7-4BA7-8081-C6FB1AD8D5F2},43543.0064430356,"BlockApportionment:US.BlockGroups;PointsLayer:US.BlockPoints",1,288,US,2.576,2.191,1013,42.9,468,46.2,25,5.34,27,5.77,28,5.98,29,6.2,28,5.98,26,5.56,29,6.2,34,7.26,36,7.69,27,5.77,31,6.62,31,6.62,28,5.98,545,53.8,24,4.4,25,4.59,25,4.59,27,4.95,34,6.24,31,5.69,35,6.42,35,6.42,36,6.61,31,5.69,32,5.87,30,5.5,34,6.24,457,320,70.02,137,29.98,464,7,1.51,42,4.15,897,88.55,5,0.49,4,0.39,0,0,21,2.07,46,4.54,5.94,19.43,5.26,21.86,5.94,18.89,21.59,2.21,9.71,78843,350476,42.9,15,2.73,12,2.19,15,2.73,18,3.28,9,1.64,5,0.91,29,5.28,438,79.78,14.78,0.41,0,0.62,15.61,62.42,6.16,28727609.0385742,43543.0064430356
168,, ,Westview,Neighborhood, ,0,,, ,400.61,0.63,Westview,T, ,,GIS,2022/05/24 00:00:00+00,{EF5FC411-CFD8-4626-9C8C-59DB5B50EF81},19026.319549389,"BlockApportionment:US.BlockGroups;PointsLayer:US.BlockPoints",1,289,US,2.576,2.191,2758,38.3,1349,48.91,68,5.04,79,5.86,74,5.49,65,4.82,47,3.48,95,7.04,136,10.08,161,11.93,125,9.27,103,7.64,78,5.78,81,6,75,5.56,1409,51.09,76,5.39,84,5.96,58,4.12,72,5.11,90,6.39,95,6.74,133,9.44,147,10.43,105,7.45,80,5.68,87,6.17,78,5.54,69,4.9,1214,838,69.03,376,30.97,1399,185,13.22,425,15.41,2139,77.56,20,0.73,0,0,0,0,34,1.23,73,2.65,4.16,25.68,4.21,16.24,5.04,22.7,20.01,2.27,19.34,61858,406387,38.3,20,1.2,0,0,9,0.54,69,4.13,42,2.52,54,3.24,49,2.94,1426,85.44,20.28,5.6,1.95,0,6.03,63.09,3.05,17450290.1982422,19026.319549389
169,, ,West End,Neighborhood, ,0,,, ,680.99,1.06,West End,T, ,,GIS,2022/05/24 00:00:00+00,{27B4B1D9-613B-4D24-951B-10C43AD02A85},25641.3382498123,"BlockApportionment:US.BlockGroups;PointsLayer:US.BlockPoints",1,290,US,2.576,2.191,4527,37.6,2255,49.81,108,4.79,115,5.1,98,4.35,81,3.59,163,7.23,223,9.89,242,10.73,220,9.76,172,7.63,144,6.39,158,7.01,135,5.99,119,5.28,2272,50.19,116,5.11,96,4.23,92,4.05,88,3.87,181,7.97,219,9.64,217,9.55,205,9.02,176,7.75,151,6.65,115,5.06,124,5.46,141,6.21,2394,959,40.06,1435,59.94,2615,221,8.45,483,10.67,3695,81.62,77,1.7,4,0.09,0,0,60,1.33,137,3.03,4.87,20.06,4.43,16.73,9.12,21.78,18.5,1.88,18.63,52395,389671,37.6,212,8.7,278,11.41,207,8.49,151,6.2,137,5.62,192,7.88,64,2.63,1197,49.12,16.35,1.68,2.42,2,18.26,55.52,3.82,29663975.8381348,25641.3382498122
170,, ,Ashview Heights,Neighborhood, ,0,,, ,174.84,0.27,Ashview Heights,T, ,,GIS,2022/05/24 00:00:00+00,{C5382063-DD98-416E-BF59-994B77584168},13510.2857959763,"BlockApportionment:US.BlockGroups;PointsLayer:US.BlockPoints",1,291,US,2.576,2.191,1117,34.8,530,47.45,29,5.47,28,5.28,24,4.53,31,5.85,40,7.55,61,11.51,53,10,43,8.11,47,8.87,30,5.66,34,6.42,27,5.09,33,6.23,587,52.55,29,4.94,29,4.94,30,5.11,34,5.79,41,6.98,72,12.27,62,10.56,54,9.2,46,7.84,38,6.47,30,5.11,31,5.28,26,4.43,544,188,34.56,356,65.44,669,125,18.68,48,4.3,992,88.81,3,0.27,4,0.36,0,0,15,1.34,31,2.78,13.08,20.8,2.74,14.45,12.45,16.69,17.43,2.05,31.21,38873,327778,34.8,6,1.05,29,5.1,18,3.16,38,6.68,0,0,59,10.37,24,4.22,383,67.31,25.66,12.48,0,0,17.22,28.65,15.82,7615940.71606445,13510.2857959763
171,, ,Atlanta University Center,Neighborhood, ,0,,, ,331.57,0.52,Atlanta University,T, ,,GIS,2022/05/24 00:00:00+00,{D6CAF694-B83F-4CB9-B351-CA3E3145D0C7},21653.1806299149,"BlockApportionment:US.BlockGroups;PointsLayer:US.BlockPoints",1,292,US,2.576,2.191,4650,20.4,2157,46.39,9,0.42,13,0.6,17,0.79,899,41.68,861,39.92,77,3.57,30,1.39,42,1.95,22,1.02,30,1.39,21,0.97,13,0.6,28,1.3,2493,53.61,12,0.48,16,0.64,8,0.32,1206,48.38,1046,41.96,52,2.09,25,1,30,1.2,16,0.64,18,0.72,8,0.32,10,0.4,6,0.24,267,20,7.49,247,92.51,406,139,34.24,40,0.86,4535,97.53,10,0.22,3,0.06,3,0.06,9,0.19,73,1.57,11.23,29.77,3.03,7.84,9.45,16.4,17.11,2.56,52.78,14440,85000,20.4,94,27.98,0,0,117,34.82,31,9.23,11,3.27,3,0.89,19,5.65,61,18.15,29.11,0,28,0,9.78,28.78,4.33,14443249.7019043,21653.1806299149
172,, ,Hunter Hills,Neighborhood, ,0,,, ,322.58,0.5,Hunter Hills,K, ,,GIS,2022/05/24 00:00:00+00,{8A4F3C84-CCC3-478C-82BA-7E4174935428},15264.6398183679,"BlockApportionment:US.BlockGroups;PointsLayer:US.BlockPoints",1,293,US,2.576,2.191,1870,37.9,913,48.82,50,5.48,70,7.67,60,6.57,38,4.16,58,6.35,57,6.24,70,7.67,71,7.78,74,8.11,67,7.34,60,6.57,61,6.68,42,4.6,957,51.18,51,5.33,60,6.27,56,5.85,54,5.64,64,6.69,95,9.93,71,7.42,68,7.11,47,4.91,62,6.48,61,6.37,51,5.33,57,5.96,717,313,43.65,404,56.35,984,267,27.13,87,4.65,1670,89.3,13,0.7,3,0.16,0,0,9,0.48,58,3.1,6.04,27.35,3.13,22.54,5.73,10.08,23.22,2.51,22.85,52721,247115,37.9,0,0,0,0,75,7.52,14,1.4,123,12.34,65,6.52,0,0,698,70.01,21.06,6.51,2.23,0,9.93,42.81,17.47,14051490.0891113,15264.6398183679
173,, ,Historic Westin Heights/Bankhead,Neighborhood, ,0,,, ,416.09,0.65,Bankhead,K, ,,GIS,2022/05/24 00:00:00+00,{70303C29-B16F-4E33-9FEC-A33B2244D3AB},18650.2262996455,"BlockApportionment:US.BlockGroups;PointsLayer:US.BlockPoints",1,294,US,2.576,2.191,1950,37.9,1066,54.67,56,5.25,65,6.1,66,6.19,48,4.5,56,5.25,87,8.16,98,9.19,73,6.85,89,8.35,67,6.29,74,6.94,80,7.5,75,7.04,884,45.33,62,7.01,53,6,42,4.75,42,4.75,61,6.9,72,8.14,87,9.84,64,7.24,52,5.88,41,4.64,59,6.67,52,5.88,61,6.9,761,194,25.49,567,74.51,1021,260,25.47,166,8.51,1656,84.92,21,1.08,3,0.15,0,0,16,0.82,53,2.72,12.71,25.64,6.29,14.21,6.21,26.07,8.57,2.55,29.08,29816,135938,37.9,51,4.45,5,0.44,164,14.31,230,20.07,95,8.29,87,7.59,91,7.94,409,35.69,25.25,2.56,0,3.35,3.94,63.12,1.58,18124781.657959,18650.2262996455
174,, ,English Avenue,Neighborhood, ,0,,, ,519,0.81,English Avenue,L, ,,GIS,2022/05/24 00:00:00+00,{9B6F9DF9-B38E-46FB-993B-4D1DA42AC049},22909.9710898052,"BlockApportionment:US.BlockGroups;PointsLayer:US.BlockPoints",1,295,US,2.576,2.191,3749,28.2,1844,49.19,89,4.83,66,3.58,61,3.31,53,2.87,285,15.46,475,25.76,210,11.39,108,5.86,67,3.63,79,4.28,93,5.04,71,3.85,80,4.34,1905,50.81,59,3.1,59,3.1,62,3.25,61,3.2,439,23.04,516,27.09,179,9.4,77,4.04,79,4.15,63,3.31,72,3.78,55,2.89,56,2.94,2067,431,20.85,1636,79.15,3418,1351,39.53,590,15.74,2628,70.1,265,7.07,14,0.37,0,0,69,1.84,177,4.72,7.72,28.56,2.63,16.59,6.13,15.27,23.07,1.8,26.28,58389,374260,28.2,693,34.39,0,0,262,13,242,12.01,66,3.28,68,3.37,13,0.65,658,32.66,23.77,0,8.78,1.52,4.15,61.3,0.48,22607461.7646484,22909.9710898052
175,, ,Adair Park,Neighborhood, ,0,,, ,289.28,0.45,Adair Park,V, ,,GIS,2022/05/24 00:00:00+00,{D8FD5CB2-4D90-4EEB-A33A-B52E6D66E345},18817.4307127673,"BlockApportionment:US.BlockGroups;PointsLayer:US.BlockPoints",1,296,US,2.576,2.191,1507,36.9,762,50.56,37,4.86,31,4.07,28,3.67,30,3.94,63,8.27,76,9.97,95,12.47,77,10.1,56,7.35,41,5.38,58,7.61,28,3.67,48,6.3,745,49.44,47,6.31,38,5.1,22,2.95,21,2.82,62,8.32,77,10.34,71,9.53,70,9.4,44,5.91,47,6.31,39,5.23,36,4.83,49,6.58,719,350,48.68,369,51.32,810,91,11.23,345,22.89,1004,66.62,36,2.39,2,0.13,0,0,28,1.86,71,4.71,8.95,20.66,2.13,13.03,12.68,20.57,19.41,2.08,21.3,72531,408602,36.9,8,1.14,15,2.14,35,5,15,2.14,117,16.71,32,4.57,21,3,455,65,12.92,0,0,2.81,22.61,51.54,10.11,12600960.7851562,18817.4307127673
176,, ,Mechanicsville,Neighborhood, ,0,,, ,458.04,0.72,Mechanicsville,V, ,,GIS,2022/05/24 00:00:00+00,{A855553A-F773-43F8-B387-2141FA16789D},20670.8117902563,"BlockApportionment:US.BlockGroups;PointsLayer:US.BlockPoints",1,297,US,2.576,2.191,4609,32.4,2200,47.73,163,7.41,178,8.09,152,6.91,142,6.45,139,6.32,187,8.5,207,9.41,176,8,157,7.14,135,6.14,121,5.5,158,7.18,107,4.86,2409,52.27,152,6.31,185,7.68,159,6.6,181,7.51,170,7.06,275,11.42,255,10.59,235,9.76,183,7.6,102,4.23,118,4.9,86,3.57,94,3.9,2208,289,13.09,1919,86.91,2389,181,7.58,187,4.06,4190,90.91,30,0.65,5,0.11,0,0,30,0.65,87,1.89,9.14,36.98,2.21,20.85,5.02,12.38,8.17,1.99,33.55,25944,243571,32.4,1142,48.99,122,5.23,47,2.02,295,12.66,105,4.5,0,0,136,5.83,484,20.76,6.11,0,6.28,1.74,20.8,51.35,1.51,19952180.204834,20670.8117902563
177,, ,Capitol Gateway,Neighborhood, ,0,,, ,84.01,0.13,Capitol Homes,V, ,,GIS,2022/05/24 00:00:00+00,{3A97A58B-6747-4484-9522-91E111459365},7892.30943034778,"BlockApportionment:US.BlockGroups;PointsLayer:US.BlockPoints",1,298,US,2.576,2.191,1460,38.5,661,45.27,30,4.54,22,3.33,30,4.54,18,2.72,47,7.11,67,10.14,64,9.68,44,6.66,36,5.45,21,3.18,52,7.87,85,12.86,50,7.56,799,54.73,42,5.26,40,5.01,41,5.13,41,5.13,69,8.64,92,11.51,60,7.51,56,7.01,50,6.26,34,4.26,15,1.88,25,3.13,43,5.38,826,5,0.61,821,99.39,882,56,6.35,115,7.88,1231,84.32,36,2.47,8,0.55,0,0,21,1.44,52,3.56,3.14,30.54,3.32,17.53,13.38,10.89,18.91,1.74,33.47,20000,0,38.5,483,62.16,166,21.36,79,10.17,35,4.5,0,0,0,0,0,0,14,1.8,2.85,0,3.04,0,12.9,80.83,0.19,3659381.64306641,7892.30943034778
178,, ,Grant Park,Neighborhood, ,0,,, ,1108.24,1.73,Grant Park,W, ,,GIS,2022/05/24 00:00:00+00,{7FE35433-34E9-4BC6-89E4-040064B1C526},30379.4496815773,"BlockApportionment:US.BlockGroups;PointsLayer:US.BlockPoints",1,299,US,2.576,2.191,10413,34.7,5114,49.11,352,6.88,303,5.92,188,3.68,143,2.8,300,5.87,546,10.68,687,13.43,596,11.65,480,9.39,387,7.57,376,7.35,253,4.95,192,3.75,5299,50.89,312,5.89,269,5.08,184,3.47,150,2.83,377,7.11,742,14,728,13.74,585,11.04,466,8.79,366,6.91,305,5.76,217,4.1,161,3.04,5066,2715,53.59,2351,46.41,5643,577,10.23,6356,61.04,2493,23.94,388,3.73,24,0.23,9,0.09,160,1.54,739,7.1,0.97,5.9,1.01,9.61,3.8,42.95,35.48,2.03,5,132376,580388,34.7,1179,26.29,128,2.85,124,2.76,67,1.49,80,1.78,458,10.21,252,5.62,2179,48.58,35.86,1.73,3.28,1.39,3.58,51.41,2.78,48274661.4321289,30379.4496815774
179,, ,Hammond Park,Neighborhood, ,0,,, ,389.94,0.61,Hammond Park,X, ,,GIS,2022/05/24 00:00:00+00,{6B2192E3-7F7E-4944-A24B-70E9C23B7035},18065.8033105133,"BlockApportionment:US.BlockGroups;PointsLayer:US.BlockPoints",1,300,US,2.576,2.191,2427,39.3,1175,48.41,82,6.98,76,6.47,89,7.57,63,5.36,50,4.26,69,5.87,77,6.55,80,6.81,57,4.85,65,5.53,75,6.38,68,5.79,85,7.23,1252,51.59,68,5.43,63,5.03,94,7.51,67,5.35,68,5.43,96,7.67,118,9.42,76,6.07,70,5.59,63,5.03,72,5.75,61,4.87,93,7.43,797,186,23.34,611,76.66,971,174,17.92,117,4.82,1980,81.58,19,0.78,11,0.45,1,0.04,180,7.42,273,11.25,13.02,39.18,3.58,14.55,9.68,10.21,1.06,2.71,33.08,31779,232632,39.3,167,16.77,0,0,62,6.22,148,14.86,116,11.65,70,7.03,15,1.51,372,37.35,3.12,12.49,1.11,0,10.14,53.73,19.4,16985726.8144531,18065.8033105133
180,, ,Capitol View,Neighborhood, ,0,,, ,368.52,0.58,Capitol View,X, ,,GIS,2022/05/24 00:00:00+00,{D5304CF1-D578-45C5-86AB-49E143BBEB2F},19524.416890701,"BlockApportionment:US.BlockGroups;PointsLayer:US.BlockPoints",1,301,US,2.576,2.191,2454,37.8,1193,48.61,77,6.45,68,5.7,51,4.27,52,4.36,95,7.96,91,7.63,118,9.89,119,9.97,101,8.47,78,6.54,69,5.78,66,5.53,74,6.2,1261,51.39,58,4.6,57,4.52,54,4.28,59,4.68,89,7.06,105,8.33,122,9.67,110,8.72,93,7.38,71,5.63,58,4.6,67,5.31,70,5.55,1192,640,53.69,552,46.31,1547,355,22.95,538,21.92,1700,69.27,28,1.14,6,0.24,0,0,41,1.67,86,3.5,2.85,19.1,2.68,13.57,15.75,34.06,11.56,2.05,14.14,62767,308549,37.8,25,2.82,0,0,0,0,40,4.51,16,1.8,76,8.57,22,2.48,705,79.48,20.45,0.32,0.11,0,12.21,64.99,1.82,16052870.5273438,19524.416890701
181,, ,High Point,Neighborhood, ,0,,, ,65.21,0.1,High Point,Y, ,,GIS,2022/05/24 00:00:00+00,{261B198D-A526-4532-95B7-98C9646C8F0E},7025.15020048486,"BlockApportionment:US.BlockGroups;PointsLayer:US.BlockPoints",1,302,US,2.576,2.191,447,49.3,213,47.65,8,3.76,9,4.23,12,5.63,8,3.76,8,3.76,9,4.23,10,4.69,17,7.98,19,8.92,16,7.51,17,7.98,17,7.98,14,6.57,234,52.35,9,3.85,10,4.27,18,7.69,8,3.42,7,2.99,8,3.42,9,3.85,14,5.98,14,5.98,15,6.41,22,9.4,14,5.98,13,5.56,188,87,46.28,101,53.72,201,13,6.47,34,7.61,372,83.22,6,1.34,7,1.57,0,0,5,1.12,19,4.25,3.14,4.29,0,5.71,46,33.71,5.71,2.38,17.91,56096,389535,49.3,87,25.97,0,0,0,0,0,0,0,0,0,0,0,0,248,74.03,78.12,0,0,0,0,21.88,0,2840400.47094727,7025.15020048486
182,, ,Joyland,Neighborhood, ,0,,, ,86.37,0.13,Joyland,Y, ,,GIS,2022/05/24 00:00:00+00,{516A024F-6B8A-4EB5-B98D-250FBFF4A945},7962.46073640082,"BlockApportionment:US.BlockGroups;PointsLayer:US.BlockPoints",1,303,US,2.576,2.191,519,32.6,241,46.44,21,8.71,20,8.3,21,8.71,21,8.71,15,6.22,15,6.22,20,8.3,17,7.05,17,7.05,18,7.47,13,5.39,10,4.15,10,4.15,278,53.56,18,6.47,18,6.47,22,7.91,22,7.91,22,7.91,24,8.63,22,7.91,23,8.27,20,7.19,15,5.4,13,4.68,13,4.68,11,3.96,195,58,29.74,137,70.26,213,18,8.45,12,2.31,479,92.29,1,0.19,1,0.19,0,0,10,1.93,14,2.7,13.75,22.5,5,13.12,15.62,6.56,15.94,2.66,46.75,25546,251000,32.6,13,6.95,21,11.23,11,5.88,7,3.74,12,6.42,22,11.76,34,18.18,66,35.29,3,0,0,0,17,66,13,3762423.8293457,7962.46073640082
183,, ,Betmar LaVilla,Neighborhood, ,0,,, ,72.47,0.11,Betmar La Villa,Y, ,,GIS,2022/05/24 00:00:00+00,{B1E012FF-310C-40FE-A1EE-684FEA37C37A},9015.80149314284,"BlockApportionment:US.BlockGroups;PointsLayer:US.BlockPoints",1,304,US,2.576,2.191,772,38.4,348,45.08,14,4.02,14,4.02,18,5.17,22,6.32,27,7.76,36,10.34,31,8.91,31,8.91,31,8.91,30,8.62,21,6.03,21,6.03,13,3.74,424,54.92,22,5.19,20,4.72,20,4.72,23,5.42,35,8.25,34,8.02,29,6.84,31,7.31,41,9.67,35,8.25,24,5.66,20,4.72,21,4.95,399,193,48.37,206,51.63,433,34,7.85,50,6.48,665,86.14,5,0.65,0,0,0,0,18,2.33,25,3.24,6.09,12.72,2.15,7.53,14.7,19,35.66,1.93,19.11,67771,205743,38.4,68,14.85,11,2.4,52,11.35,46,10.04,15,3.28,18,3.93,140,30.57,102,22.27,19.18,13.55,0,0,11.25,53.45,2.56,3156767.59155273,9015.80149314284
184,, ,The Villages at Carver,Neighborhood, ,0,,, ,108.05,0.17,Carver Homes,Y, ,,GIS,2022/05/24 00:00:00+00,{1C318454-84A7-4344-BC90-BC8E43C9CA27},9706.39374907782,"BlockApportionment:US.BlockGroups;PointsLayer:US.BlockPoints",1,305,US,2.576,2.191,1865,28.4,797,42.73,92,11.54,97,12.17,108,13.55,60,7.53,46,5.77,77,9.66,71,8.91,56,7.03,53,6.65,24,3.01,33,4.14,19,2.38,20,2.51,1068,57.27,81,7.58,74,6.93,99,9.27,88,8.24,73,6.84,91,8.52,118,11.05,95,8.9,67,6.27,48,4.49,36,3.37,37,3.46,34,3.18,794,8,1.01,786,98.99,869,75,8.63,11,0.59,1772,95.01,11,0.59,1,0.05,2,0.11,14,0.75,33,1.77,13.09,23.69,2.01,30.75,11.65,9.93,2.96,2.35,40.5,23471,0,28.4,142,19.89,158,22.13,92,12.89,197,27.59,30,4.2,0,0,23,3.22,50,7,0,0,0,0,19.91,68.33,11.99,4706681.21850586,9706.39374907783
185,, ,Fort McPherson,Neighborhood, ,0,,, ,515.65,0.81,Fort McPherson,S, ,,GIS,2022/05/24 00:00:00+00,{599C9196-A55D-4D03-A77F-55C24D008CCC},19595.1073253378,"BlockApportionment:US.BlockGroups;PointsLayer:US.BlockPoints",1,306,US,2.576,2.191,274,42.2,118,43.07,7,5.93,8,6.78,9,7.63,5,4.24,6,5.08,8,6.78,7,5.93,8,6.78,8,6.78,4,3.39,5,4.24,8,6.78,7,5.93,156,56.93,10,6.41,8,5.13,10,6.41,6,3.85,9,5.77,13,8.33,12,7.69,6,3.85,7,4.49,9,5.77,5,3.21,7,4.49,10,6.41,109,15,13.76,94,86.24,118,9,7.63,5,1.82,257,93.8,0,0,1,0.36,0,0,4,1.46,8,2.92,3.06,40.31,0,18.88,12.76,7.14,10.2,2.51,43.86,12462,172727,42.2,8,6.9,14,12.07,23,19.83,25,21.55,27,23.28,0,0,0,0,18,15.52,18.56,0,0,0,0,81.44,0,22461587.1811523,19595.1073253378
186,, ,Venetian Hills,Neighborhood, ,0,,, ,615.88,0.96,Venetian Hills,S, ,,GIS,2022/05/24 00:00:00+00,{7741E693-091A-4BA3-A44C-881B49ED3C50},23347.8723944053,"BlockApportionment:US.BlockGroups;PointsLayer:US.BlockPoints",1,307,US,2.576,2.191,3553,39.6,1732,48.75,100,5.77,107,6.18,107,6.18,131,7.56,83,4.79,96,5.54,136,7.85,128,7.39,124,7.16,122,7.04,119,6.87,101,5.83,121,6.99,1821,51.25,95,5.22,101,5.55,108,5.93,114,6.26,96,5.27,96,5.27,145,7.96,158,8.68,129,7.08,114,6.26,103,5.66,108,5.93,104,5.71,1402,795,56.7,607,43.3,1648,246,14.93,183,5.15,3145,88.52,11,0.31,14,0.39,0,0,65,1.83,92,2.59,6.05,37.59,3.9,10.04,15.01,19.04,5.69,2.52,24.31,40288,314841,39.6,3,0.14,0,0,72,3.39,42,1.98,33,1.56,76,3.58,34,1.6,1862,87.79,13.23,1.74,3.32,0,18.03,61.36,2.27,26827771.1213379,23347.8723944053
187,, ,Pomona Park,Neighborhood, ,0,,, ,46.73,0.07,Pamond Park,R, ,,GIS,2022/05/24 00:00:00+00,{D4354C45-AC27-41E6-A3F3-322A84940530},6808.41670417019,"BlockApportionment:US.BlockGroups;PointsLayer:US.BlockPoints",1,308,US,2.576,2.191,116,35,52,44.83,3,5.77,4,7.69,5,9.62,3,5.77,4,7.69,4,7.69,4,7.69,3,5.77,4,7.69,2,3.85,3,5.77,3,5.77,4,7.69,64,55.17,4,6.25,5,7.81,5,7.81,4,6.25,3,4.69,5,7.81,6,9.38,5,7.81,3,4.69,4,6.25,3,4.69,4,6.25,4,6.25,47,6,12.77,41,87.23,54,7,12.96,1,0.86,109,93.97,1,0.86,0,0,0,0,1,0.86,3,2.59,5.19,57.14,0,14.29,16.88,6.49,0,2.47,35.29,27120,25000,35,0,0,8,12.9,15,24.19,2,3.23,28,45.16,0,0,2,3.23,7,11.29,0,0,0,0,67.37,31.58,0,2035340.61181641,6808.41670417019
188,, ,Fort Valley,Neighborhood, ,0,,, ,23.11,0.04,Fort Valley,R, ,,GIS,2022/05/24 00:00:00+00,{8FE5DE3F-CB5E-44F1-9246-952DD08BB6CE},4199.58966260641,"BlockApportionment:US.BlockGroups;PointsLayer:US.BlockPoints",1,309,US,2.576,2.191,221,35.2,99,44.8,6,6.06,7,7.07,9,9.09,6,6.06,7,7.07,7,7.07,8,8.08,5,5.05,7,7.07,5,5.05,6,6.06,6,6.06,8,8.08,122,55.2,8,6.56,9,7.38,9,7.38,7,5.74,6,4.92,9,7.38,11,9.02,9,7.38,6,4.92,7,5.74,6,4.92,8,6.56,8,6.56,94,12,12.77,82,87.23,195,101,51.79,2,0.9,208,94.12,1,0.45,1,0.45,0,0,3,1.36,6,2.71,4.83,57.93,0,13.79,16.55,6.9,0,2.35,34.88,31212,25000,35.2,0,0,28,12.56,53,23.77,6,2.69,103,46.19,0,0,8,3.59,25,11.21,0,0,0,0,67.65,32.35,0,1006873.64355469,4199.58966260641
189,, ,Laurens Valley,Neighborhood, ,0,,, ,124.57,0.19,Laurens Valley,R, ,,GIS,2022/05/24 00:00:00+00,{8B6E4A13-C490-46C7-BC50-A020A0D85BF2},9536.40418603651,"BlockApportionment:US.BlockGroups;PointsLayer:US.BlockPoints",1,310,US,2.576,2.191,318,34.6,142,44.65,13,9.15,13,9.15,13,9.15,10,7.04,8,5.63,8,5.63,9,6.34,10,7.04,10,7.04,8,5.63,7,4.93,7,4.93,7,4.93,176,55.35,12,6.82,12,6.82,11,6.25,13,7.39,14,7.95,11,6.25,15,8.52,13,7.39,11,6.25,11,6.25,8,4.55,9,5.11,9,5.11,111,51,45.95,60,54.05,120,9,7.5,20,6.29,263,82.7,2,0.63,1,0.31,0,0,15,4.72,32,10.06,5.05,39.9,10.1,22.22,1.01,7.58,9.09,2.86,21.36,61470,414286,34.6,4,3.39,0,0,12,10.17,20,16.95,4,3.39,6,5.08,6,5.08,67,56.78,27.93,1.8,0,0,18.02,45.05,6.31,5426095.94433594,9536.40418603651
190,, ,Heritage Valley,Neighborhood, ,0,,, ,243.23,0.38,Heritage Valley,P, ,,GIS,2022/05/24 00:00:00+00,{111063FC-582A-4C1D-8E3B-0D4B026AE98E},13757.6846810949,"BlockApportionment:US.BlockGroups;PointsLayer:US.BlockPoints",1,311,US,2.576,2.191,634,45.6,273,43.06,14,5.13,15,5.49,18,6.59,13,4.76,18,6.59,19,6.96,19,6.96,14,5.13,18,6.59,18,6.59,21,7.69,21,7.69,18,6.59,361,56.94,15,4.16,18,4.99,18,4.99,18,4.99,17,4.71,18,4.99,21,5.82,18,4.99,21,5.82,25,6.93,29,8.03,25,6.93,21,5.82,251,191,76.1,60,23.9,264,13,4.92,7,1.1,591,93.22,2,0.32,1,0.16,0,0,5,0.79,7,1.1,4.47,23.83,1.28,21.06,7.87,16.17,24.26,2.53,16.32,67332,297778,45.6,0,0,0,0,0,0,0,0,4,1.61,0,0,41,16.53,203,81.85,22.02,10.71,0,0,10.12,53.87,3.27,10595220.6870117,13757.6846810949
191,, ,Ben Hill Acres,Neighborhood, ,0,,, ,94.39,0.15,Ben Hill Acres,P, ,,GIS,2022/05/24 00:00:00+00,{8F9411A4-3EAC-4F1B-996D-299BAFED6293},8507.05382829485,"BlockApportionment:US.BlockGroups;PointsLayer:US.BlockPoints",1,312,US,2.576,2.191,190,37.1,90,47.37,7,7.78,7,7.78,6,6.67,7,7.78,6,6.67,5,5.56,8,8.89,5,5.56,6,6.67,3,3.33,5,5.56,5,5.56,6,6.67,100,52.63,6,6,6,6,7,7,6,6,6,6,6,6,7,7,7,7,6,6,5,5,6,6,7,7,5,5,80,39,48.75,41,51.25,80,0,0,2,1.05,179,94.21,0,0,0,0,0,0,3,1.58,6,3.16,0,25.2,11.81,18.9,7.87,12.6,21.26,2.38,26.32,57803,289062,37.1,4,5,2,2.5,6,7.5,19,23.75,16,20,2,2.5,0,0,28,35,12.68,0,0,0,23.94,57.75,4.23,4111583.31884766,8507.05382829485
192,, ,Rue Royal,Neighborhood, ,0,,, ,22.54,0.04,Rue Royal,P, ,,GIS,2022/05/24 00:00:00+00,{66081CF1-4142-420D-BCDE-9E0D08E4375B},4574.55699209909,"BlockApportionment:US.BlockGroups;PointsLayer:US.BlockPoints",1,313,US,2.576,2.191,29,37.5,13,44.83,1,7.69,1,7.69,1,7.69,0,0,1,7.69,1,7.69,1,7.69,1,7.69,1,7.69,1,7.69,1,7.69,0,0,1,7.69,16,55.17,1,6.25,1,6.25,1,6.25,0,0,1,6.25,2,12.5,1,6.25,1,6.25,1,6.25,0,0,1,6.25,1,6.25,1,6.25,21,6,28.57,15,71.43,21,0,0,0,0,28,96.55,0,0,0,0,0,0,0,0,1,3.45,0,13.64,9.09,31.82,13.64,22.73,0,1.38,21.05,43924,233333,37.5,8,42.11,3,15.79,1,5.26,0,0,0,0,3,15.79,0,0,4,21.05,0,0,0,0,28.57,57.14,14.29,982002.572753906,4574.55699209909
193,, ,Ben Hill Pines,Neighborhood, ,0,,, ,45.46,0.07,Ben Hill Pines,P, ,,GIS,2022/05/24 00:00:00+00,{71BB65A0-8A33-417A-991D-89C28A64D475},8094.00603165724,"BlockApportionment:US.BlockGroups;PointsLayer:US.BlockPoints",1,314,US,2.576,2.191,197,42.3,85,43.15,5,5.88,7,8.24,4,4.71,3,3.53,4,4.71,8,9.41,10,11.76,4,4.71,7,8.24,4,4.71,5,5.88,3,3.53,7,8.24,112,56.85,6,5.36,3,2.68,5,4.46,3,2.68,7,6.25,10,8.93,10,8.93,5,4.46,4,3.57,3,2.68,5,4.46,6,5.36,9,8.04,70,19,27.14,51,72.86,70,0,0,3,1.52,187,94.92,1,0.51,0,0,0,0,1,0.51,4,2.03,0.66,12.5,11.18,32.89,13.16,21.71,0,2.81,20.69,46819,229545,42.3,24,42.11,8,14.04,3,5.26,0,0,0,0,8,14.04,1,1.75,13,22.81,0,0,0,0,26.83,57.32,15.85,1980057.9765625,8094.00603165724
194,, ,Ben Hill Forest,Neighborhood, ,0,,, ,95.8,0.15,Ben Hill Forest,P, ,,GIS,2022/05/24 00:00:00+00,{3C878933-0F32-4151-891B-28D6073FE50B},8245.15811988483,"BlockApportionment:US.BlockGroups;PointsLayer:US.BlockPoints",1,315,US,2.576,2.191,867,41.5,377,43.48,23,6.1,31,8.22,17,4.51,13,3.45,20,5.31,35,9.28,43,11.41,19,5.04,30,7.96,17,4.51,23,6.1,15,3.98,30,7.96,490,56.52,25,5.1,16,3.27,22,4.49,12,2.45,30,6.12,46,9.39,43,8.78,23,4.69,19,3.88,15,3.06,21,4.29,27,5.51,40,8.16,417,112,26.86,305,73.14,422,5,1.18,13,1.5,822,94.81,4,0.46,2,0.23,0,0,6,0.69,17,1.96,0.61,12.79,10.65,32.27,13.24,22.07,0.15,2.08,21.04,47065,231154,41.5,158,41.25,55,14.36,23,6.01,0,0,1,0.26,53,13.84,4,1.04,89,23.24,0.75,0,0,0,26,58,15.5,4173013.65942383,8245.15811988483
195,, ,Deerwood,Neighborhood, ,0,,, ,118.22,0.18,Deerwood,P, ,,GIS,2022/05/24 00:00:00+00,{211F218A-ADB4-4B32-BA66-A7E614697603},9925.80623093036,"BlockApportionment:US.BlockGroups;PointsLayer:US.BlockPoints",1,316,US,2.576,2.191,629,36.8,284,45.15,17,5.99,17,5.99,17,5.99,33,11.62,21,7.39,20,7.04,26,9.15,19,6.69,16,5.63,15,5.28,16,5.63,14,4.93,17,5.99,345,54.85,20,5.8,20,5.8,21,6.09,26,7.54,22,6.38,12,3.48,25,7.25,29,8.41,26,7.54,17,4.93,23,6.67,18,5.22,20,5.8,292,217,74.32,75,25.68,335,43,12.84,10,1.59,592,94.12,6,0.95,2,0.32,0,0,6,0.95,24,3.82,25.3,26.02,0,18.8,12.53,2.41,14.94,2.15,0,67568,116935,36.8,0,0,0,0,0,0,0,0,0,0,0,0,18,7.26,229,92.34,11.23,0,0,0,0,47.1,0,5149805.6784668,9925.80623093037
196,, ,Wildwood Forest,Neighborhood, ,0,,, ,66.54,0.1,Wildwood Forest,P, ,,GIS,2022/05/24 00:00:00+00,{A44D051D-5F5E-46EE-9E04-285FAC754B42},6951.04846772432,"BlockApportionment:US.BlockGroups;PointsLayer:US.BlockPoints",1,317,US,2.576,2.191,185,42.3,84,45.41,5,5.95,6,7.14,6,7.14,7,8.33,5,5.95,5,5.95,5,5.95,5,5.95,6,7.14,5,5.95,4,4.76,5,5.95,5,5.95,101,54.59,3,2.97,4,3.96,6,5.94,8,7.92,6,5.94,4,3.96,6,5.94,7,6.93,6,5.94,6,5.94,5,4.95,6,5.94,5,4.95,66,48,72.73,18,27.27,78,12,15.38,1,0.54,174,94.05,0,0,1,0.54,0,0,2,1.08,3,1.62,5.43,27.13,2.33,12.4,12.4,17.83,5.43,2.79,14.67,69409,250000,42.3,0,0,0,0,0,0,14,15.38,2,2.2,1,1.1,4,4.4,62,68.13,13.19,0,0,0,0,50.55,37.36,2898583.29394531,6951.04846772432
197,, ,Fairway Acres,Neighborhood, ,0,,, ,123.54,0.19,Fairview Acres,P, ,,GIS,2022/05/24 00:00:00+00,{A1CB4A09-E5DD-4657-8D52-05FB05B09CA5},14408.8797223066,"BlockApportionment:US.BlockGroups;PointsLayer:US.BlockPoints",1,318,US,2.576,2.191,528,42.3,241,45.64,15,6.22,16,6.64,18,7.47,19,7.88,14,5.81,14,5.81,13,5.39,15,6.22,16,6.64,15,6.22,12,4.98,14,5.81,13,5.39,287,54.36,9,3.14,11,3.83,17,5.92,22,7.67,18,6.27,12,4.18,16,5.57,19,6.62,18,6.27,16,5.57,14,4.88,17,5.92,14,4.88,217,156,71.89,61,28.11,217,0,0,4,0.76,496,93.94,1,0.19,2,0.38,1,0.19,5,0.95,7,1.33,5.14,26.76,2.43,12.7,12.43,17.84,5.68,2.42,15.06,68116,268750,42.3,0,0,0,0,0,0,38,14.9,4,1.57,3,1.18,10,3.92,174,68.24,12.63,0,0,0,0,50.18,37.19,5381332.97241211,14408.8797223066
198,, ,Greenbriar Village,Neighborhood, ,0,,, ,40.11,0.06,Greenbriar Village,P, ,,GIS,2022/05/24 00:00:00+00,{C7DCAF44-90BD-410C-BC07-16EE7B572E63},5347.55175198345,"BlockApportionment:US.BlockGroups;PointsLayer:US.BlockPoints",1,319,US,2.576,2.191,167,41.7,83,49.7,5,6.02,6,7.23,6,7.23,5,6.02,6,7.23,6,7.23,5,6.02,6,7.23,4,4.82,5,6.02,6,7.23,4,4.82,6,7.23,84,50.3,2,2.38,3,3.57,4,4.76,5,5.95,5,5.95,5,5.95,6,7.14,5,5.95,5,5.95,7,8.33,5,5.95,6,7.14,7,8.33,54,43,79.63,11,20.37,55,1,1.82,2,1.2,156,93.41,0,0,1,0.6,0,0,3,1.8,5,2.99,11.02,12.71,0,8.47,14.41,22.03,29.66,3.09,36.11,44613,193182,41.7,0,0,0,0,0,0,0,0,0,0,0,0,0,0,68,100,5.88,0,0,0,5.88,77.31,10.92,1747126.07788086,5347.55175198345
199,, ,Niskey Lake,Neighborhood, ,0,,, ,270.02,0.42,Niskey Lake,P, ,,GIS,2022/05/24 00:00:00+00,{73535AC2-D3F1-4F48-868B-EFA049F2411E},15881.6188280283,"BlockApportionment:US.BlockGroups;PointsLayer:US.BlockPoints",1,320,US,2.576,2.191,1629,33.1,684,41.99,70,10.23,65,9.5,63,9.21,70,10.23,36,5.26,35,5.12,53,7.75,35,5.12,40,5.85,25,3.65,23,3.36,32,4.68,32,4.68,945,58.01,57,6.03,78,8.25,90,9.52,57,6.03,41,4.34,77,8.15,66,6.98,80,8.47,63,6.67,42,4.44,36,3.81,45,4.76,53,5.61,570,230,40.35,340,59.65,616,46,7.47,13,0.8,1566,96.13,4,0.25,1,0.06,0,0,12,0.74,21,1.29,7.78,9.98,12.38,14.47,0.4,21.76,33.13,2.86,17.73,39642,446250,33.1,52,10.55,0,0,102,20.69,120,24.34,56,11.36,0,0,0,0,162,32.86,4.2,0,0,0,10.04,85.58,0.18,11762231.4326172,15881.6188280283
200,, ,Kings Forest,Neighborhood, ,0,,, ,419.04,0.65,Kings Forest,P, ,,GIS,2022/05/24 00:00:00+00,{5BE770B1-714E-44ED-AE52-50387859B395},18128.653664152,"BlockApportionment:US.BlockGroups;PointsLayer:US.BlockPoints",1,321,US,2.576,2.191,1577,37.3,750,47.56,62,8.27,58,7.73,47,6.27,59,7.87,50,6.67,43,5.73,64,8.53,42,5.6,48,6.4,29,3.87,44,5.87,41,5.47,52,6.93,827,52.44,47,5.68,48,5.8,55,6.65,48,5.8,53,6.41,48,5.8,61,7.38,57,6.89,53,6.41,40,4.84,46,5.56,59,7.13,43,5.2,642,309,48.13,333,51.87,702,60,8.55,17,1.08,1486,94.23,1,0.06,0,0,0,0,21,1.33,52,3.3,0,24.98,12.11,18.97,7.63,12.77,21.07,2.46,25.67,58132,292323,37.3,34,4.89,21,3.02,51,7.34,163,23.45,140,20.14,21,3.02,0,0,243,34.96,12.08,0,0,0,24.87,58.67,4.55,18253393.1396484,18128.653664152
201,, ,Whittier Mill Village,Neighborhood, ,0,,, ,203.22,0.32,Whittier Village,D, ,,GIS,2022/05/24 00:00:00+00,{FF5EA60A-EAA0-4D1A-A36A-6A73E65B3B3F},12243.6947272527,"BlockApportionment:US.BlockGroups;PointsLayer:US.BlockPoints",1,322,US,2.576,2.191,1225,35.3,614,50.12,47,7.65,50,8.14,37,6.03,35,5.7,22,3.58,30,4.89,73,11.89,88,14.33,69,11.24,52,8.47,48,7.82,22,3.58,15,2.44,611,49.88,45,7.36,49,8.02,36,5.89,33,5.4,26,4.26,32,5.24,85,13.91,82,13.42,68,11.13,52,8.51,36,5.89,19,3.11,18,2.95,484,357,73.76,127,26.24,499,15,3.01,552,45.06,466,38.04,39,3.18,6,0.49,1,0.08,57,4.65,123,10.04,0,15.88,0,0.71,0,59.83,23.58,2.52,4.62,153949,500727,35.3,16,3.99,21,5.24,39,9.73,0,0,0,0,19,4.74,37,9.23,269,67.08,23.24,3.43,0,0,3.24,68.19,1.9,8852402.390625,12243.6947272527
202,, ,Hills Park,Neighborhood, ,0,,, ,968.8,1.51,Hills Park,D, ,,GIS,2022/05/24 00:00:00+00,{40F0B28C-64FB-4C17-9996-4D20DEA752CC},30539.1559600583,"BlockApportionment:US.BlockGroups;PointsLayer:US.BlockPoints",1,323,US,2.576,2.191,1303,35.7,649,49.81,50,7.7,53,8.17,40,6.16,31,4.78,24,3.7,41,6.32,73,11.25,81,12.48,76,11.71,58,8.94,47,7.24,30,4.62,17,2.62,654,50.19,56,8.56,56,8.56,32,4.89,25,3.82,33,5.05,44,6.73,67,10.24,90,13.76,70,10.7,50,7.65,44,6.73,26,3.98,16,2.45,470,342,72.77,128,27.23,492,22,4.47,733,56.25,338,25.94,53,4.07,4,0.31,0,0,44,3.38,121,9.29,2.55,4.22,0,14.43,2.44,46.5,27.86,2.77,5.9,200001,484298,35.7,36,10.43,2,0.58,5,1.45,25,7.25,5,1.45,0,0,14,4.06,259,75.07,32.59,0.74,0,0,0,61.3,4.63,42200629.5695801,30539.1559600583
203,, ,Bolton Hills,Neighborhood, ,0,,, ,46.62,0.07,Bolton Hills,G, ,,GIS,2022/05/24 00:00:00+00,{40CF5C4C-A8BE-4B8D-991F-74137FDFCB3B},5954.92816358133,"BlockApportionment:US.BlockGroups;PointsLayer:US.BlockPoints",1,324,US,2.576,2.191,135,33.4,63,46.67,4,6.35,5,7.94,6,9.52,6,9.52,4,6.35,4,6.35,6,9.52,3,4.76,6,9.52,2,3.17,4,6.35,4,6.35,3,4.76,72,53.33,6,8.33,4,5.56,4,5.56,3,4.17,6,8.33,8,11.11,4,5.56,4,5.56,6,8.33,4,5.56,4,5.56,3,4.17,2,2.78,48,20,41.67,28,58.33,58,10,17.24,10,7.41,107,79.26,2,1.48,0,0,1,0.74,7,5.19,11,8.15,5.75,42.53,3.45,19.54,27.59,0,1.15,2.81,0,60759,175000,33.4,0,0,0,0,20,37.74,6,11.32,0,0,0,0,0,0,23,43.4,5.56,0,0,0,14.81,55.56,24.07,2030575.27807617,5954.92816358133
204,, ,Carver Hills,Neighborhood, ,0,,, ,207.13,0.32,Carver Hills,G, ,,GIS,2022/05/24 00:00:00+00,{1DE8E79D-19B2-438E-81CB-6F5BCA0E930A},18173.1575253171,"BlockApportionment:US.BlockGroups;PointsLayer:US.BlockPoints",1,325,US,2.576,2.191,728,32.2,340,46.7,32,9.41,33,9.71,31,9.12,30,8.82,20,5.88,20,5.88,32,9.41,27,7.94,18,5.29,15,4.41,18,5.29,16,4.71,18,5.29,388,53.3,29,7.47,26,6.7,28,7.22,24,6.19,30,7.73,30,7.73,35,9.02,33,8.51,29,7.47,18,4.64,17,4.38,18,4.64,18,4.64,243,100,41.15,143,58.85,274,31,11.31,50,6.87,613,84.2,9,1.24,7,0.96,1,0.14,12,1.65,34,4.67,12.84,35.59,7.66,29.95,6.08,3.83,4.05,3,41.92,36969,157407,32.2,71,20.88,0,0,17,5,5,1.47,0,0,9,2.65,12,3.53,222,65.29,5.79,0,0,0,25.4,48.55,20.58,9022436.93579102,18173.1575253171
205,, ,Almond Park,Neighborhood, ,0,,, ,337.31,0.53,Almond Park/Carey Park,G, ,,GIS,2022/05/24 00:00:00+00,{E2D6AFCD-7D75-40E1-A900-D1EAE71266E2},18366.2129130469,"BlockApportionment:US.BlockGroups;PointsLayer:US.BlockPoints",1,326,US,2.576,2.191,963,28.9,432,44.86,55,12.73,52,12.04,46,10.65,34,7.87,23,5.32,25,5.79,27,6.25,28,6.48,26,6.02,18,4.17,16,3.7,14,3.24,24,5.56,531,55.14,54,10.17,50,9.42,43,8.1,34,6.4,32,6.03,48,9.04,59,11.11,38,7.16,31,5.84,23,4.33,21,3.95,18,3.39,19,3.58,362,57,15.75,305,84.25,392,30,7.65,16,1.66,903,93.77,3,0.31,4,0.42,0,0,14,1.45,21,2.18,7.78,59.07,0,12.96,0,16.67,0,2.66,38.66,29007,176250,28.9,83,15.17,50,9.14,55,10.05,128,23.4,0,0,25,4.57,24,4.39,181,33.09,5.86,11.42,0,0,9.26,70.99,2.47,14693291.3776855,18366.2129130469
206,, ,Browns Mill Park,Neighborhood, ,0,,, ,656.34,1.03,Browns Mill Park,Z, ,,GIS,2022/05/24 00:00:00+00,{CFF2126B-68F1-4DC6-9A8C-8E869C1C2AA6},31132.9218989219,"BlockApportionment:US.BlockGroups;PointsLayer:US.BlockPoints",1,327,US,2.576,2.191,2605,36.2,1232,47.29,92,7.47,98,7.95,95,7.71,88,7.14,91,7.39,75,6.09,93,7.55,101,8.2,85,6.9,64,5.19,65,5.28,61,4.95,58,4.71,1373,52.71,70,5.1,79,5.75,102,7.43,78,5.68,88,6.41,92,6.7,112,8.16,104,7.57,101,7.36,87,6.34,64,4.66,69,5.03,85,6.19,1075,538,50.05,537,49.95,1207,132,10.94,79,3.03,2323,89.17,7,0.27,7,0.27,0,0,115,4.41,175,6.72,13.56,33.43,2.2,19.58,2.84,12.8,10.6,2.42,31.62,36672,221591,36.2,83,8.48,31,3.17,12,1.23,161,16.45,25,2.55,31,3.17,37,3.78,593,60.57,15.19,0,0,0,5.28,67.64,10.96,28589892.5871582,31132.9218989219
207,, ,Swallow Circle/Baywood,Neighborhood, ,0,,, ,199.5,0.31,Swallow Circle/Baywood,Z, ,,GIS,2022/05/24 00:00:00+00,{C7B1F20E-0B9F-462D-A588-A10F009201C3},12494.8820472887,"BlockApportionment:US.BlockGroups;PointsLayer:US.BlockPoints",1,328,US,2.576,2.191,519,34.3,241,46.44,17,7.05,15,6.22,23,9.54,16,6.64,19,7.88,25,10.37,14,5.81,15,6.22,18,7.47,12,4.98,14,5.81,15,6.22,11,4.56,278,53.56,23,8.27,20,7.19,19,6.83,18,6.47,12,4.32,22,7.91,20,7.19,21,7.55,16,5.76,17,6.12,10,3.6,15,5.4,13,4.68,190,114,60,76,40,222,32,14.41,35,6.74,441,84.97,2,0.39,2,0.39,0,0,20,3.85,35,6.74,7.1,18.64,0,34.91,10.06,20.71,5.62,2.73,48.33,43473,112500,34.3,0,0,0,0,0,0,9,3.16,0,0,0,0,0,0,265,92.98,20.13,24.53,0,0,0,49.06,6.29,8689997.12744141,12494.8820472887
208,, ,Polar Rock,Neighborhood, ,0,,, ,299.83,0.47,Polar Rock,Z, ,,GIS,2022/05/24 00:00:00+00,{7A0CC076-8AF4-485F-8F32-0F6991CE7E2F},16462.8112488756,"BlockApportionment:US.BlockGroups;PointsLayer:US.BlockPoints",1,329,US,2.576,2.191,959,31.2,454,47.34,33,7.27,39,8.59,40,8.81,34,7.49,34,7.49,45,9.91,38,8.37,22,4.85,26,5.73,29,6.39,29,6.39,17,3.74,17,3.74,505,52.66,40,7.92,48,9.5,28,5.54,29,5.74,44,8.71,42,8.32,38,7.52,42,8.32,25,4.95,21,4.16,28,5.54,21,4.16,27,5.35,343,187,54.52,156,45.48,396,53,13.38,84,8.76,782,81.54,4,0.42,4,0.42,1,0.1,26,2.71,75,7.82,14.31,31.35,4.94,20.27,8.18,11.07,9.88,2.8,53.37,41180,42661,31.2,0,0,0,0,0,0,0,0,0,0,19,4.7,0,0,384,95.05,0.38,0.38,8.35,0,9.3,45.54,36.05,13060667.6821289,16462.8112488756
209,, ,Sylvan Hills,Neighborhood, ,0,,, ,1052.92,1.65,Sylvan Hills,X, ,,GIS,2022/05/24 00:00:00+00,{EFB04CA7-E97E-46C8-84BA-1A9798F7C9A6},34348.5593064734,"BlockApportionment:US.BlockGroups;PointsLayer:US.BlockPoints",1,330,US,2.576,2.191,4606,37.8,2177,47.26,144,6.61,131,6.02,98,4.5,115,5.28,156,7.17,155,7.12,218,10.01,187,8.59,145,6.66,128,5.88,138,6.34,136,6.25,132,6.06,2429,52.74,136,5.6,145,5.97,125,5.15,106,4.36,138,5.68,181,7.45,234,9.63,201,8.28,155,6.38,139,5.72,136,5.6,120,4.94,148,6.09,1963,902,45.95,1061,54.05,2195,232,10.57,577,12.53,3680,79.9,52,1.13,14,0.3,0,0,67,1.45,174,3.78,5.56,31.36,1.93,15.77,11.51,18.76,12.39,2.31,14.16,57243,321429,37.8,68,3.22,102,4.83,41,1.94,124,5.87,189,8.95,110,5.21,70,3.31,1406,66.57,21.83,0.26,2.06,0,11.85,61.04,2.96,45865190.3071289,34348.5593064734
210,, ,Capitol View Manor,Neighborhood, ,0,,, ,146.86,0.23,Capitol View Manor,X, ,,GIS,2022/05/24 00:00:00+00,{83DC077C-28F5-4484-BED2-EB34D1267071},11071.568535204,"BlockApportionment:US.BlockGroups;PointsLayer:US.BlockPoints",1,331,US,2.576,2.191,578,41.4,296,51.21,8,2.7,12,4.05,16,5.41,12,4.05,16,5.41,21,7.09,40,13.51,25,8.45,25,8.45,19,6.42,21,7.09,16,5.41,19,6.42,282,48.79,12,4.26,5,1.77,16,5.67,14,4.96,8,2.84,31,10.99,33,11.7,7,2.48,21,7.45,25,8.87,11,3.9,12,4.26,11,3.9,253,172,67.98,81,32.02,282,29,10.28,123,21.28,418,72.32,6,1.04,2,0.35,0,0,4,0.69,28,4.84,1.75,28.6,0,17.69,2.62,21.83,21.18,2.28,2.32,165029,316667,41.4,0,0,0,0,0,0,23,5.53,0,0,0,0,0,0,393,94.47,43.91,0,0,0,0,56.09,0,6397086.04077148,11071.568535204
211,, ,Amal Heights,Neighborhood, ,0,,, ,36.42,0.06,Amal Heights,Y, ,,GIS,2022/05/24 00:00:00+00,{404C3E0A-5EB5-49FE-8B54-8A03A4D612EC},6472.24074482636,"BlockApportionment:US.BlockGroups;PointsLayer:US.BlockPoints",1,332,US,2.576,2.191,1011,32.5,470,46.49,40,8.51,39,8.3,40,8.51,40,8.51,29,6.17,29,6.17,39,8.3,33,7.02,34,7.23,35,7.45,25,5.32,20,4.26,19,4.04,541,53.51,35,6.47,35,6.47,42,7.76,42,7.76,43,7.95,47,8.69,43,7.95,45,8.32,40,7.39,28,5.18,25,4.62,25,4.62,22,4.07,383,113,29.5,270,70.5,387,4,1.03,23,2.27,933,92.28,2,0.2,2,0.2,0,0,19,1.88,28,2.77,13.67,22.67,4.98,13.02,15.59,6.59,15.92,2.64,46.73,25281,254082,32.5,25,7.31,39,11.4,20,5.85,13,3.8,21,6.14,41,11.99,63,18.42,121,35.38,3.3,0,0,0,17.45,66.51,12.74,1586489.06982422,6472.24074482636
212,, ,West Lake,Neighborhood, ,0,,, ,185.45,0.29,West Lake,J, ,,GIS,2022/05/24 00:00:00+00,{075310B8-F0F0-4434-96B4-E2D519FEF105},12575.3874739811,"BlockApportionment:US.BlockGroups;PointsLayer:US.BlockPoints",1,333,US,2.576,2.191,1012,44.3,518,51.19,19,3.67,21,4.05,29,5.6,28,5.41,22,4.25,27,5.21,30,5.79,40,7.72,33,6.37,36,6.95,43,8.3,46,8.88,36,6.95,494,48.81,34,6.88,35,7.09,28,5.67,27,5.47,28,5.67,25,5.06,34,6.88,27,5.47,28,5.67,24,4.86,27,5.47,29,5.87,28,5.67,408,161,39.46,247,60.54,505,97,19.21,47,4.64,929,91.8,2,0.2,3,0.3,1,0.1,8,0.79,25,2.47,4.85,22.37,1.62,11.99,7.55,47.44,3.1,2.3,51.24,18292,208824,44.3,85,10.24,49,5.9,4,0.48,10,1.2,0,0,25,3.01,0,0,657,79.16,17.68,0,1.93,0,13.18,62.7,5.14,8078169.76611328,12575.3874739811
213,, ,Lakewood Heights,Neighborhood, ,0,,, ,882.83,1.38,Lakewood Heights,Y, ,,GIS,2022/05/24 00:00:00+00,{8183053D-F0BB-4392-8F26-7BD8B44BD3EF},35541.3395092643,"BlockApportionment:US.BlockGroups;PointsLayer:US.BlockPoints",1,334,US,2.576,2.191,1759,33.8,840,47.75,57,6.79,53,6.31,62,7.38,61,7.26,58,6.9,103,12.26,79,9.4,68,8.1,59,7.02,48,5.71,47,5.6,39,4.64,25,2.98,919,52.25,55,5.98,52,5.66,57,6.2,54,5.88,61,6.64,81,8.81,86,9.36,71,7.73,79,8.6,70,7.62,40,4.35,45,4.9,38,4.13,669,351,52.47,318,47.53,769,100,13,143,8.13,1454,82.66,10,0.57,6,0.34,1,0.06,48,2.73,82,4.66,7.07,20.45,4.46,15.74,13.38,20.37,16.75,2.63,20.55,56678,247866,33.8,63,7.72,1,0.12,28,3.43,112,13.73,5,0.61,3,0.37,61,7.48,538,65.93,26.42,5.21,0,0,7.82,49.64,10.9,38456138.0969238,35541.3395092643
214,, ,South Atlanta,Neighborhood, ,0,,, ,295.67,0.46,South Atlanta,Y, ,,GIS,2022/05/24 00:00:00+00,{B33D913B-ADBE-4777-A8B1-AF1E72F83CEE},17023.7348647979,"BlockApportionment:US.BlockGroups;PointsLayer:US.BlockPoints",1,335,US,2.576,2.191,1879,34.2,899,47.84,56,6.23,61,6.79,65,7.23,41,4.56,68,7.56,87,9.68,96,10.68,82,9.12,67,7.45,53,5.9,57,6.34,46,5.12,43,4.78,980,52.16,51,5.2,56,5.71,62,6.33,54,5.51,88,8.98,84,8.57,101,10.31,76,7.76,76,7.76,55,5.61,50,5.1,49,5,44,4.49,791,338,42.73,453,57.27,883,92,10.42,232,12.35,1490,79.3,8,0.43,3,0.16,1,0.05,37,1.97,75,3.99,9.56,21.39,9.8,17.79,13.87,13.09,12.62,2.37,26.88,50278,286957,34.2,19,2.5,47,6.19,121,15.94,77,10.14,0,0,10,1.32,18,2.37,458,60.34,13.93,4.64,1.5,0,8.61,56.28,14.34,12879253.1552734,17023.7348647979
215,, ,Collier Heights,Neighborhood, ,0,,, ,1247.12,1.95,Collier Heights,I, ,,GIS,2022/05/24 00:00:00+00,{EF80017E-56AA-410C-8268-AF51AF95DACA},30902.6954995164,"BlockApportionment:US.BlockGroups;PointsLayer:US.BlockPoints",1,336,US,2.576,2.191,5270,41.4,2380,45.16,125,5.25,144,6.05,199,8.36,144,6.05,139,5.84,153,6.43,165,6.93,183,7.69,143,6.01,132,5.55,137,5.76,126,5.29,148,6.22,2890,54.84,131,4.53,141,4.88,174,6.02,172,5.95,148,5.12,137,4.74,218,7.54,173,5.99,175,6.06,171,5.92,150,5.19,169,5.85,204,7.06,2259,1187,52.55,1072,47.45,2532,273,10.78,134,2.54,4923,93.42,16,0.3,9,0.17,1,0.02,36,0.68,108,2.05,5.44,32.54,3.73,16.07,1.33,24.17,15.54,2.33,23.32,39878,228305,41.4,426,16.28,41,1.57,163,6.23,0,0,24,0.92,53,2.03,52,1.99,1703,65.07,12.97,3.33,4.42,0,14.58,60.33,4.36,54324347.5095215,30902.6954995164
216,, ,Ivan Hill,Neighborhood, ,0,,, ,64.65,0.1,Ivan Hill,I, ,,GIS,2022/05/24 00:00:00+00,{19F5045B-B48E-4108-B654-1A5BFF723872},7480.24036136394,"BlockApportionment:US.BlockGroups;PointsLayer:US.BlockPoints",0,337,US,2.576,2.191,0,0,0,0,0,0,0,0,0,0,0,0,0,0,0,0,0,0,0,0,0,0,0,0,0,0,0,0,0,0,0,0,0,0,0,0,0,0,0,0,0,0,0,0,0,0,0,0,0,0,0,0,0,0,0,0,0,0,0,0,0,0,0,0,0,0,0,0,0,0,0,0,0,0,0,0,0,0,0,0,0,0,0,0,0,0,0,0,0,0,0,0,0,0,0,0,0,0,0,0,0,0,0,0,0,0,0,0,0,0,0,0,0,0,0,2815961.35546875,7480.24036136393
217,, ,Chalet Woods,Neighborhood, ,0,,, ,76.75,0.12,Chalet Woods,I, ,,GIS,2022/05/24 00:00:00+00,{69C4F8B7-A683-414B-B3D9-CE83CCE52A6D},7410.57763350917,"BlockApportionment:US.BlockGroups;PointsLayer:US.BlockPoints",1,338,US,2.576,2.191,289,44,134,46.37,7,5.22,8,5.97,7,5.22,9,6.72,4,2.99,6,4.48,8,5.97,11,8.21,11,8.21,11,8.21,8,5.97,8,5.97,8,5.97,155,53.63,4,2.58,5,3.23,6,3.87,9,5.81,10,6.45,9,5.81,9,5.81,12,7.74,11,7.1,7,4.52,8,5.16,8,5.16,11,7.1,123,103,83.74,20,16.26,123,0,0,5,1.73,269,93.08,0,0,0,0,0,0,3,1.04,5,1.73,2.28,19.18,2.74,8.22,10.05,32.42,25.11,2.35,11.11,96088,288095,44,0,0,0,0,0,0,0,0,0,0,0,0,0,0,107,100,20.21,0,5.32,0,10.64,59.57,4.26,3343174.93359375,7410.57763350917
218,, ,Florida Heights,Neighborhood, ,0,,, ,247.1,0.39,Florida Heights,I, ,,GIS,2022/05/24 00:00:00+00,{08804E6E-9958-45D0-8108-3F9552BC87B7},14626.5649874691,"BlockApportionment:US.BlockGroups;PointsLayer:US.BlockPoints",1,339,US,2.576,2.191,1029,35.6,475,46.16,32,6.74,34,7.16,36,7.58,43,9.05,29,6.11,26,5.47,38,8,31,6.53,32,6.74,30,6.32,30,6.32,27,5.68,26,5.47,554,53.84,32,5.78,34,6.14,34,6.14,36,6.5,41,7.4,41,7.4,50,9.03,46,8.3,36,6.5,37,6.68,31,5.6,24,4.33,30,5.42,385,138,35.84,247,64.16,494,109,22.06,23,2.24,966,93.88,3,0.29,0,0,0,0,12,1.17,30,2.92,12.41,30.72,7.09,25.85,7.39,13,3.55,2.67,43.08,36440,171250,35.6,51,8.72,0,0,152,25.98,30,5.13,53,9.06,66,11.28,32,5.47,201,34.36,3.55,0,12.9,0,26.13,57.42,0.65,10763710.4882812,14626.5649874691
219,, ,Green Acres Valley,Neighborhood, ,0,,, ,48.76,0.08,Green Acres Valley,I, ,,GIS,2022/05/24 00:00:00+00,{A4D428B4-F5CD-4308-A5D8-BEDFB6B99195},5838.72643558473,"BlockApportionment:US.BlockGroups;PointsLayer:US.BlockPoints",1,340,US,2.576,2.191,141,49.2,61,43.26,3,4.92,3,4.92,2,3.28,3,4.92,4,6.56,3,4.92,3,4.92,4,6.56,5,8.2,4,6.56,5,8.2,3,4.92,4,6.56,80,56.74,3,3.75,2,2.5,2,2.5,3,3.75,4,5,3,3.75,5,6.25,5,6.25,6,7.5,6,7.5,4,5,4,5,5,6.25,66,55,83.33,11,16.67,66,0,0,2,1.42,131,92.91,1,0.71,1,0.71,0,0,2,1.42,3,2.13,1.79,8.04,0,0.89,8.93,34.82,45.54,2.05,10.71,80645,320588,49.2,0,0,0,0,0,0,0,0,0,0,0,0,21,38.89,34,62.96,23.08,15.38,0,0,6.41,55.13,0,2123882.50927734,5838.72643558473
220,, ,Green Forest Acres,Neighborhood, ,0,,, ,101.41,0.16,Green Forest Acres,I, ,,GIS,2022/05/24 00:00:00+00,{45742EE9-CDE8-456B-A876-C88370B1A543},10358.5924216649,"BlockApportionment:US.BlockGroups;PointsLayer:US.BlockPoints",1,341,US,2.576,2.191,232,49.6,106,45.69,4,3.77,4,3.77,5,4.72,6,5.66,7,6.6,5,4.72,6,5.66,7,6.6,8,7.55,7,6.6,9,8.49,7,6.6,7,6.6,126,54.31,4,3.17,4,3.17,4,3.17,5,3.97,7,5.56,5,3.97,7,5.56,8,6.35,9,7.14,7,5.56,8,6.35,7,5.56,8,6.35,99,84,84.85,15,15.15,99,0,0,4,1.72,213,91.81,1,0.43,1,0.43,0,0,4,1.72,6,2.59,5.49,9.89,3.85,15.38,8.24,25.27,31.87,2.29,5.3,89048,291667,49.6,0,0,0,0,0,0,0,0,0,0,0,0,16,12.7,110,87.3,11.27,7.04,0,0,21.83,59.15,0.7,4417195.05786133,10358.5924216649
221,, ,Magnum Manor,Neighborhood, ,0,,, ,150.08,0.23,Magnum Manor,I, ,,GIS,2022/05/24 00:00:00+00,{4FE97DFE-BBAC-468A-A2A8-360047D72FE0},10419.8601499537,"BlockApportionment:US.BlockGroups;PointsLayer:US.BlockPoints",1,342,US,2.576,2.191,384,49.7,182,47.4,5,2.75,6,3.3,11,6.04,11,6.04,12,6.59,9,4.95,10,5.49,12,6.59,12,6.59,12,6.59,14,7.69,15,8.24,13,7.14,202,52.6,5,2.48,5,2.48,7,3.47,6,2.97,14,6.93,10,4.95,10,4.95,11,5.45,13,6.44,10,4.95,13,6.44,13,6.44,14,6.93,152,131,86.18,21,13.82,161,9,5.59,7,1.82,348,90.62,2,0.52,2,0.52,0,0,8,2.08,12,3.12,8.64,10.96,6.64,25.58,7.64,18.6,21.93,2.51,3.19,102017,269697,49.7,0,0,0,0,0,0,0,0,0,0,0,0,8,3.16,245,96.84,3.25,2.03,0,0,31.71,61.38,1.63,6537642.00561523,10419.8601499537
222,, ,Old Fourth Ward,Neighborhood, ,0,,, ,783.1,1.22,Old Fourth Ward,M, ,,GIS,2022/05/24 00:00:00+00,{933AD6B6-681B-4748-8268-7F6C957FE691},25771.1156377895,"BlockApportionment:US.BlockGroups;PointsLayer:US.BlockPoints",1,343,US,2.576,2.191,14861,32.8,7474,50.29,306,4.09,177,2.37,130,1.74,189,2.53,568,7.6,1311,17.54,1531,20.48,857,11.47,454,6.07,351,4.7,373,4.99,348,4.66,317,4.24,7387,49.71,274,3.71,202,2.73,153,2.07,193,2.61,615,8.33,1596,21.61,1533,20.75,751,10.17,399,5.4,302,4.09,284,3.84,248,3.36,243,3.29,9219,2536,27.51,6683,72.49,10895,1676,15.38,7185,48.35,5219,35.12,979,6.59,41,0.28,4,0.03,315,2.12,938,6.31,2.92,7.44,1.12,8.3,5.18,38.36,35.97,1.57,20.44,102328,534472,32.8,4975,53.84,997,10.79,645,6.98,723,7.82,275,2.98,121,1.31,603,6.53,903,9.77,30.28,3.73,5.38,1.72,2.24,54.12,2.31,34111772.9174805,25771.1156377895
223,, ,Downtown,Neighborhood, ,0,,, ,1256.23,1.96,Downtown,M, ,,GIS,2022/05/24 00:00:00+00,{315A7653-94BA-4921-A507-0BBE6F94BB40},32010.5048949867,"BlockApportionment:US.BlockGroups;PointsLayer:US.BlockPoints",1,344,US,2.576,2.191,19092,26.6,10567,55.35,260,2.46,160,1.51,129,1.22,1447,13.69,2248,21.27,1319,12.48,1203,11.38,719,6.8,645,6.1,651,6.16,521,4.93,421,3.98,374,3.54,8525,44.65,158,1.85,143,1.68,121,1.42,1915,22.46,2244,26.32,930,10.91,720,8.45,455,5.34,320,3.75,346,4.06,267,3.13,223,2.62,206,2.42,5759,1636,28.41,4123,71.59,7134,1375,19.27,6235,32.66,9708,50.85,1315,6.89,51,0.27,21,0.11,566,2.96,1540,8.07,3.85,14.04,5.01,14.1,8.74,30.85,21.27,1.8,18.18,67231,388493,26.6,3743,61.38,673,11.04,438,7.18,658,10.79,77,1.26,20,0.33,227,3.72,264,4.33,21.78,2.07,11.49,0.19,11.13,43.71,8.71,54721302.7619629,32010.5048949867
224,, ,Georgia Tech,Neighborhood, ,0,,, ,358.85,0.56,Georgia Tech,E, ,,GIS,2022/05/24 00:00:00+00,{FCC71FC0-B6EB-4A66-AF21-FC886FC04B48},16321.849516989,"BlockApportionment:US.BlockGroups;PointsLayer:US.BlockPoints",1,345,US,2.576,2.191,6084,21.8,3672,60.36,7,0.19,3,0.08,3,0.08,903,24.59,2666,72.6,44,1.2,15,0.41,6,0.16,3,0.08,6,0.16,6,0.16,3,0.08,3,0.08,2412,39.64,7,0.29,5,0.21,1,0.04,509,21.1,1795,74.42,42,1.74,16,0.66,4,0.17,5,0.21,3,0.12,16,0.66,1,0.04,2,0.08,41,1,2.44,40,97.56,59,18,30.51,4368,71.79,514,8.45,609,10.01,18,0.3,13,0.21,235,3.86,518,8.51,0,9.19,0,3.78,0,31.35,55.68,9.1,66.67,156924,350000,21.8,0,0,0,0,0,0,1,12.5,2,25,1,12.5,0,0,3,37.5,26.93,0.37,46.73,1.1,3.9,15.75,5.22,15631241.6787109,16321.849516989
225,, ,Home Park,Neighborhood, ,0,,, ,319.21,0.5,Home Park,E, ,,GIS,2022/05/24 00:00:00+00,{158965FD-323D-43A0-963B-057237D93B98},16342.7832214772,"BlockApportionment:US.BlockGroups;PointsLayer:US.BlockPoints",1,346,US,2.576,2.191,4264,24.3,2522,59.15,24,0.95,19,0.75,18,0.71,410,16.26,884,35.05,553,21.93,240,9.52,105,4.16,49,1.94,41,1.63,44,1.74,44,1.74,44,1.74,1742,40.85,42,2.41,22,1.26,9,0.52,285,16.36,619,35.53,320,18.37,161,9.24,63,3.62,29,1.66,48,2.76,44,2.53,26,1.49,18,1.03,2024,392,19.37,1632,80.63,2297,273,11.89,1878,44.04,885,20.76,1058,24.81,27,0.63,4,0.09,110,2.58,346,8.11,3.88,8.6,0,5.33,4.61,44.28,33.3,1.57,28.19,58208,646368,24.3,1149,52.47,105,4.79,56,2.56,34,1.55,155,7.08,102,4.66,167,7.63,402,18.36,27.37,2.71,17.32,2.35,8.4,37.56,4.18,13904726.8168945,16342.7832214772
226,, ,Midtown,Neighborhood, ,0,,, ,1048.4,1.64,Midtown,E, ,,GIS,2022/05/24 00:00:00+00,{562633C6-67C7-4115-9271-3296BB64CD7F},48934.8599914029,"BlockApportionment:US.BlockGroups;PointsLayer:US.BlockPoints",1,347,US,2.576,2.191,30345,33,17494,57.65,377,2.16,220,1.26,137,0.78,145,0.83,955,5.46,4272,24.42,3453,19.74,1992,11.39,1249,7.14,989,5.65,1016,5.81,930,5.32,710,4.06,12851,42.35,276,2.15,160,1.25,129,1,148,1.15,1223,9.52,3608,28.08,2425,18.87,1245,9.69,763,5.94,503,3.91,535,4.16,490,3.81,440,3.42,19839,6980,35.18,12859,64.82,23408,3569,15.25,18750,61.79,4199,13.84,3909,12.88,63,0.21,12,0.04,674,2.22,2515,8.29,0.21,4.86,0.61,6.15,4.09,42.14,41.58,1.51,10.54,114100,523928,33,14748,72.45,1184,5.82,754,3.7,667,3.28,848,4.17,174,0.85,345,1.69,1588,7.8,31.99,1.58,10.35,1.87,6.41,45.36,2.16,45668318.0827637,48934.8599914029
227,, ,Ansley Park,Neighborhood, ,0,,, ,388.59,0.61,Ansley Park,E, ,,GIS,2022/05/24 00:00:00+00,{81085BBA-9C4E-4A71-AB31-F39801CE61DC},23449.0602256679,"BlockApportionment:US.BlockGroups;PointsLayer:US.BlockPoints",1,348,US,2.576,2.191,2157,46.1,1104,51.18,38,3.44,43,3.89,57,5.16,52,4.71,62,5.62,76,6.88,64,5.8,62,5.62,76,6.88,62,5.62,89,8.06,108,9.78,78,7.07,1053,48.82,38,3.61,53,5.03,46,4.37,65,6.17,70,6.65,62,5.89,66,6.27,51,4.84,73,6.93,54,5.13,82,7.79,100,9.5,70,6.65,1055,781,74.03,274,25.97,1146,91,7.94,1675,77.65,208,9.64,89,4.13,3,0.14,0,0,20,0.93,120,5.56,3.36,2.45,6.79,8.5,3.79,29.17,45.93,2.04,2.51,136792,1229412,46.1,182,15.83,48,4.17,135,11.74,52,4.52,56,4.87,37,3.22,171,14.87,438,38.09,36.76,0,7.13,4.21,4.05,46.32,1.46,16926843.1887207,23449.0602256679
228,, ,Brookwood,Neighborhood, ,0,,, ,101.17,0.16,Brookwood,E, ,,GIS,2022/05/24 00:00:00+00,{7160E578-A16B-4F40-A51F-A692B717629C},11375.2682134863,"BlockApportionment:US.BlockGroups;PointsLayer:US.BlockPoints",1,349,US,2.576,2.191,1378,31.9,656,47.61,13,1.98,8,1.22,6,0.91,7,1.07,49,7.47,161,24.54,149,22.71,75,11.43,48,7.32,29,4.42,25,3.81,30,4.57,25,3.81,722,52.39,13,1.8,8,1.11,5,0.69,7,0.97,83,11.5,213,29.5,151,20.91,77,10.66,45,6.23,33,4.57,24,3.32,17,2.35,15,2.08,924,343,37.12,581,62.88,1033,109,10.55,856,62.12,230,16.69,125,9.07,1,0.07,4,0.29,43,3.12,131,9.51,0,1.78,1.1,4.41,0.42,60.08,31.53,1.49,17.25,95292,537651,31.9,478,41.46,307,26.63,28,2.43,18,1.56,69,5.98,41,3.56,177,15.35,35,3.04,14.77,0.35,2.25,0.07,6.05,69.97,6.26,4406751.19506836,11375.2682134863
229,, ,Ardmore,Neighborhood, ,0,,, ,84.34,0.13,Ardmore/26th Street,E, ,,GIS,2022/05/24 00:00:00+00,{B9D2EB5A-CB09-4379-8939-C476B65CA259},8177.54601804174,"BlockApportionment:US.BlockGroups;PointsLayer:US.BlockPoints",1,350,US,2.576,2.191,1751,35.5,898,51.28,30,3.34,23,2.56,16,1.78,17,1.89,48,5.35,164,18.26,156,17.37,81,9.02,64,7.13,58,6.46,44,4.9,50,5.57,49,5.46,853,48.72,38,4.45,23,2.7,17,1.99,17,1.99,51,5.98,127,14.89,133,15.59,91,10.67,72,8.44,40,4.69,52,6.1,53,6.21,46,5.39,1087,545,50.14,542,49.86,1180,93,7.88,1195,68.25,214,12.22,158,9.02,7,0.4,0,0,33,1.88,127,7.25,0,2.44,0,4.07,0.95,46.23,46.3,1.61,13.77,116550,670000,35.5,508,47.7,43,4.04,79,7.42,69,6.48,62,5.82,0,0,127,11.92,177,16.62,12.73,2.44,1.74,0.35,2.35,79.6,0,3673664.93139648,8177.54601804174
230,, ,Hanover West,Neighborhood, ,0,,, ,100.44,0.16,Hanover West,C, ,,GIS,2022/05/24 00:00:00+00,{63834FE1-D6D5-4339-8732-B15B30E3D541},9042.07552364049,"BlockApportionment:US.BlockGroups;PointsLayer:US.BlockPoints",1,351,US,2.576,2.191,539,39.3,250,46.38,17,6.8,18,7.2,16,6.4,13,5.2,16,6.4,8,3.2,23,9.2,20,8,17,6.8,15,6,21,8.4,24,9.6,14,5.6,289,53.62,12,4.15,12,4.15,12,4.15,18,6.23,19,6.57,14,4.84,24,8.3,34,11.76,18,6.23,17,5.88,22,7.61,26,9,15,5.19,169,164,97.04,5,2.96,186,17,9.14,459,85.16,21,3.9,23,4.27,0,0,0,0,2,0.37,20,3.71,0,2.33,0,6.48,4.15,39.9,47.15,3.19,0,200001,900000,39.3,0,0,0,0,0,0,5,3.4,7,4.76,0,0,59,40.14,76,51.7,12.06,0,3.19,0,0,83.33,1.42,4375278.35253906,9042.07552364049
231,, ,Fairburn Mays,Neighborhood, ,0,,, ,402.97,0.63,Fairburn,H, ,,GIS,2022/05/24 00:00:00+00,{35177772-AE16-4337-816F-1B79F7DB5238},27443.4630857551,"BlockApportionment:US.BlockGroups;PointsLayer:US.BlockPoints",1,352,US,2.576,2.191,3557,34,1477,41.52,139,9.41,140,9.48,127,8.6,126,8.53,102,6.91,109,7.38,106,7.18,105,7.11,96,6.5,64,4.33,78,5.28,63,4.27,68,4.6,2080,58.48,124,5.96,125,6.01,138,6.63,131,6.3,140,6.73,159,7.64,164,7.88,161,7.74,140,6.73,107,5.14,116,5.58,110,5.29,125,6.01,1473,423,28.72,1050,71.28,1556,83,5.33,24,0.67,3380,95.02,6,0.17,14,0.39,1,0.03,49,1.38,65,1.83,9.46,40.17,2.7,12.51,14.14,16.17,3,2.41,19.19,41753,211538,34,224,11.69,75,3.91,462,24.11,513,26.77,62,3.24,0,0,137,7.15,414,21.61,14.1,1.39,1.04,0,11.77,62.94,8.82,17553150.2597656,27443.4630857551
232,, ,Fairburn Tell,Neighborhood, ,0,,, ,175.54,0.27, ,P, ,,GIS,2022/05/24 00:00:00+00,{02409C9B-8B41-4B5F-9AA7-93667B720023},15748.2602411228,"BlockApportionment:US.BlockGroups;PointsLayer:US.BlockPoints",1,353,US,2.576,2.191,76,36.2,37,48.68,2,5.41,2,5.41,3,8.11,4,10.81,3,8.11,2,5.41,2,5.41,3,8.11,2,5.41,2,5.41,2,5.41,2,5.41,2,5.41,39,51.32,2,5.13,2,5.13,2,5.13,4,10.26,2,5.13,2,5.13,2,5.13,3,7.69,2,5.13,3,7.69,2,5.13,2,5.13,2,5.13,38,28,73.68,10,26.32,38,0,0,1,1.32,68,89.47,0,0,0,0,0,0,1,1.32,4,5.26,0,48.94,0,10.64,36.17,0,4.26,2,52.63,80356,287500,36.2,0,0,0,0,0,0,0,0,0,0,0,0,0,0,20,100,0,0,25,0,0,87.5,0,7646479.87939453,15748.2602411228
233,, ,Princeton Lakes,Neighborhood, ,0,,, ,477.17,0.75, ,P, ,,GIS,2022/05/24 00:00:00+00,{3D099D6C-FBA5-41A6-96A3-B7B8A98C93A2},22102.0310545666,"BlockApportionment:US.BlockGroups;PointsLayer:US.BlockPoints",1,354,US,2.576,2.191,2431,34.7,1171,48.17,76,6.49,80,6.83,91,7.77,95,8.11,85,7.26,95,8.11,111,9.48,93,7.94,81,6.92,86,7.34,98,8.37,67,5.72,39,3.33,1260,51.83,57,4.52,59,4.68,78,6.19,86,6.83,84,6.67,116,9.21,115,9.13,90,7.14,99,7.86,119,9.44,104,8.25,71,5.63,55,4.37,1108,510,46.03,598,53.97,1178,70,5.94,47,1.93,2214,91.07,35,1.44,3,0.12,1,0.04,35,1.44,90,3.7,2.38,12.81,0.24,4.45,19.89,31.36,24.04,2.19,24.91,80948,339020,34.7,131,11.22,140,11.99,133,11.39,20,1.71,33,2.83,0,0,133,11.39,578,49.49,17.33,2.6,0,0,4,73.05,3.09,20785489.1455078,22102.0310545666
234,, ,Wesley Battle,Neighborhood, ,0,,, ,198.75,0.31,West Peachtree Battle,C, ,,GIS,2022/05/24 00:00:00+00,{23FE8E04-BE1F-451E-AA9C-DBCC949D854A},13854.6967315548,"BlockApportionment:US.BlockGroups;PointsLayer:US.BlockPoints",1,355,US,2.576,2.191,414,43,210,50.72,12,5.71,17,8.1,20,9.52,18,8.57,12,5.71,8,3.81,3,1.43,7,3.33,13,6.19,18,8.57,19,9.05,16,7.62,12,5.71,204,49.28,9,4.41,13,6.37,18,8.82,17,8.33,13,6.37,7,3.43,6,2.94,8,3.92,17,8.33,16,7.84,18,8.82,15,7.35,12,5.88,141,134,95.04,7,4.96,141,0,0,344,83.09,15,3.62,19,4.59,1,0.24,0,0,6,1.45,22,5.31,0,3.79,0,4.17,3.03,35.61,53.03,2.94,0,200001,1353448,43,0,0,0,0,0,0,0,0,0,0,0,0,5,3.27,148,96.73,11.17,0,3.91,0,0,82.12,2.23,8657659.68261719,13854.6967315548
235,, ,Virginia Highland,Neighborhood, ,0,,, ,670.98,1.05,Virginia-Highland,F, ,,GIS,2022/05/24 00:00:00+00,{3457E2EB-86D1-4E12-B2B0-194AD6A4FFC5},25037.2232417404,"BlockApportionment:US.BlockGroups;PointsLayer:US.BlockPoints",1,356,US,2.576,2.191,8765,34.8,4416,50.38,212,4.8,214,4.85,211,4.78,154,3.49,213,4.82,434,9.83,651,14.74,448,10.14,361,8.17,297,6.73,317,7.18,269,6.09,222,5.03,4349,49.62,224,5.15,215,4.94,178,4.09,143,3.29,296,6.81,598,13.75,682,15.68,378,8.69,315,7.24,267,6.14,247,5.68,223,5.13,190,4.37,4492,2414,53.74,2078,46.26,4841,349,7.21,6809,77.68,491,5.6,427,4.87,22,0.25,1,0.01,353,4.03,721,8.23,2.65,5.41,1.13,7.41,1.55,41.22,40.28,1.95,6.9,107404,782623,34.8,519,10.2,310,6.09,861,16.92,389,7.64,367,7.21,99,1.95,203,3.99,2341,46,26.72,1.61,4.16,1.49,1.98,60.82,2.73,29227604.8623047,25037.2232417404
236,, ,North Buckhead,Neighborhood, ,0,,, ,1707.15,2.67,North Buckhead,B, ,,GIS,2022/05/24 00:00:00+00,{7E60A8ED-6BFF-4DBB-A36F-404E7699552B},37214.5053677587,"BlockApportionment:US.BlockGroups;PointsLayer:US.BlockPoints",1,357,US,2.576,2.191,13991,36.1,6955,49.71,231,3.32,236,3.39,277,3.98,256,3.68,598,8.6,941,13.53,847,12.18,553,7.95,463,6.66,411,5.91,442,6.36,435,6.25,370,5.32,7036,50.29,262,3.72,259,3.68,289,4.11,265,3.77,654,9.3,835,11.87,795,11.3,553,7.86,484,6.88,438,6.23,442,6.28,416,5.91,319,4.53,7932,3594,45.31,4338,54.69,9178,1246,13.58,9486,67.8,1805,12.9,1267,9.06,26,0.19,1,0.01,287,2.05,934,6.68,0.34,2.52,0.48,6.34,2.44,51.18,35.36,1.76,10.41,137348,775354,36.1,4248,56.06,464,6.12,155,2.05,55,0.73,176,2.32,0,0,665,8.78,1816,23.96,22.9,0.57,6.47,0.34,1.84,62.77,0.99,74363200.3393555,37214.5053677587
237,, ,Lake Claire,Neighborhood, ,0,,, ,315.31,0.49,Lake Claire,N, ,,GIS,2022/05/24 00:00:00+00,{DF0CE86A-DAEC-4969-A76C-5F19B399E078},18778.0049540882,"BlockApportionment:US.BlockGroups;PointsLayer:US.BlockPoints",1,358,US,2.576,2.191,3186,40.1,1547,48.56,113,7.3,111,7.18,130,8.4,100,6.46,74,4.78,42,2.71,76,4.91,126,8.14,142,9.18,149,9.63,125,8.08,108,6.98,92,5.95,1639,51.44,104,6.35,121,7.38,118,7.2,105,6.41,63,3.84,63,3.84,103,6.28,144,8.79,165,10.07,162,9.88,121,7.38,97,5.92,89,5.43,1215,1019,83.87,196,16.13,1274,59,4.63,2605,81.76,158,4.96,98,3.08,5,0.16,0,0,48,1.51,173,5.43,0.09,5.53,0.7,5.91,3.35,33.67,50.74,2.62,6.39,177494,710833,40.1,9,0.84,14,1.3,0,0,0,0,99,9.23,45,4.19,79,7.36,828,77.17,34.27,0.59,2.09,1.64,2.75,54.22,4.45,13734893.2927246,18778.0049540882
238,, ,Kirkwood,Neighborhood, ,0,,, ,970.45,1.52,Kirkwood,O, ,,GIS,2022/05/24 00:00:00+00,{436FDDF3-98C5-4CDE-87AF-8E69D07F9B7C},36633.6798646846,"BlockApportionment:US.BlockGroups;PointsLayer:US.BlockPoints",1,359,US,2.576,2.191,7445,37.3,3600,48.35,253,7.03,250,6.94,148,4.11,115,3.19,155,4.31,243,6.75,399,11.08,509,14.14,390,10.83,284,7.89,258,7.17,190,5.28,131,3.64,3845,51.65,261,6.79,245,6.37,168,4.37,106,2.76,159,4.14,303,7.88,442,11.5,536,13.94,408,10.61,275,7.15,233,6.06,169,4.4,152,3.95,3362,2064,61.39,1298,38.61,3668,306,8.34,4424,59.42,2063,27.71,218,2.93,28,0.38,1,0.01,107,1.44,412,5.53,3.94,7.59,1.04,8.65,11,35.2,32.12,2.21,12.76,123730,541712,37.3,480,13.46,116,3.25,60,1.68,114,3.2,382,10.72,98,2.75,91,2.55,2223,62.36,28.08,0.67,0.09,2.12,6.09,59.11,3.81,42272722.8234863,36633.6798646846
239,, ,Mt. Paran/Northside,Neighborhood, ,0,,, ,1368.12,2.14,Mount Paran Northside,A, ,,GIS,2022/05/24 00:00:00+00,{B6BF879A-7760-427B-ACFE-73618A4A16AC},46168.6964187809,"BlockApportionment:US.BlockGroups;PointsLayer:US.BlockPoints",1,360,US,2.576,2.191,1776,43.1,884,49.77,42,4.75,58,6.56,65,7.35,63,7.13,63,7.13,37,4.19,42,4.75,36,4.07,57,6.45,68,7.69,75,8.48,66,7.47,64,7.24,892,50.23,38,4.26,56,6.28,78,8.74,59,6.61,56,6.28,35,3.92,36,4.04,48,5.38,69,7.74,63,7.06,74,8.3,65,7.29,50,5.61,579,490,84.63,89,15.37,631,52,8.24,1364,76.8,127,7.15,126,7.09,7,0.39,0,0,23,1.3,101,5.69,0.17,1.33,0,10.25,2.33,44.08,41.83,3.07,2.72,200001,1661458,43.1,48,7.17,25,3.74,11,1.64,17,2.54,4,0.6,2,0.3,18,2.69,544,81.32,18.1,1.16,0.23,0,0,78.54,0.93,59594896.2172852,46168.6964187809
240,, ,East Chastain Park,Neighborhood, ,0,,, ,349.32,0.55,East Chastain Park,B, ,,GIS,2022/05/24 00:00:00+00,{43309B10-3864-48F9-BE5D-E6F425FFCA6A},19531.7693156811,"BlockApportionment:US.BlockGroups;PointsLayer:US.BlockPoints",1,361,US,2.576,2.191,2591,34.6,1256,48.48,30,2.39,37,2.95,70,5.57,75,5.97,79,6.29,177,14.09,188,14.97,120,9.55,72,5.73,73,5.81,80,6.37,85,6.77,52,4.14,1335,51.52,47,3.52,46,3.45,65,4.87,72,5.39,108,8.09,171,12.81,161,12.06,108,8.09,83,6.22,82,6.14,90,6.74,83,6.22,59,4.42,1429,805,56.33,624,43.67,1482,53,3.58,1993,76.92,191,7.37,169,6.52,0,0,0,0,45,1.74,141,5.44,0.05,1.48,0.36,10.95,6.47,45.64,35,1.81,2.34,128118,959385,34.6,179,13.39,275,20.57,22,1.65,147,10.99,105,7.85,0,0,166,12.42,444,33.21,14.75,0,0,0,0,73.6,10.54,15216114.6645508,19531.7693156811
241,, ,The Villages at East Lake,Neighborhood, ,0,,, ,187.26,0.29,East Lake Meadows,O, ,,GIS,2022/11/08 00:00:00+00,{64F7E230-0B97-4A6E-9870-3E6B6C10369B},15563.8263063643,"BlockApportionment:US.BlockGroups;PointsLayer:US.BlockPoints",1,365,US,2.576,2.191,1665,37,741,44.5,52,7.02,52,7.02,53,7.15,53,7.15,39,5.26,47,6.34,70,9.45,65,8.77,48,6.48,46,6.21,42,5.67,26,3.51,40,5.4,924,55.5,48,5.19,50,5.41,57,6.17,42,4.55,43,4.65,86,9.31,82,8.87,84,9.09,69,7.47,58,6.28,47,5.09,46,4.98,45,4.87,690,176,25.51,514,74.49,789,99,12.55,306,18.38,1251,75.14,21,1.26,0,0,0,0,14,0.84,45,2.7,4.59,36.45,1.53,11.21,13.68,8.75,16.91,2.41,26.74,27863,551250,37,117,22.29,18,3.43,68,12.95,24,4.57,10,1.9,13,2.48,2,0.38,272,51.81,27.16,0,0,0.49,7.41,43.21,4.69,8101093.75463867,15563.8263063643
242,, ,Peachtree Heights East,Neighborhood, ,0,,, ,133.22,0.21,Peachtree Heights East,B, ,,GIS,2022/05/24 00:00:00+00,{7040B465-59F1-4D32-BB1A-6340CCAB5471},9738.43889919015,"BlockApportionment:US.BlockGroups;PointsLayer:US.BlockPoints",1,366,US,2.576,2.191,1192,57.3,588,49.33,27,4.59,27,4.59,21,3.57,17,2.89,19,3.23,31,5.27,19,3.23,32,5.44,34,5.78,31,5.27,29,4.93,55,9.35,52,8.84,604,50.67,17,2.81,17,2.81,18,2.98,19,3.15,22,3.64,14,2.32,31,5.13,24,3.97,41,6.79,32,5.3,30,4.97,41,6.79,47,7.78,618,549,88.83,69,11.17,655,37,5.65,1075,90.18,12,1.01,18,1.51,2,0.17,0,0,8,0.67,50,4.19,1.52,1.92,0,4.45,5.36,33.81,52.94,1.93,4.06,200001,902841,57.3,226,31.74,61,8.57,0,0,0,0,0,0,0,0,142,19.94,283,39.75,15.07,7.53,0,0,10.55,66.85,0,5803162.14892578,9738.43889919015
243,, ,Mt. Gilead Woods,Neighborhood, ,0,,, ,35.59,0.06,Mt. Gilead Woods,P, ,,GIS,2022/05/24 00:00:00+00,{0B7F1854-18A6-42CD-BDA4-CF6119EFD4D5},5341.89114069128,"BlockApportionment:US.BlockGroups;PointsLayer:US.BlockPoints",1,367,US,2.576,2.191,76,40.8,35,46.05,3,8.57,3,8.57,2,5.71,3,8.57,1,2.86,2,5.71,2,5.71,3,8.57,3,8.57,2,5.71,2,5.71,2,5.71,1,2.86,41,53.95,2,4.88,2,4.88,3,7.32,2,4.88,2,4.88,2,4.88,3,7.32,2,4.88,3,7.32,3,7.32,3,7.32,2,4.88,3,7.32,27,20,74.07,7,25.93,27,0,0,1,1.32,74,97.37,0,0,0,0,0,0,1,1.32,1,1.32,0,26.42,1.89,20.75,7.55,26.42,15.09,2.81,7.41,54639,109375,40.8,0,0,0,0,0,0,0,0,0,0,0,0,0,0,27,100,10.64,0,0,0,0,89.36,0,1550308.90380859,5341.89114069128
244,, ,Meadowbrook Forest,Neighborhood, ,0,,, ,70.85,0.11,Meadowbrook Forest,P, ,,GIS,2022/05/24 00:00:00+00,{6FE32BA0-9C9E-496F-BF73-9DBB21427BAB},7538.81901143232,"BlockApportionment:US.BlockGroups;PointsLayer:US.BlockPoints",0,368,US,2.576,2.191,0,0,0,0,0,0,0,0,0,0,0,0,0,0,0,0,0,0,0,0,0,0,0,0,0,0,0,0,0,0,0,0,0,0,0,0,0,0,0,0,0,0,0,0,0,0,0,0,0,0,0,0,0,0,0,0,0,0,0,0,0,0,0,0,0,0,0,0,0,0,0,0,0,0,0,0,0,0,0,0,0,0,0,0,0,0,0,0,0,0,0,0,0,0,0,0,0,0,0,0,0,0,0,0,0,0,0,0,0,0,0,0,0,0,0,3086026.57055664,7538.81901143232
245,, ,Niskey Cove,Neighborhood, ,0,,, ,52.5,0.08,Niskey Cove,P, ,,GIS,2022/05/24 00:00:00+00,{C72B1769-93B6-42BA-AB9C-C7EEC486B46C},8814.79279397972,"BlockApportionment:US.BlockGroups;PointsLayer:US.BlockPoints",0,369,US,2.576,2.191,0,0,0,0,0,0,0,0,0,0,0,0,0,0,0,0,0,0,0,0,0,0,0,0,0,0,0,0,0,0,0,0,0,0,0,0,0,0,0,0,0,0,0,0,0,0,0,0,0,0,0,0,0,0,0,0,0,0,0,0,0,0,0,0,0,0,0,0,0,0,0,0,0,0,0,0,0,0,0,0,0,0,0,0,0,0,0,0,0,0,0,0,0,0,0,0,0,0,0,0,0,0,0,0,0,0,0,0,0,0,0,0,0,0,0,2286925.86743164,8814.79279397972
246,, ,Oakcliff,Neighborhood, ,0,,, ,66.96,0.1,Oakcliff,H, ,,GIS,2022/05/24 00:00:00+00,{B4963201-5EE9-4D7C-A2EE-E8CCDA782740},6926.38390120484,"BlockApportionment:US.BlockGroups;PointsLayer:US.BlockPoints",1,370,US,2.576,2.191,315,36.4,146,46.35,11,7.53,11,7.53,11,7.53,12,8.22,13,8.9,7,4.79,10,6.85,10,6.85,9,6.16,6,4.11,8,5.48,7,4.79,9,6.16,169,53.65,9,5.33,10,5.92,13,7.69,13,7.69,12,7.1,10,5.92,10,5.92,11,6.51,11,6.51,10,5.92,10,5.92,6,3.55,9,5.33,130,40,30.77,90,69.23,147,17,11.56,3,0.95,294,93.33,0,0,3,0.95,0,0,11,3.49,15,4.76,39.2,29.15,5.03,10.55,3.52,5.03,7.04,2.42,30.23,40762,166667,36.4,22,13.5,0,0,23,14.11,14,8.59,9,5.52,3,1.84,0,0,93,57.06,0,0,1.26,0,71.07,20.75,6.29,2916579.07080078,6926.38390120484
247,, ,Just Us,Neighborhood, ,0,,, ,17.69,0.03,Just Us,T, ,,GIS,2022/05/24 00:00:00+00,{1C57E7B0-9F92-477D-9DF9-98CE4C268F94},3760.1274539682,"BlockApportionment:US.BlockGroups;PointsLayer:US.BlockPoints",1,371,US,2.576,2.191,26,38.8,13,50,1,7.69,1,7.69,1,7.69,1,7.69,1,7.69,1,7.69,1,7.69,1,7.69,1,7.69,1,7.69,1,7.69,1,7.69,1,7.69,13,50,1,7.69,1,7.69,1,7.69,1,7.69,1,7.69,1,7.69,1,7.69,1,7.69,1,7.69,1,7.69,1,7.69,1,7.69,1,7.69,14,7,50,7,50,14,0,0,1,3.85,23,88.46,0,0,0,0,0,0,1,3.85,1,3.85,16.67,27.78,0,11.11,5.56,22.22,16.67,1.86,23.08,60825,375000,38.8,0,0,0,0,0,0,0,0,0,0,1,8.33,1,8.33,10,83.33,35.71,21.43,0,0,21.43,21.43,7.14,770378.341796875,3760.1274539682
248,, ,Bush Mountain,Neighborhood, ,0,,, ,49.8,0.08,Bush Mountain,S, ,,GIS,2022/05/24 00:00:00+00,{50462634-1A5E-4D72-9509-06DBB9EEA0FA},7795.08608584368,"BlockApportionment:US.BlockGroups;PointsLayer:US.BlockPoints",1,372,US,2.576,2.191,410,37.8,194,47.32,11,5.67,8,4.12,13,6.7,12,6.19,12,6.19,13,6.7,22,11.34,18,9.28,16,8.25,9,4.64,10,5.15,11,5.67,9,4.64,216,52.68,6,2.78,11,5.09,10,4.63,9,4.17,15,6.94,16,7.41,24,11.11,20,9.26,11,5.09,11,5.09,11,5.09,9,4.17,13,6.02,154,103,66.88,51,33.12,191,37,19.37,41,10,344,83.9,3,0.73,1,0.24,0,0,6,1.46,12,2.93,1,32,8.67,15,3.67,15.67,18.67,2.66,24.31,44861,433750,37.8,0,0,0,0,0,0,0,0,0,0,0,0,9,4.97,172,95.03,13.33,0,7.41,0,9.63,62.22,6.67,2169448.6184082,7795.08608584369
249,, ,Briar Glen,Neighborhood, ,0,,, ,66.55,0.1,Briar Glen,P, ,,GIS,2022/05/24 00:00:00+00,{114318E1-DE48-43AA-853B-1708CAB5607F},8633.69822234772,"BlockApportionment:US.BlockGroups;PointsLayer:US.BlockPoints",1,373,US,2.576,2.191,560,41.6,257,45.89,19,7.39,20,7.78,15,5.84,24,9.34,11,4.28,12,4.67,16,6.23,20,7.78,21,8.17,18,7,14,5.45,14,5.45,11,4.28,303,54.11,14,4.62,16,5.28,19,6.27,17,5.61,18,5.94,16,5.28,18,5.94,12,3.96,20,6.6,20,6.6,18,5.94,17,5.61,20,6.6,240,174,72.5,66,27.5,258,18,6.98,5,0.89,545,97.32,0,0,0,0,0,0,4,0.71,6,1.07,0,26.1,2.07,19.9,7.75,26.61,16.02,2.33,6.2,56209,115074,41.6,0,0,0,0,0,0,0,0,0,0,0,0,0,0,262,100,9.77,0,0,0,0,90.23,0,2898718.32397461,8633.69822234772
250,, ,Fairburn,Neighborhood, ,0,,, ,114.84,0.18,Fairburn Avenue,P, ,,GIS,2022/05/24 00:00:00+00,{670CCF24-29C4-4455-B6B0-22F130488D42},10200.7417857386,"BlockApportionment:US.BlockGroups;PointsLayer:US.BlockPoints",1,374,US,2.576,2.191,314,35,147,46.82,10,6.8,10,6.8,13,8.84,14,9.52,11,7.48,9,6.12,11,7.48,10,6.8,6,4.08,7,4.76,5,3.4,9,6.12,8,5.44,167,53.18,11,6.59,11,6.59,12,7.19,15,8.98,11,6.59,9,5.39,10,5.99,11,6.59,12,7.19,10,5.99,7,4.19,7,4.19,8,4.79,130,87,66.92,43,33.08,141,11,7.8,4,1.27,297,94.59,0,0,0,0,0,0,2,0.64,7,2.23,14.21,47.21,12.18,11.17,9.14,0,6.09,2.42,10.1,54938,245000,35,0,0,0,0,0,0,0,0,0,0,0,0,0,0,90,73.77,24.79,0,1.65,0,7.44,66.12,0,5002626.47387695,10200.7417857386
251,, ,Ben Hill Terrace,Neighborhood, ,0,,, ,212.19,0.33,Ben Hill Terrace,P, ,,GIS,2022/05/24 00:00:00+00,{BB2396B6-8004-4C3F-94BE-E9DAD516A31E},12950.5669815996,"BlockApportionment:US.BlockGroups;PointsLayer:US.BlockPoints",1,375,US,2.576,2.191,1237,34,574,46.4,38,6.62,33,5.75,35,6.1,37,6.45,51,8.89,49,8.54,56,9.76,55,9.58,38,6.62,43,7.49,36,6.27,31,5.4,27,4.7,663,53.6,34,5.13,31,4.68,38,5.73,41,6.18,68,10.26,71,10.71,57,8.6,49,7.39,50,7.54,37,5.58,43,6.49,33,4.98,29,4.37,543,222,40.88,321,59.12,589,46,7.81,12,0.97,1162,93.94,1,0.08,2,0.16,0,0,38,3.07,38,3.07,5.31,24.28,0,33.33,2.9,31.76,2.42,2.28,20.48,63497,209615,34,0,0,140,19.13,197,26.91,12,1.64,0,0,57,7.79,108,14.75,219,29.92,1.69,0,0,0,17.07,76.59,4.51,9243017.20166016,12950.5669815996
252,, ,Brandon,Neighborhood, ,0,,, ,409.85,0.64,Brandon,C, ,,GIS,2022/05/24 00:00:00+00,{F29E1386-9FEC-4907-AFAC-FBD45A723D0A},22601.8224296404,"BlockApportionment:US.BlockGroups;PointsLayer:US.BlockPoints",1,376,US,2.576,2.191,1115,40.8,547,49.06,33,6.03,45,8.23,52,9.51,54,9.87,32,5.85,13,2.38,9,1.65,19,3.47,50,9.14,48,8.78,51,9.32,42,7.68,28,5.12,568,50.94,37,6.51,52,9.15,65,11.44,48,8.45,30,5.28,13,2.29,13,2.29,25,4.4,50,8.8,43,7.57,50,8.8,41,7.22,29,5.11,352,341,96.88,11,3.12,362,10,2.76,969,86.91,27,2.42,38,3.41,4,0.36,0,0,10,0.9,38,3.41,0,0.75,0,1.2,0.6,46.41,51.05,3.17,0,200001,1131048,40.8,0,0,0,0,0,0,0,0,0,0,0,0,0,0,358,100,39.48,0,0,0,1.39,55.75,3.37,17853189.1257324,22601.8224296404
253,, ,Poncey-Highland,Neighborhood, ,0,,, ,240.47,0.38,Poncey Highlands,N, ,,GIS,2022/05/24 00:00:00+00,{5AC2DA63-B808-49C1-B1C4-A3FA3B4F8FD1},14120.5042757851,"BlockApportionment:US.BlockGroups;PointsLayer:US.BlockPoints",1,377,US,2.576,2.191,3189,34,1576,49.42,48,3.05,35,2.22,27,1.71,25,1.59,61,3.87,226,14.34,365,23.16,230,14.59,136,8.63,94,5.96,93,5.9,72,4.57,56,3.55,1613,50.58,54,3.35,36,2.23,22,1.36,26,1.61,130,8.06,310,19.22,370,22.94,210,13.02,120,7.44,70,4.34,71,4.4,63,3.91,41,2.54,2005,674,33.62,1331,66.38,2098,93,4.43,2361,74.04,281,8.81,213,6.68,7,0.22,0,0,54,1.69,208,6.52,0.62,3.45,0.51,4.59,3.67,53.73,33.24,1.58,7.35,115929,672500,34,996,51.66,351,18.21,66,3.42,86,4.46,151,7.83,15,0.78,51,2.65,211,10.94,19.63,0.67,6.4,0.96,6.57,53.75,9.96,10474687.1625977,14120.5042757851
254,, ,Inman Park,Neighborhood, ,0,,, ,383.68,0.6,Inman Park,N, ,,GIS,2022/05/24 00:00:00+00,{7D64192F-7CB0-46B0-A783-33E7A509782B},18992.0795807223,"BlockApportionment:US.BlockGroups;PointsLayer:US.BlockPoints",1,378,US,2.576,2.191,5000,34.9,2448,48.96,103,4.21,77,3.15,60,2.45,59,2.41,138,5.64,233,9.52,479,19.57,323,13.19,226,9.23,166,6.78,162,6.62,135,5.51,111,4.53,2552,51.04,107,4.19,84,3.29,73,2.86,52,2.04,194,7.6,395,15.48,471,18.46,288,11.29,192,7.52,155,6.07,130,5.09,123,4.82,95,3.72,2876,1332,46.31,1544,53.69,3182,306,9.62,3826,76.52,409,8.18,249,4.98,8,0.16,3,0.06,80,1.6,316,6.32,0.35,1.95,0.22,5.7,2.12,41.4,47.27,1.74,3.91,149042,834929,34.9,1018,34.29,400,13.47,145,4.88,81,2.73,209,7.04,89,3,390,13.14,637,21.46,32.2,0,5.26,3.47,2.04,51.47,5.15,16713067.8349609,18992.0795807224
255,, ,Candler Park,Neighborhood, ,0,,, ,416.41,0.65,Candler Park,N, ,,GIS,2022/05/24 00:00:00+00,{0F7FA6A0-1C62-4660-893F-D1402B7A93BA},17765.2219108101,"BlockApportionment:US.BlockGroups;PointsLayer:US.BlockPoints",1,379,US,2.576,2.191,3654,37.5,1789,48.96,107,5.98,107,5.98,106,5.93,84,4.7,93,5.2,122,6.82,173,9.67,164,9.17,164,9.17,135,7.55,143,7.99,130,7.27,102,5.7,1865,51.04,103,5.52,105,5.63,91,4.88,75,4.02,129,6.92,166,8.9,197,10.56,181,9.71,170,9.12,146,7.83,138,7.4,117,6.27,79,4.24,1653,1185,71.69,468,28.31,1788,135,7.55,2911,79.67,176,4.82,153,4.19,5,0.14,0,0,57,1.56,240,6.57,0.45,4.71,1.73,8.22,2,42.67,40.22,2.21,1.4,191067,699074,37.5,43,2.14,35,1.75,97,4.84,122,6.08,248,12.37,80,3.99,204,10.17,1163,58,23.41,0,1.17,1.73,7.27,59.74,4.98,18138661.0756836,17765.2219108101
256,, ,Edgewood,Neighborhood, ,0,,, ,553.98,0.87,Edgewood,O, ,,GIS,2022/05/24 00:00:00+00,{7699367F-7B51-457F-B02E-0A3B965455A8},22531.9087747657,"BlockApportionment:US.BlockGroups;PointsLayer:US.BlockPoints",1,380,US,2.576,2.191,5903,35.1,2840,48.11,171,6.02,141,4.96,96,3.38,102,3.59,199,7.01,268,9.44,430,15.14,410,14.44,237,8.35,187,6.58,165,5.81,141,4.96,99,3.49,3063,51.89,172,5.62,148,4.83,120,3.92,87,2.84,178,5.81,352,11.49,468,15.28,377,12.31,256,8.36,178,5.81,150,4.9,123,4.02,101,3.3,3003,1384,46.09,1619,53.91,3206,203,6.33,2652,44.93,2577,43.66,187,3.17,13,0.22,5,0.08,94,1.59,310,5.25,3.17,14.24,2.05,8.98,6.71,36.11,27.98,1.97,17.92,108926,509230,35.1,539,20.87,96,3.72,154,5.96,196,7.59,88,3.41,51,1.97,296,11.46,1143,44.25,28.47,1.31,0.42,1.79,6.01,56.29,5.5,24131319.4550781,22531.9087747657
257,, ,Custer/McDonough/Guice,Neighborhood, ,0,,, ,288.25,0.45,Custer Ave/McDonough/Guic,W, ,,GIS,2022/05/24 00:00:00+00,{9B394F40-A690-4CA6-9E3A-E76A6AC13200},20306.5498832388,"BlockApportionment:US.BlockGroups;PointsLayer:US.BlockPoints",1,381,US,2.576,2.191,842,37.7,438,52.02,22,5.02,22,5.02,29,6.62,26,5.94,21,4.79,23,5.25,49,11.19,52,11.87,45,10.27,36,8.22,31,7.08,25,5.71,18,4.11,404,47.98,24,5.94,24,5.94,19,4.7,20,4.95,20,4.95,26,6.44,43,10.64,46,11.39,38,9.41,26,6.44,28,6.93,22,5.45,19,4.7,351,232,66.1,119,33.9,396,45,11.36,311,36.94,372,44.18,17,2.02,6,0.71,1,0.12,64,7.6,116,13.78,2.28,16.42,3.9,8.94,4.23,29.11,31.87,2.4,21.69,103329,433125,37.7,1,0.27,0,0,4,1.06,26,6.9,25,6.63,1,0.27,14,3.71,307,81.43,34.15,1.22,0.24,0.24,15.12,47.07,1.95,13953266.7663574,20306.5498832388
258,, ,Thomasville Heights,Neighborhood, ,0,,, ,406.59,0.64,Thomasville Heights,Z, ,,GIS,2022/05/24 00:00:00+00,{370A8E25-DA75-4510-9DDD-723AE0FB38FF},18526.0690864321,"BlockApportionment:US.BlockGroups;PointsLayer:US.BlockPoints",1,382,US,2.576,2.191,2012,25,898,44.63,103,11.47,102,11.36,132,14.7,99,11.02,65,7.24,40,4.45,48,5.35,59,6.57,60,6.68,35,3.9,29,3.23,29,3.23,27,3.01,1114,55.37,106,9.52,105,9.43,136,12.21,94,8.44,64,5.75,68,6.1,109,9.78,95,8.53,62,5.57,47,4.22,32,2.87,36,3.23,40,3.59,617,247,40.03,370,59.97,779,162,20.8,46,2.29,1850,91.95,6,0.3,20,0.99,0,0,50,2.49,102,5.07,7.35,33.17,1.79,12.12,18.87,6.36,12.51,3.26,54.9,17897,144681,25,56,5.81,159,16.49,168,17.43,98,10.17,0,0,6,0.62,0,0,477,49.48,16,4.33,0,0,11.17,38.83,27.83,17711139.0500488,18526.0690864321
259,, ,Druid Hills,Neighborhood, ,0,,, ,340.94,0.53,Druid Hills,N, ,,GIS,2023/03/15 00:00:00+00,{25A5913A-39FE-4CD6-99A8-7178FD61A888},17959.2902127,"BlockApportionment:US.BlockGroups;PointsLayer:US.BlockPoints",1,384,US,2.576,2.191,1483,38.2,703,47.4,31,4.41,29,4.13,34,4.84,30,4.27,32,4.55,63,8.96,92,13.09,58,8.25,41,5.83,34,4.84,49,6.97,46,6.54,52,7.4,780,52.6,31,3.97,30,3.85,30,3.85,33,4.23,36,4.62,93,11.92,105,13.46,54,6.92,57,7.31,47,6.03,49,6.28,39,5,44,5.64,660,478,72.42,182,27.58,705,45,6.38,1183,79.77,74,4.99,85,5.73,0,0,2,0.13,12,0.81,84,5.66,0.34,4.72,0.94,5.92,0.69,39.45,47.94,2.23,8.55,166195,645718,38.2,38,5.31,64,8.94,30,4.19,74,10.34,33,4.61,3,0.42,292,40.78,183,25.56,29.46,0.96,3.11,0.48,0.72,56.17,9.1,14872130.4814453,17959.2902127
260,, ,East Atlanta,Neighborhood, ,0,,, ,931.53,1.46,East Atlanta,W, ,,GIS,2024/10/01 00:00:00+00,{574B2215-C2CA-4719-B687-D6FA8D201AAC},56944.5743046886,"BlockApportionment:US.BlockGroups;PointsLayer:US.BlockPoints",1,385,US,2.576,2.191,6367,38.2,3233,50.78,211,6.53,212,6.56,141,4.36,109,3.37,116,3.59,162,5.01,363,11.23,454,14.04,353,10.92,286,8.85,228,7.05,172,5.32,124,3.84,3134,49.22,195,6.22,196,6.25,128,4.08,87,2.78,78,2.49,225,7.18,400,12.76,412,13.15,312,9.96,240,7.66,191,6.09,128,4.08,114,3.64,2877,2086,72.51,791,27.49,3058,181,5.92,3217,50.53,2404,37.76,150,2.36,12,0.19,3,0.05,92,1.44,313,4.92,1.98,15.59,1.21,9.46,4.25,41.53,25.02,2.2,12.2,109558,502793,38.2,224,7.52,30,1.01,47,1.58,130,4.37,72,2.42,82,2.75,39,1.31,2355,79.08,31.68,0.96,0.29,0.32,2.64,59.5,3.25,44296477.0693359,56944.5743046886
